ParticleSize,Pressure,HydraulicConductivity,UptakeRate,Diffusion,PenetrationDepth,MaxConcentration,DrugCoverage,DeliveryTime
20,15.0,8e-07,0.02,2.2706168345904495e-11,0.10101010101010101,0.5468612724646433,2.16,120.0
20,15.0,8e-07,0.03333333333333333,2.2706168345904495e-11,0.10101010101010101,0.3762199068791359,2.08,120.0
20,15.0,8e-07,0.04666666666666667,2.2706168345904495e-11,0.10101010101010101,0.2831237454573821,2.04,120.0
20,15.0,8e-07,0.06,2.2706168345904495e-11,0.10101010101010101,0.2260670816849699,2.02,120.0
20,15.0,8e-07,0.07333333333333333,2.2706168345904495e-11,0.10101010101010101,0.1879047146271278,1.68,120.0
20,15.0,8e-07,0.08666666666666667,2.2706168345904495e-11,0.10101010101010101,0.1606856142484491,1.52,120.0
20,15.0,8e-07,0.1,2.2706168345904495e-11,0.10101010101010101,0.14032245975966512,1.4200000000000002,120.0
20,15.0,1e-06,0.02,2.2706168345904495e-11,0.10101010101010101,0.6434905901700138,2.1999999999999997,120.0
20,15.0,1e-06,0.03333333333333333,2.2706168345904495e-11,0.10101010101010101,0.4515622959906217,2.1399999999999997,120.0
20,15.0,1e-06,0.04666666666666667,2.2706168345904495e-11,0.10101010101010101,0.3438012885641709,2.08,120.0
20,15.0,1e-06,0.06,2.2706168345904495e-11,0.10101010101010101,0.27644368729666335,2.04,120.0
20,15.0,1e-06,0.07333333333333333,2.2706168345904495e-11,0.10101010101010101,0.2308004966368984,2.02,120.0
20,15.0,1e-06,0.08666666666666667,2.2706168345904495e-11,0.10101010101010101,0.19796083167460016,1.76,120.0
20,15.0,1e-06,0.1,2.2706168345904495e-11,0.10101010101010101,0.17324435386265324,1.58,120.0
20,15.0,1.2e-06,0.02,2.2706168345904495e-11,0.20202020202020202,0.7245586641656291,2.3,120.0
20,15.0,1.2e-06,0.03333333333333333,2.2706168345904495e-11,0.10101010101010101,0.5194000266853196,2.16,120.0
20,15.0,1.2e-06,0.04666666666666667,2.2706168345904495e-11,0.10101010101010101,0.40034583773715554,2.1,120.0
20,15.0,1.2e-06,0.06,2.2706168345904495e-11,0.10101010101010101,0.32428442548352066,2.06,120.0
20,15.0,1.2e-06,0.07333333333333333,2.2706168345904495e-11,0.10101010101010101,0.27200569024929055,2.04,120.0
20,15.0,1.2e-06,0.08666666666666667,2.2706168345904495e-11,0.10101010101010101,0.23403621815406564,2.02,120.0
20,15.0,1.2e-06,0.1,2.2706168345904495e-11,0.10101010101010101,0.20527333722157326,1.8599999999999999,120.0
20,17.5,8e-07,0.02,2.2706168345904495e-11,0.10101010101010101,0.6130541986435961,2.18,120.0
20,17.5,8e-07,0.03333333333333333,2.2706168345904495e-11,0.10101010101010101,0.427291930783907,2.1,120.0
20,17.5,8e-07,0.04666666666666667,2.2706168345904495e-11,0.10101010101010101,0.3240359932904652,2.06,120.0
20,17.5,8e-07,0.06,2.2706168345904495e-11,0.10101010101010101,0.25993263034911024,2.04,120.0
20,17.5,8e-07,0.07333333333333333,2.2706168345904495e-11,0.10101010101010101,0.21668885499746363,2.02,120.0
20,17.5,8e-07,0.08666666666666667,2.2706168345904495e-11,0.10101010101010101,0.18566829450396272,1.66,120.0
20,17.5,8e-07,0.1,2.2706168345904495e-11,0.10101010101010101,0.16236898727916646,1.52,120.0
20,17.5,1e-06,0.02,2.2706168345904495e-11,0.20202020202020202,0.7120834783319403,2.2800000000000002,120.0
20,17.5,1e-06,0.03333333333333333,2.2706168345904495e-11,0.10101010101010101,0.5086041804294926,2.16,120.0
20,17.5,1e-06,0.04666666666666667,2.2706168345904495e-11,0.10101010101010101,0.391206792613085,2.1,120.0
20,17.5,1e-06,0.06,2.2706168345904495e-11,0.10101010101010101,0.3164872664345764,2.06,120.0
20,17.5,1e-06,0.07333333333333333,2.2706168345904495e-11,0.10101010101010101,0.2652561773267163,2.04,120.0
20,17.5,1e-06,0.08666666666666667,2.2706168345904495e-11,0.10101010101010101,0.2281075748967511,2.02,120.0
20,17.5,1e-06,0.1,2.2706168345904495e-11,0.10101010101010101,0.1999976736262883,1.78,120.0
20,17.5,1.2e-06,0.02,2.2706168345904495e-11,0.20202020202020202,0.7912422864583746,2.3800000000000003,120.0
20,17.5,1.2e-06,0.03333333333333333,2.2706168345904495e-11,0.10101010101010101,0.5800323009476706,2.22,120.0
20,17.5,1.2e-06,0.04666666666666667,2.2706168345904495e-11,0.10101010101010101,0.4528221081675661,2.1399999999999997,120.0
20,17.5,1.2e-06,0.06,2.2706168345904495e-11,0.10101010101010101,0.3695924902246322,2.08,120.0
20,17.5,1.2e-06,0.07333333333333333,2.2706168345904495e-11,0.10101010101010101,0.3115093086066638,2.06,120.0
20,17.5,1.2e-06,0.08666666666666667,2.2706168345904495e-11,0.10101010101010101,0.268899380718709,2.04,120.0
20,17.5,1.2e-06,0.1,2.2706168345904495e-11,0.10101010101010101,0.236398696445726,2.02,120.0
20,20.0,8e-07,0.02,2.2706168345904495e-11,0.20202020202020202,0.6721936070478465,2.26,120.0
20,20.0,8e-07,0.03333333333333333,2.2706168345904495e-11,0.10101010101010101,0.4749973251021624,2.1399999999999997,120.0
20,20.0,8e-07,0.04666666666666667,2.2706168345904495e-11,0.10101010101010101,0.36310681023614977,2.08,120.0
20,20.0,8e-07,0.06,2.2706168345904495e-11,0.10101010101010101,0.292672757872637,2.06,120.0
20,20.0,8e-07,0.07333333333333333,2.2706168345904495e-11,0.10101010101010101,0.2447241972964306,2.04,120.0
20,20.0,8e-07,0.08666666666666667,2.2706168345904495e-11,0.10101010101010101,0.21012000830109046,2.0,120.0
20,20.0,8e-07,0.1,2.2706168345904495e-11,0.10101010101010101,0.18402048517378142,1.6400000000000001,120.0
20,20.0,1e-06,0.02,2.2706168345904495e-11,0.20202020202020202,0.7705230905047478,2.36,120.0
20,20.0,1e-06,0.03333333333333333,2.2706168345904495e-11,0.10101010101010101,0.5605973806982733,2.18,120.0
20,20.0,1e-06,0.04666666666666667,2.2706168345904495e-11,0.10101010101010101,0.43577553073117714,2.1399999999999997,120.0
20,20.0,1e-06,0.06,2.2706168345904495e-11,0.10101010101010101,0.3547699243849159,2.08,120.0
20,20.0,1e-06,0.07333333333333333,2.2706168345904495e-11,0.10101010101010101,0.2985306745384477,2.06,120.0
20,20.0,1e-06,0.08666666666666667,2.2706168345904495e-11,0.10101010101010101,0.25741353522689553,2.04,120.0
20,20.0,1e-06,0.1,2.2706168345904495e-11,0.10101010101010101,0.22612451181712667,2.02,120.0
20,20.0,1.2e-06,0.02,2.2706168345904495e-11,0.20202020202020202,0.8450808714648139,2.44,120.0
20,20.0,1.2e-06,0.03333333333333333,2.2706168345904495e-11,0.20202020202020202,0.633898812969093,2.26,120.0
20,20.0,1.2e-06,0.04666666666666667,2.2706168345904495e-11,0.10101010101010101,0.5013530262624472,2.16,120.0
20,20.0,1.2e-06,0.06,2.2706168345904495e-11,0.10101010101010101,0.4123968654859912,2.1,120.0
20,20.0,1.2e-06,0.07333333333333333,2.2706168345904495e-11,0.10101010101010101,0.3493125446453409,2.08,120.0
20,20.0,1.2e-06,0.08666666666666667,2.2706168345904495e-11,0.10101010101010101,0.3025440253171525,2.06,120.0
20,20.0,1.2e-06,0.1,2.2706168345904495e-11,0.10101010101010101,0.26661293481892745,2.04,120.0
20,22.5,8e-07,0.02,2.2706168345904495e-11,0.20202020202020202,0.7245586641656291,2.3,120.0
20,22.5,8e-07,0.03333333333333333,2.2706168345904495e-11,0.10101010101010101,0.5194000266853196,2.16,120.0
20,22.5,8e-07,0.04666666666666667,2.2706168345904495e-11,0.10101010101010101,0.40034583773715554,2.1,120.0
20,22.5,8e-07,0.06,2.2706168345904495e-11,0.10101010101010101,0.32428442548352066,2.06,120.0
20,22.5,8e-07,0.07333333333333333,2.2706168345904495e-11,0.10101010101010101,0.27200569024929055,2.04,120.0
20,22.5,8e-07,0.08666666666666667,2.2706168345904495e-11,0.10101010101010101,0.23403621815406564,2.02,120.0
20,22.5,8e-07,0.1,2.2706168345904495e-11,0.10101010101010101,0.20527333722157326,1.8599999999999999,120.0
20,22.5,1e-06,0.02,2.2706168345904495e-11,0.20202020202020202,0.8196619570366499,2.4,120.0
20,22.5,1e-06,0.03333333333333333,2.2706168345904495e-11,0.20202020202020202,0.6077796326376936,2.2399999999999998,120.0
20,22.5,1e-06,0.04666666666666667,2.2706168345904495e-11,0.10101010101010101,0.4775711142822369,2.16,120.0
20,22.5,1e-06,0.06,2.2706168345904495e-11,0.10101010101010101,0.3913048953218499,2.1,120.0
20,22.5,1e-06,0.07333333333333333,2.2706168345904495e-11,0.10101010101010101,0.33062293284896604,2.08,120.0
20,22.5,1e-06,0.08666666666666667,2.2706168345904495e-11,0.10101010101010101,0.2858741666902744,2.06,120.0
20,22.5,1e-06,0.1,2.2706168345904495e-11,0.10101010101010101,0.25162004075100775,2.04,120.0
20,22.5,1.2e-06,0.02,2.2706168345904495e-11,0.20202020202020202,0.8877880758718153,2.52,120.0
20,22.5,1.2e-06,0.03333333333333333,2.2706168345904495e-11,0.20202020202020202,0.6815300264166282,2.32,120.0
20,22.5,1.2e-06,0.04666666666666667,2.2706168345904495e-11,0.10101010101010101,0.5461067158278595,2.18,120.0
20,22.5,1.2e-06,0.06,2.2706168345904495e-11,0.10101010101010101,0.4527491818981743,2.1399999999999997,120.0
20,22.5,1.2e-06,0.07333333333333333,2.2706168345904495e-11,0.10101010101010101,0.38542825634408456,2.1,120.0
20,22.5,1.2e-06,0.08666666666666667,2.2706168345904495e-11,0.10101010101010101,0.33497008716668314,2.08,120.0
20,22.5,1.2e-06,0.1,2.2706168345904495e-11,0.10101010101010101,0.2959120108393511,2.06,120.0
20,25.0,8e-07,0.02,2.2706168345904495e-11,0.20202020202020202,0.7705230905047478,2.36,120.0
20,25.0,8e-07,0.03333333333333333,2.2706168345904495e-11,0.10101010101010101,0.5605973806982731,2.18,120.0
20,25.0,8e-07,0.04666666666666667,2.2706168345904495e-11,0.10101010101010101,0.43577553073117714,2.1399999999999997,120.0
20,25.0,8e-07,0.06,2.2706168345904495e-11,0.10101010101010101,0.35476992438491584,2.08,120.0
20,25.0,8e-07,0.07333333333333333,2.2706168345904495e-11,0.10101010101010101,0.29853067453844767,2.06,120.0
20,25.0,8e-07,0.08666666666666667,2.2706168345904495e-11,0.10101010101010101,0.25741353522689553,2.04,120.0
20,25.0,8e-07,0.1,2.2706168345904495e-11,0.10101010101010101,0.22612451181712662,2.02,120.0
20,25.0,1e-06,0.02,2.2706168345904495e-11,0.20202020202020202,0.8604673810617702,2.48,120.0
20,25.0,1e-06,0.03333333333333333,2.2706168345904495e-11,0.20202020202020202,0.6504408925553937,2.3,120.0
20,25.0,1e-06,0.04666666666666667,2.2706168345904495e-11,0.10101010101010101,0.5166812977252234,2.16,120.0
20,25.0,1e-06,0.06,2.2706168345904495e-11,0.10101010101010101,0.4261169671337117,2.12,120.0
20,25.0,1e-06,0.07333333333333333,2.2706168345904495e-11,0.10101010101010101,0.3615376670695922,2.08,120.0
20,25.0,1e-06,0.08666666666666667,2.2706168345904495e-11,0.10101010101010101,0.31348793713584505,2.06,120.0
20,25.0,1e-06,0.1,2.2706168345904495e-11,0.10101010101010101,0.27648107635983726,2.04,120.0
20,25.0,1.2e-06,0.02,2.2706168345904495e-11,0.20202020202020202,0.9210735667805069,2.6,120.0
20,25.0,1.2e-06,0.03333333333333333,2.2706168345904495e-11,0.20202020202020202,0.7234960867376484,2.36,120.0
20,25.0,1.2e-06,0.04666666666666667,2.2706168345904495e-11,0.10101010101010101,0.5872815130798631,2.2399999999999998,120.0
20,25.0,1.2e-06,0.06,2.2706168345904495e-11,0.10101010101010101,0.4907193402418547,2.16,120.0
20,25.0,1.2e-06,0.07333333333333333,2.2706168345904495e-11,0.10101010101010101,0.41987978489102373,2.12,120.0
20,25.0,1.2e-06,0.08666666666666667,2.2706168345904495e-11,0.10101010101010101,0.3661835111728705,2.08,120.0
20,25.0,1.2e-06,0.1,2.2706168345904495e-11,0.10101010101010101,0.3242953915074254,2.06,120.0
40,15.0,8e-07,0.02,1.1353084172952247e-11,0.10101010101010101,0.5468612737233068,2.16,120.0
40,15.0,8e-07,0.03333333333333333,1.1353084172952247e-11,0.10101010101010101,0.37621990009317624,2.08,120.0
40,15.0,8e-07,0.04666666666666667,1.1353084172952247e-11,0.10101010101010101,0.2831237365841881,2.04,120.0
40,15.0,8e-07,0.06,1.1353084172952247e-11,0.10101010101010101,0.22606707261274891,2.02,120.0
40,15.0,8e-07,0.07333333333333333,1.1353084172952247e-11,0.10101010101010101,0.18790470595143496,1.68,120.0
40,15.0,8e-07,0.08666666666666667,1.1353084172952247e-11,0.10101010101010101,0.1606856061319354,1.52,120.0
40,15.0,8e-07,0.1,1.1353084172952247e-11,0.10101010101010101,0.14032245221574477,1.4200000000000002,120.0
40,15.0,1e-06,0.02,1.1353084172952247e-11,0.10101010101010101,0.6434905986798293,2.1999999999999997,120.0
40,15.0,1e-06,0.03333333333333333,1.1353084172952247e-11,0.10101010101010101,0.4515622936258273,2.1399999999999997,120.0
40,15.0,1e-06,0.04666666666666667,1.1353084172952247e-11,0.10101010101010101,0.3438012825565835,2.08,120.0
40,15.0,1e-06,0.06,1.1353084172952247e-11,0.10101010101010101,0.27644368019005894,2.04,120.0
40,15.0,1e-06,0.07333333333333333,1.1353084172952247e-11,0.10101010101010101,0.23080048937658443,2.02,120.0
40,15.0,1e-06,0.08666666666666667,1.1353084172952247e-11,0.10101010101010101,0.19796082461904005,1.76,120.0
40,15.0,1e-06,0.1,1.1353084172952247e-11,0.10101010101010101,0.17324434714057038,1.58,120.0
40,15.0,1.2e-06,0.02,1.1353084172952247e-11,0.20202020202020202,0.724558677532626,2.3,120.0
40,15.0,1.2e-06,0.03333333333333333,1.1353084172952247e-11,0.10101010101010101,0.5194000278231012,2.16,120.0
40,15.0,1.2e-06,0.04666666666666667,1.1353084172952247e-11,0.10101010101010101,0.4003458341989999,2.1,120.0
40,15.0,1.2e-06,0.06,1.1353084172952247e-11,0.10101010101010101,0.3242844201514683,2.06,120.0
40,15.0,1.2e-06,0.07333333333333333,1.1353084172952247e-11,0.10101010101010101,0.2720056843026182,2.04,120.0
40,15.0,1.2e-06,0.08666666666666667,1.1353084172952247e-11,0.10101010101010101,0.23403621210057893,2.02,120.0
40,15.0,1.2e-06,0.1,1.1353084172952247e-11,0.10101010101010101,0.20527333128484415,1.8599999999999999,120.0
40,17.5,8e-07,0.02,1.1353084172952247e-11,0.10101010101010101,0.6130542050127953,2.18,120.0
40,17.5,8e-07,0.03333333333333333,1.1353084172952247e-11,0.10101010101010101,0.4272919270492132,2.1,120.0
40,17.5,8e-07,0.04666666666666667,1.1353084172952247e-11,0.10101010101010101,0.32403598637163467,2.06,120.0
40,17.5,8e-07,0.06,1.1353084172952247e-11,0.10101010101010101,0.25993262260820343,2.04,120.0
40,17.5,8e-07,0.07333333333333333,1.1353084172952247e-11,0.10101010101010101,0.21668884727638033,2.02,120.0
40,17.5,8e-07,0.08666666666666667,1.1353084172952247e-11,0.10101010101010101,0.18566828710109284,1.66,120.0
40,17.5,8e-07,0.1,1.1353084172952247e-11,0.10101010101010101,0.16236898028705382,1.52,120.0
40,17.5,1e-06,0.02,1.1353084172952247e-11,0.20202020202020202,0.7120834910443681,2.2800000000000002,120.0
40,17.5,1e-06,0.03333333333333333,1.1353084172952247e-11,0.10101010101010101,0.508604181045045,2.16,120.0
40,17.5,1e-06,0.04666666666666667,1.1353084172952247e-11,0.10101010101010101,0.3912067886906611,2.1,120.0
40,17.5,1e-06,0.06,1.1353084172952247e-11,0.10101010101010101,0.316487260820216,2.06,120.0
40,17.5,1e-06,0.07333333333333333,1.1353084172952247e-11,0.10101010101010101,0.2652561711683702,2.04,120.0
40,17.5,1e-06,0.08666666666666667,1.1353084172952247e-11,0.10101010101010101,0.22810756868049556,2.02,120.0
40,17.5,1e-06,0.1,1.1353084172952247e-11,0.10101010101010101,0.19999766756131068,1.78,120.0
40,17.5,1.2e-06,0.02,1.1353084172952247e-11,0.20202020202020202,0.791242302598662,2.3800000000000003,120.0
40,17.5,1.2e-06,0.03333333333333333,1.1353084172952247e-11,0.10101010101010101,0.5800323047376177,2.22,120.0
40,17.5,1.2e-06,0.04666666666666667,1.1353084172952247e-11,0.10101010101010101,0.4528221067130512,2.1399999999999997,120.0
40,17.5,1.2e-06,0.06,1.1353084172952247e-11,0.10101010101010101,0.3695924864739439,2.08,120.0
40,17.5,1.2e-06,0.07333333333333333,1.1353084172952247e-11,0.10101010101010101,0.31150930386807996,2.06,120.0
40,17.5,1.2e-06,0.08666666666666667,1.1353084172952247e-11,0.10101010101010101,0.2688993756051877,2.04,120.0
40,17.5,1.2e-06,0.1,1.1353084172952247e-11,0.10101010101010101,0.23639869125547708,2.02,120.0
40,20.0,8e-07,0.02,1.1353084172952247e-11,0.20202020202020202,0.6721936174306823,2.26,120.0
40,20.0,8e-07,0.03333333333333333,1.1353084172952247e-11,0.10101010101010101,0.4749973240046908,2.1399999999999997,120.0
40,20.0,8e-07,0.04666666666666667,1.1353084172952247e-11,0.10101010101010101,0.3631068050956102,2.08,120.0
40,20.0,8e-07,0.06,1.1353084172952247e-11,0.10101010101010101,0.29267275137903864,2.06,120.0
40,20.0,8e-07,0.07333333333333333,1.1353084172952247e-11,0.10101010101010101,0.2447241904855551,2.04,120.0
40,20.0,8e-07,0.08666666666666667,1.1353084172952247e-11,0.10101010101010101,0.21012000158628588,2.0,120.0
40,20.0,8e-07,0.1,1.1353084172952247e-11,0.10101010101010101,0.18402047871766944,1.6400000000000001,120.0
40,20.0,1e-06,0.02,1.1353084172952247e-11,0.20202020202020202,0.7705231059273518,2.36,120.0
40,20.0,1e-06,0.03333333333333333,1.1353084172952247e-11,0.10101010101010101,0.5605973836924718,2.18,120.0
40,20.0,1e-06,0.04666666666666667,1.1353084172952247e-11,0.10101010101010101,0.43577552862360225,2.1399999999999997,120.0
40,20.0,1e-06,0.06,1.1353084172952247e-11,0.10101010101010101,0.3547699201284069,2.08,120.0
40,20.0,1e-06,0.07333333333333333,1.1353084172952247e-11,0.10101010101010101,0.29853066940900386,2.06,120.0
40,20.0,1e-06,0.08666666666666667,1.1353084172952247e-11,0.10101010101010101,0.25741352980709364,2.04,120.0
40,20.0,1e-06,0.1,1.1353084172952247e-11,0.10101010101010101,0.22612450638248896,2.02,120.0
40,20.0,1.2e-06,0.02,1.1353084172952247e-11,0.20202020202020202,0.845080888719379,2.44,120.0
40,20.0,1.2e-06,0.03333333333333333,1.1353084172952247e-11,0.20202020202020202,0.633898818671057,2.26,120.0
40,20.0,1.2e-06,0.04666666666666667,1.1353084172952247e-11,0.10101010101010101,0.5013530265325434,2.16,120.0
40,20.0,1.2e-06,0.06,1.1353084172952247e-11,0.10101010101010101,0.41239686312813817,2.1,120.0
40,20.0,1.2e-06,0.07333333333333333,1.1353084172952247e-11,0.10101010101010101,0.34931254100847087,2.08,120.0
40,20.0,1.2e-06,0.08666666666666667,1.1353084172952247e-11,0.10101010101010101,0.30254402107966766,2.06,120.0
40,20.0,1.2e-06,0.1,1.1353084172952247e-11,0.10101010101010101,0.26661293033459615,2.04,120.0
40,22.5,8e-07,0.02,1.1353084172952247e-11,0.20202020202020202,0.724558677532626,2.3,120.0
40,22.5,8e-07,0.03333333333333333,1.1353084172952247e-11,0.10101010101010101,0.5194000278231012,2.16,120.0
40,22.5,8e-07,0.04666666666666667,1.1353084172952247e-11,0.10101010101010101,0.4003458341989999,2.1,120.0
40,22.5,8e-07,0.06,1.1353084172952247e-11,0.10101010101010101,0.3242844201514683,2.06,120.0
40,22.5,8e-07,0.07333333333333333,1.1353084172952247e-11,0.10101010101010101,0.2720056843026182,2.04,120.0
40,22.5,8e-07,0.08666666666666667,1.1353084172952247e-11,0.10101010101010101,0.2340362121005789,2.02,120.0
40,22.5,8e-07,0.1,1.1353084172952247e-11,0.10101010101010101,0.20527333128484415,1.8599999999999999,120.0
40,22.5,1e-06,0.02,1.1353084172952247e-11,0.20202020202020202,0.8196619739127431,2.4,120.0
40,22.5,1e-06,0.03333333333333333,1.1353084172952247e-11,0.20202020202020202,0.6077796374682404,2.2399999999999998,120.0
40,22.5,1e-06,0.04666666666666667,1.1353084172952247e-11,0.10101010101010101,0.4775711137327566,2.16,120.0
40,22.5,1e-06,0.06,1.1353084172952247e-11,0.10101010101010101,0.3913048922906325,2.1,120.0
40,22.5,1e-06,0.07333333333333333,1.1353084172952247e-11,0.10101010101010101,0.3306229286744816,2.08,120.0
40,22.5,1e-06,0.08666666666666667,1.1353084172952247e-11,0.10101010101010101,0.285874162022824,2.06,120.0
40,22.5,1e-06,0.1,1.1353084172952247e-11,0.10101010101010101,0.2516200359188666,2.04,120.0
40,22.5,1.2e-06,0.02,1.1353084172952247e-11,0.20202020202020202,0.8877880930372625,2.52,120.0
40,22.5,1.2e-06,0.03333333333333333,1.1353084172952247e-11,0.20202020202020202,0.6815300334205444,2.32,120.0
40,22.5,1.2e-06,0.04666666666666667,1.1353084172952247e-11,0.10101010101010101,0.5461067175006177,2.18,120.0
40,22.5,1.2e-06,0.06,1.1353084172952247e-11,0.10101010101010101,0.45274918075440274,2.1399999999999997,120.0
40,22.5,1.2e-06,0.07333333333333333,1.1353084172952247e-11,0.10101010101010101,0.3854282537042737,2.1,120.0
40,22.5,1.2e-06,0.08666666666666667,1.1353084172952247e-11,0.10101010101010101,0.3349700837407797,2.08,120.0
40,22.5,1.2e-06,0.1,1.1353084172952247e-11,0.10101010101010101,0.29591200701936865,2.06,120.0
40,25.0,8e-07,0.02,1.1353084172952247e-11,0.20202020202020202,0.7705231059273517,2.36,120.0
40,25.0,8e-07,0.03333333333333333,1.1353084172952247e-11,0.10101010101010101,0.5605973836924718,2.18,120.0
40,25.0,8e-07,0.04666666666666667,1.1353084172952247e-11,0.10101010101010101,0.4357755286236022,2.1399999999999997,120.0
40,25.0,8e-07,0.06,1.1353084172952247e-11,0.10101010101010101,0.35476992012840686,2.08,120.0
40,25.0,8e-07,0.07333333333333333,1.1353084172952247e-11,0.10101010101010101,0.2985306694090038,2.06,120.0
40,25.0,8e-07,0.08666666666666667,1.1353084172952247e-11,0.10101010101010101,0.25741352980709364,2.04,120.0
40,25.0,8e-07,0.1,1.1353084172952247e-11,0.10101010101010101,0.22612450638248893,2.02,120.0
40,25.0,1e-06,0.02,1.1353084172952247e-11,0.20202020202020202,0.8604673983984739,2.48,120.0
40,25.0,1e-06,0.03333333333333333,1.1353084172952247e-11,0.20202020202020202,0.6504408987525515,2.3,120.0
40,25.0,1e-06,0.04666666666666667,1.1353084172952247e-11,0.10101010101010101,0.5166812984966385,2.16,120.0
40,25.0,1e-06,0.06,1.1353084172952247e-11,0.10101010101010101,0.42611696519981984,2.12,120.0
40,25.0,1e-06,0.07333333333333333,1.1353084172952247e-11,0.10101010101010101,0.3615376637765558,2.08,120.0
40,25.0,1e-06,0.08666666666666667,1.1353084172952247e-11,0.10101010101010101,0.31348793317604096,2.06,120.0
40,25.0,1e-06,0.1,1.1353084172952247e-11,0.10101010101010101,0.2764810721016051,2.04,120.0
40,25.0,1.2e-06,0.02,1.1353084172952247e-11,0.20202020202020202,0.921073583066258,2.6,120.0
40,25.0,1.2e-06,0.03333333333333333,1.1353084172952247e-11,0.20202020202020202,0.7234960945625817,2.36,120.0
40,25.0,1.2e-06,0.04666666666666667,1.1353084172952247e-11,0.10101010101010101,0.5872815158746417,2.2399999999999998,120.0
40,25.0,1.2e-06,0.06,1.1353084172952247e-11,0.10101010101010101,0.4907193401464456,2.16,120.0
40,25.0,1.2e-06,0.07333333333333333,1.1353084172952247e-11,0.10101010101010101,0.41987978314730223,2.12,120.0
40,25.0,1.2e-06,0.08666666666666667,1.1353084172952247e-11,0.10101010101010101,0.3661835084946826,2.08,120.0
40,25.0,1.2e-06,0.1,1.1353084172952247e-11,0.10101010101010101,0.32429538830984933,2.06,120.0
60,15.0,8e-07,0.02,7.568722781968164e-12,0.10101010101010101,0.5468612741428613,2.16,120.0
60,15.0,8e-07,0.03333333333333333,7.568722781968164e-12,0.10101010101010101,0.3762198978311895,2.08,120.0
60,15.0,8e-07,0.04666666666666667,7.568722781968164e-12,0.10101010101010101,0.28312373362645704,2.04,120.0
60,15.0,8e-07,0.06,7.568722781968164e-12,0.10101010101010101,0.22606706958867498,2.02,120.0
60,15.0,8e-07,0.07333333333333333,7.568722781968164e-12,0.10101010101010101,0.18790470305953724,1.68,120.0
60,15.0,8e-07,0.08666666666666667,7.568722781968164e-12,0.10101010101010101,0.16068560342643068,1.52,120.0
60,15.0,8e-07,0.1,7.568722781968164e-12,0.10101010101010101,0.14032244970110444,1.4200000000000002,120.0
60,15.0,1e-06,0.02,7.568722781968164e-12,0.10101010101010101,0.6434906015164351,2.1999999999999997,120.0
60,15.0,1e-06,0.03333333333333333,7.568722781968164e-12,0.10101010101010101,0.45156229283756205,2.1399999999999997,120.0
60,15.0,1e-06,0.04666666666666667,7.568722781968164e-12,0.10101010101010101,0.34380128055405407,2.08,120.0
60,15.0,1e-06,0.06,7.568722781968164e-12,0.10101010101010101,0.27644367782119006,2.04,120.0
60,15.0,1e-06,0.07333333333333333,7.568722781968164e-12,0.10101010101010101,0.23080048695647948,2.02,120.0
60,15.0,1e-06,0.08666666666666667,7.568722781968164e-12,0.10101010101010101,0.1979608222671865,1.76,120.0
60,15.0,1e-06,0.1,7.568722781968164e-12,0.10101010101010101,0.17324434489987617,1.58,120.0
60,15.0,1.2e-06,0.02,7.568722781968164e-12,0.20202020202020202,0.7245586819882921,2.3,120.0
60,15.0,1.2e-06,0.03333333333333333,7.568722781968164e-12,0.10101010101010101,0.5194000282023611,2.16,120.0
60,15.0,1.2e-06,0.04666666666666667,7.568722781968164e-12,0.10101010101010101,0.40034583301961413,2.1,120.0
60,15.0,1.2e-06,0.06,7.568722781968164e-12,0.10101010101010101,0.32428441837411764,2.06,120.0
60,15.0,1.2e-06,0.07333333333333333,7.568722781968164e-12,0.10101010101010101,0.2720056823203939,2.04,120.0
60,15.0,1.2e-06,0.08666666666666667,7.568722781968164e-12,0.10101010101010101,0.23403621008274977,2.02,120.0
60,15.0,1.2e-06,0.1,7.568722781968164e-12,0.10101010101010101,0.20527332930593445,1.8599999999999999,120.0
60,17.5,8e-07,0.02,7.568722781968164e-12,0.10101010101010101,0.613054207135862,2.18,120.0
60,17.5,8e-07,0.03333333333333333,7.568722781968164e-12,0.10101010101010101,0.4272919258043154,2.1,120.0
60,17.5,8e-07,0.04666666666666667,7.568722781968164e-12,0.10101010101010101,0.3240359840653574,2.06,120.0
60,17.5,8e-07,0.06,7.568722781968164e-12,0.10101010101010101,0.25993262002790074,2.04,120.0
60,17.5,8e-07,0.07333333333333333,7.568722781968164e-12,0.10101010101010101,0.21668884470268582,2.02,120.0
60,17.5,8e-07,0.08666666666666667,7.568722781968164e-12,0.10101010101010101,0.18566828463346938,1.66,120.0
60,17.5,8e-07,0.1,7.568722781968164e-12,0.10101010101010101,0.16236897795634958,1.52,120.0
60,17.5,1e-06,0.02,7.568722781968164e-12,0.20202020202020202,0.7120834952818436,2.2800000000000002,120.0
60,17.5,1e-06,0.03333333333333333,7.568722781968164e-12,0.10101010101010101,0.5086041812502295,2.16,120.0
60,17.5,1e-06,0.04666666666666667,7.568722781968164e-12,0.10101010101010101,0.3912067873831867,2.1,120.0
60,17.5,1e-06,0.06,7.568722781968164e-12,0.10101010101010101,0.3164872589487623,2.06,120.0
60,17.5,1e-06,0.07333333333333333,7.568722781968164e-12,0.10101010101010101,0.2652561691155878,2.04,120.0
60,17.5,1e-06,0.08666666666666667,7.568722781968164e-12,0.10101010101010101,0.2281075666084105,2.02,120.0
60,17.5,1e-06,0.1,7.568722781968164e-12,0.10101010101010101,0.19999766553965134,1.78,120.0
60,17.5,1.2e-06,0.02,7.568722781968164e-12,0.20202020202020202,0.7912423079787595,2.3800000000000003,120.0
60,17.5,1.2e-06,0.03333333333333333,7.568722781968164e-12,0.10101010101010101,0.5800323060009337,2.22,120.0
60,17.5,1.2e-06,0.04666666666666667,7.568722781968164e-12,0.10101010101010101,0.45282210622821323,2.1399999999999997,120.0
60,17.5,1.2e-06,0.06,7.568722781968164e-12,0.10101010101010101,0.3695924852237141,2.08,120.0
60,17.5,1.2e-06,0.07333333333333333,7.568722781968164e-12,0.10101010101010101,0.3115093022885517,2.06,120.0
60,17.5,1.2e-06,0.08666666666666667,7.568722781968164e-12,0.10101010101010101,0.2688993739006807,2.04,120.0
60,17.5,1.2e-06,0.1,7.568722781968164e-12,0.10101010101010101,0.23639868952539397,2.02,120.0
60,20.0,8e-07,0.02,7.568722781968164e-12,0.20202020202020202,0.6721936208916267,2.26,120.0
60,20.0,8e-07,0.03333333333333333,7.568722781968164e-12,0.10101010101010101,0.47499732363886693,2.1399999999999997,120.0
60,20.0,8e-07,0.04666666666666667,7.568722781968164e-12,0.10101010101010101,0.36310680338209694,2.08,120.0
60,20.0,8e-07,0.06,7.568722781968164e-12,0.10101010101010101,0.2926727492145062,2.06,120.0
60,20.0,8e-07,0.07333333333333333,7.568722781968164e-12,0.10101010101010101,0.24472418821526315,2.04,120.0
60,20.0,8e-07,0.08666666666666667,7.568722781968164e-12,0.10101010101010101,0.21011999934801784,2.0,120.0
60,20.0,8e-07,0.1,7.568722781968164e-12,0.10101010101010101,0.18402047656563209,1.6400000000000001,120.0
60,20.0,1e-06,0.02,7.568722781968164e-12,0.20202020202020202,0.7705231110682196,2.36,120.0
60,20.0,1e-06,0.03333333333333333,7.568722781968164e-12,0.10101010101010101,0.560597384690539,2.18,120.0
60,20.0,1e-06,0.04666666666666667,7.568722781968164e-12,0.10101010101010101,0.4357755279210773,2.1399999999999997,120.0
60,20.0,1e-06,0.06,7.568722781968164e-12,0.10101010101010101,0.3547699187095701,2.08,120.0
60,20.0,1e-06,0.07333333333333333,7.568722781968164e-12,0.10101010101010101,0.29853066769918907,2.06,120.0
60,20.0,1e-06,0.08666666666666667,7.568722781968164e-12,0.10101010101010101,0.25741352800049305,2.04,120.0
60,20.0,1e-06,0.1,7.568722781968164e-12,0.10101010101010101,0.22612450457094288,2.02,120.0
60,20.0,1.2e-06,0.02,7.568722781968164e-12,0.20202020202020202,0.8450808944708997,2.44,120.0
60,20.0,1.2e-06,0.03333333333333333,7.568722781968164e-12,0.20202020202020202,0.6338988205717114,2.26,120.0
60,20.0,1.2e-06,0.04666666666666667,7.568722781968164e-12,0.10101010101010101,0.5013530266225753,2.16,120.0
60,20.0,1.2e-06,0.06,7.568722781968164e-12,0.10101010101010101,0.4123968623421875,2.1,120.0
60,20.0,1.2e-06,0.07333333333333333,7.568722781968164e-12,0.10101010101010101,0.3493125397961809,2.08,120.0
60,20.0,1.2e-06,0.08666666666666667,7.568722781968164e-12,0.10101010101010101,0.3025440196671725,2.06,120.0
60,20.0,1.2e-06,0.1,7.568722781968164e-12,0.10101010101010101,0.26661292883981885,2.04,120.0
60,22.5,8e-07,0.02,7.568722781968164e-12,0.20202020202020202,0.724558681988292,2.3,120.0
60,22.5,8e-07,0.03333333333333333,7.568722781968164e-12,0.10101010101010101,0.5194000282023611,2.16,120.0
60,22.5,8e-07,0.04666666666666667,7.568722781968164e-12,0.10101010101010101,0.40034583301961413,2.1,120.0
60,22.5,8e-07,0.06,7.568722781968164e-12,0.10101010101010101,0.32428441837411764,2.06,120.0
60,22.5,8e-07,0.07333333333333333,7.568722781968164e-12,0.10101010101010101,0.2720056823203939,2.04,120.0
60,22.5,8e-07,0.08666666666666667,7.568722781968164e-12,0.10101010101010101,0.23403621008274977,2.02,120.0
60,22.5,8e-07,0.1,7.568722781968164e-12,0.10101010101010101,0.20527332930593445,1.8599999999999999,120.0
60,22.5,1e-06,0.02,7.568722781968164e-12,0.20202020202020202,0.8196619795381089,2.4,120.0
60,22.5,1e-06,0.03333333333333333,7.568722781968164e-12,0.20202020202020202,0.6077796390784234,2.2399999999999998,120.0
60,22.5,1e-06,0.04666666666666667,7.568722781968164e-12,0.10101010101010101,0.4775711135495968,2.16,120.0
60,22.5,1e-06,0.06,7.568722781968164e-12,0.10101010101010101,0.39130489128022705,2.1,120.0
60,22.5,1e-06,0.07333333333333333,7.568722781968164e-12,0.10101010101010101,0.33062292728298676,2.08,120.0
60,22.5,1e-06,0.08666666666666667,7.568722781968164e-12,0.10101010101010101,0.28587416046700714,2.06,120.0
60,22.5,1e-06,0.1,7.568722781968164e-12,0.10101010101010101,0.25162003430815266,2.04,120.0
60,22.5,1.2e-06,0.02,7.568722781968164e-12,0.20202020202020202,0.8877880987590794,2.52,120.0
60,22.5,1.2e-06,0.03333333333333333,7.568722781968164e-12,0.20202020202020202,0.6815300357551841,2.32,120.0
60,22.5,1.2e-06,0.04666666666666667,7.568722781968164e-12,0.10101010101010101,0.5461067180582051,2.18,120.0
60,22.5,1.2e-06,0.06,7.568722781968164e-12,0.10101010101010101,0.45274918037314577,2.1399999999999997,120.0
60,22.5,1.2e-06,0.07333333333333333,7.568722781968164e-12,0.10101010101010101,0.3854282528243369,2.1,120.0
60,22.5,1.2e-06,0.08666666666666667,7.568722781968164e-12,0.10101010101010101,0.33497008259881145,2.08,120.0
60,22.5,1.2e-06,0.1,7.568722781968164e-12,0.10101010101010101,0.295912005746041,2.06,120.0
60,25.0,8e-07,0.02,7.568722781968164e-12,0.20202020202020202,0.7705231110682196,2.36,120.0
60,25.0,8e-07,0.03333333333333333,7.568722781968164e-12,0.10101010101010101,0.5605973846905389,2.18,120.0
60,25.0,8e-07,0.04666666666666667,7.568722781968164e-12,0.10101010101010101,0.43577552792107727,2.1399999999999997,120.0
60,25.0,8e-07,0.06,7.568722781968164e-12,0.10101010101010101,0.35476991870957,2.08,120.0
60,25.0,8e-07,0.07333333333333333,7.568722781968164e-12,0.10101010101010101,0.29853066769918907,2.06,120.0
60,25.0,8e-07,0.08666666666666667,7.568722781968164e-12,0.10101010101010101,0.257413528000493,2.04,120.0
60,25.0,8e-07,0.1,7.568722781968164e-12,0.10101010101010101,0.22612450457094285,2.02,120.0
60,25.0,1e-06,0.02,7.568722781968164e-12,0.20202020202020202,0.8604674041773763,2.48,120.0
60,25.0,1e-06,0.03333333333333333,7.568722781968164e-12,0.20202020202020202,0.6504409008182719,2.3,120.0
60,25.0,1e-06,0.04666666666666667,7.568722781968164e-12,0.10101010101010101,0.5166812987537763,2.16,120.0
60,25.0,1e-06,0.06,7.568722781968164e-12,0.10101010101010101,0.4261169645551892,2.12,120.0
60,25.0,1e-06,0.07333333333333333,7.568722781968164e-12,0.10101010101010101,0.3615376626788773,2.08,120.0
60,25.0,1e-06,0.08666666666666667,7.568722781968164e-12,0.10101010101010101,0.31348793185610585,2.06,120.0
60,25.0,1e-06,0.1,7.568722781968164e-12,0.10101010101010101,0.27648107068219435,2.04,120.0
60,25.0,1.2e-06,0.02,7.568722781968164e-12,0.20202020202020202,0.9210735884948422,2.6,120.0
60,25.0,1.2e-06,0.03333333333333333,7.568722781968164e-12,0.20202020202020202,0.7234960971708925,2.36,120.0
60,25.0,1.2e-06,0.04666666666666667,7.568722781968164e-12,0.10101010101010101,0.5872815168062344,2.2399999999999998,120.0
60,25.0,1.2e-06,0.06,7.568722781968164e-12,0.10101010101010101,0.4907193401146425,2.16,120.0
60,25.0,1.2e-06,0.07333333333333333,7.568722781968164e-12,0.10101010101010101,0.4198797825660616,2.12,120.0
60,25.0,1.2e-06,0.08666666666666667,7.568722781968164e-12,0.10101010101010101,0.36618350760195323,2.08,120.0
60,25.0,1.2e-06,0.1,7.568722781968164e-12,0.10101010101010101,0.3242953872439903,2.06,120.0
80,15.0,8e-07,0.02,5.676542086476124e-12,0.10101010101010101,0.5468612743526386,2.16,120.0
80,15.0,8e-07,0.03333333333333333,5.676542086476124e-12,0.10101010101010101,0.37621989670019573,2.08,120.0
80,15.0,8e-07,0.04666666666666667,5.676542086476124e-12,0.10101010101010101,0.28312373214759173,2.04,120.0
80,15.0,8e-07,0.06,5.676542086476124e-12,0.10101010101010101,0.22606706807663796,2.02,120.0
80,15.0,8e-07,0.07333333333333333,5.676542086476124e-12,0.10101010101010101,0.18790470161358835,1.68,120.0
80,15.0,8e-07,0.08666666666666667,5.676542086476124e-12,0.10101010101010101,0.1606856020736783,1.52,120.0
80,15.0,8e-07,0.1,5.676542086476124e-12,0.10101010101010101,0.1403224484437843,1.4200000000000002,120.0
80,15.0,1e-06,0.02,5.676542086476124e-12,0.10101010101010101,0.643490602934738,2.1999999999999997,120.0
80,15.0,1e-06,0.03333333333333333,5.676542086476124e-12,0.10101010101010101,0.4515622924434301,2.1399999999999997,120.0
80,15.0,1e-06,0.04666666666666667,5.676542086476124e-12,0.10101010101010101,0.34380127955278916,2.08,120.0
80,15.0,1e-06,0.06,5.676542086476124e-12,0.10101010101010101,0.2764436766367558,2.04,120.0
80,15.0,1e-06,0.07333333333333333,5.676542086476124e-12,0.10101010101010101,0.23080048574642723,2.02,120.0
80,15.0,1e-06,0.08666666666666667,5.676542086476124e-12,0.10101010101010101,0.1979608210912598,1.76,120.0
80,15.0,1e-06,0.1,5.676542086476124e-12,0.10101010101010101,0.1732443437795289,1.58,120.0
80,15.0,1.2e-06,0.02,5.676542086476124e-12,0.20202020202020202,0.7245586842161242,2.3,120.0
80,15.0,1.2e-06,0.03333333333333333,5.676542086476124e-12,0.10101010101010101,0.5194000283919917,2.16,120.0
80,15.0,1.2e-06,0.04666666666666667,5.676542086476124e-12,0.10101010101010101,0.40034583242992156,2.1,120.0
80,15.0,1.2e-06,0.06,5.676542086476124e-12,0.10101010101010101,0.3242844174854425,2.06,120.0
80,15.0,1.2e-06,0.07333333333333333,5.676542086476124e-12,0.10101010101010101,0.27200568132928193,2.04,120.0
80,15.0,1.2e-06,0.08666666666666667,5.676542086476124e-12,0.10101010101010101,0.2340362090738354,2.02,120.0
80,15.0,1.2e-06,0.1,5.676542086476124e-12,0.10101010101010101,0.2052733283164796,1.8599999999999999,120.0
80,17.5,8e-07,0.02,5.676542086476124e-12,0.10101010101010101,0.6130542081973966,2.18,120.0
80,17.5,8e-07,0.03333333333333333,5.676542086476124e-12,0.10101010101010101,0.4272919251818666,2.1,120.0
80,17.5,8e-07,0.04666666666666667,5.676542086476124e-12,0.10101010101010101,0.32403598291221947,2.06,120.0
80,17.5,8e-07,0.06,5.676542086476124e-12,0.10101010101010101,0.2599326187377499,2.04,120.0
80,17.5,8e-07,0.07333333333333333,5.676542086476124e-12,0.10101010101010101,0.21668884341583838,2.02,120.0
80,17.5,8e-07,0.08666666666666667,5.676542086476124e-12,0.10101010101010101,0.18566828339965769,1.66,120.0
80,17.5,8e-07,0.1,5.676542086476124e-12,0.10101010101010101,0.16236897679099738,1.52,120.0
80,17.5,1e-06,0.02,5.676542086476124e-12,0.20202020202020202,0.7120834974005815,2.2800000000000002,120.0
80,17.5,1e-06,0.03333333333333333,5.676542086476124e-12,0.10101010101010101,0.5086041813528208,2.16,120.0
80,17.5,1e-06,0.04666666666666667,5.676542086476124e-12,0.10101010101010101,0.39120678672944925,2.1,120.0
80,17.5,1e-06,0.06,5.676542086476124e-12,0.10101010101010101,0.31648725801303507,2.06,120.0
80,17.5,1e-06,0.07333333333333333,5.676542086476124e-12,0.10101010101010101,0.2652561680891969,2.04,120.0
80,17.5,1e-06,0.08666666666666667,5.676542086476124e-12,0.10101010101010101,0.2281075655723678,2.02,120.0
80,17.5,1e-06,0.1,5.676542086476124e-12,0.10101010101010101,0.19999766452882178,1.78,120.0
80,17.5,1.2e-06,0.02,5.676542086476124e-12,0.20202020202020202,0.7912423106688079,2.3800000000000003,120.0
80,17.5,1.2e-06,0.03333333333333333,5.676542086476124e-12,0.10101010101010101,0.5800323066325912,2.22,120.0
80,17.5,1.2e-06,0.04666666666666667,5.676542086476124e-12,0.10101010101010101,0.45282210598579414,2.1399999999999997,120.0
80,17.5,1.2e-06,0.06,5.676542086476124e-12,0.10101010101010101,0.3695924845985995,2.08,120.0
80,17.5,1.2e-06,0.07333333333333333,5.676542086476124e-12,0.10101010101010101,0.31150930149878797,2.06,120.0
80,17.5,1.2e-06,0.08666666666666667,5.676542086476124e-12,0.10101010101010101,0.2688993730484268,2.04,120.0
80,17.5,1.2e-06,0.1,5.676542086476124e-12,0.10101010101010101,0.23639868866035246,2.02,120.0
80,20.0,8e-07,0.02,5.676542086476124e-12,0.20202020202020202,0.6721936226220989,2.26,120.0
80,20.0,8e-07,0.03333333333333333,5.676542086476124e-12,0.10101010101010101,0.47499732345595486,2.1399999999999997,120.0
80,20.0,8e-07,0.04666666666666667,5.676542086476124e-12,0.10101010101010101,0.36310680252533994,2.08,120.0
80,20.0,8e-07,0.06,5.676542086476124e-12,0.10101010101010101,0.29267274813223976,2.06,120.0
80,20.0,8e-07,0.07333333333333333,5.676542086476124e-12,0.10101010101010101,0.24472418708011723,2.04,120.0
80,20.0,8e-07,0.08666666666666667,5.676542086476124e-12,0.10101010101010101,0.2101199982288837,2.0,120.0
80,20.0,8e-07,0.1,5.676542086476124e-12,0.10101010101010101,0.18402047548961337,1.6400000000000001,120.0
80,20.0,1e-06,0.02,5.676542086476124e-12,0.20202020202020202,0.7705231136386541,2.36,120.0
80,20.0,1e-06,0.03333333333333333,5.676542086476124e-12,0.10101010101010101,0.5605973851895719,2.18,120.0
80,20.0,1e-06,0.04666666666666667,5.676542086476124e-12,0.10101010101010101,0.43577552756981464,2.1399999999999997,120.0
80,20.0,1e-06,0.06,5.676542086476124e-12,0.10101010101010101,0.354769918000152,2.08,120.0
80,20.0,1e-06,0.07333333333333333,5.676542086476124e-12,0.10101010101010101,0.2985306668442817,2.06,120.0
80,20.0,1e-06,0.08666666666666667,5.676542086476124e-12,0.10101010101010101,0.2574135270971927,2.04,120.0
80,20.0,1e-06,0.1,5.676542086476124e-12,0.10101010101010101,0.22612450366517,2.02,120.0
80,20.0,1.2e-06,0.02,5.676542086476124e-12,0.20202020202020202,0.8450808973466606,2.44,120.0
80,20.0,1.2e-06,0.03333333333333333,5.676542086476124e-12,0.20202020202020202,0.6338988215220382,2.26,120.0
80,20.0,1.2e-06,0.04666666666666667,5.676542086476124e-12,0.10101010101010101,0.501353026667592,2.16,120.0
80,20.0,1.2e-06,0.06,5.676542086476124e-12,0.10101010101010101,0.41239686194921155,2.1,120.0
80,20.0,1.2e-06,0.07333333333333333,5.676542086476124e-12,0.10101010101010101,0.3493125391900354,2.08,120.0
80,20.0,1.2e-06,0.08666666666666667,5.676542086476124e-12,0.10101010101010101,0.3025440189609252,2.06,120.0
80,20.0,1.2e-06,0.1,5.676542086476124e-12,0.10101010101010101,0.2666129280924304,2.04,120.0
80,22.5,8e-07,0.02,5.676542086476124e-12,0.20202020202020202,0.7245586842161242,2.3,120.0
80,22.5,8e-07,0.03333333333333333,5.676542086476124e-12,0.10101010101010101,0.5194000283919916,2.16,120.0
80,22.5,8e-07,0.04666666666666667,5.676542086476124e-12,0.10101010101010101,0.4003458324299215,2.1,120.0
80,22.5,8e-07,0.06,5.676542086476124e-12,0.10101010101010101,0.3242844174854425,2.06,120.0
80,22.5,8e-07,0.07333333333333333,5.676542086476124e-12,0.10101010101010101,0.27200568132928193,2.04,120.0
80,22.5,8e-07,0.08666666666666667,5.676542086476124e-12,0.10101010101010101,0.2340362090738354,2.02,120.0
80,22.5,8e-07,0.1,5.676542086476124e-12,0.10101010101010101,0.2052733283164796,1.8599999999999999,120.0
80,22.5,1e-06,0.02,5.676542086476124e-12,0.20202020202020202,0.8196619823507907,2.4,120.0
80,22.5,1e-06,0.03333333333333333,5.676542086476124e-12,0.20202020202020202,0.607779639883514,2.2399999999999998,120.0
80,22.5,1e-06,0.04666666666666667,5.676542086476124e-12,0.10101010101010101,0.4775711134580163,2.16,120.0
80,22.5,1e-06,0.06,5.676542086476124e-12,0.10101010101010101,0.3913048907750238,2.1,120.0
80,22.5,1e-06,0.07333333333333333,5.676542086476124e-12,0.10101010101010101,0.33062292658723913,2.08,120.0
80,22.5,1e-06,0.08666666666666667,5.676542086476124e-12,0.10101010101010101,0.2858741596890983,2.06,120.0
80,22.5,1e-06,0.1,5.676542086476124e-12,0.10101010101010101,0.2516200335027957,2.04,120.0
80,22.5,1.2e-06,0.02,5.676542086476124e-12,0.20202020202020202,0.8877881016199879,2.52,120.0
80,22.5,1.2e-06,0.03333333333333333,5.676542086476124e-12,0.20202020202020202,0.6815300369225038,2.32,120.0
80,22.5,1.2e-06,0.04666666666666667,5.676542086476124e-12,0.10101010101010101,0.5461067183369976,2.18,120.0
80,22.5,1.2e-06,0.06,5.676542086476124e-12,0.10101010101010101,0.4527491801825172,2.1399999999999997,120.0
80,22.5,1.2e-06,0.07333333333333333,5.676542086476124e-12,0.10101010101010101,0.38542825238436834,2.1,120.0
80,22.5,1.2e-06,0.08666666666666667,5.676542086476124e-12,0.10101010101010101,0.3349700820278278,2.08,120.0
80,22.5,1.2e-06,0.1,5.676542086476124e-12,0.10101010101010101,0.2959120051093776,2.06,120.0
80,25.0,8e-07,0.02,5.676542086476124e-12,0.20202020202020202,0.770523113638654,2.36,120.0
80,25.0,8e-07,0.03333333333333333,5.676542086476124e-12,0.10101010101010101,0.5605973851895718,2.18,120.0
80,25.0,8e-07,0.04666666666666667,5.676542086476124e-12,0.10101010101010101,0.4357755275698145,2.1399999999999997,120.0
80,25.0,8e-07,0.06,5.676542086476124e-12,0.10101010101010101,0.3547699180001519,2.08,120.0
80,25.0,8e-07,0.07333333333333333,5.676542086476124e-12,0.10101010101010101,0.2985306668442816,2.06,120.0
80,25.0,8e-07,0.08666666666666667,5.676542086476124e-12,0.10101010101010101,0.2574135270971926,2.04,120.0
80,25.0,8e-07,0.1,5.676542086476124e-12,0.10101010101010101,0.22612450366516998,2.02,120.0
80,25.0,1e-06,0.02,5.676542086476124e-12,0.20202020202020202,0.8604674070668273,2.48,120.0
80,25.0,1e-06,0.03333333333333333,5.676542086476124e-12,0.20202020202020202,0.6504409018511322,2.3,120.0
80,25.0,1e-06,0.04666666666666667,5.676542086476124e-12,0.10101010101010101,0.5166812988823454,2.16,120.0
80,25.0,1e-06,0.06,5.676542086476124e-12,0.10101010101010101,0.42611696423287415,2.12,120.0
80,25.0,1e-06,0.07333333333333333,5.676542086476124e-12,0.10101010101010101,0.3615376621300379,2.08,120.0
80,25.0,1e-06,0.08666666666666667,5.676542086476124e-12,0.10101010101010101,0.3134879311961387,2.06,120.0
80,25.0,1e-06,0.1,5.676542086476124e-12,0.10101010101010101,0.2764810699724891,2.04,120.0
80,25.0,1.2e-06,0.02,5.676542086476124e-12,0.20202020202020202,0.9210735912091336,2.6,120.0
80,25.0,1.2e-06,0.03333333333333333,5.676542086476124e-12,0.20202020202020202,0.723496098475048,2.36,120.0
80,25.0,1.2e-06,0.04666666666666667,5.676542086476124e-12,0.10101010101010101,0.5872815172720312,2.2399999999999998,120.0
80,25.0,1.2e-06,0.06,5.676542086476124e-12,0.10101010101010101,0.49071934009874096,2.16,120.0
80,25.0,1.2e-06,0.07333333333333333,5.676542086476124e-12,0.10101010101010101,0.4198797822754412,2.12,120.0
80,25.0,1.2e-06,0.08666666666666667,5.676542086476124e-12,0.10101010101010101,0.36618350715558856,2.08,120.0
80,25.0,1.2e-06,0.1,5.676542086476124e-12,0.10101010101010101,0.3242953867110612,2.06,120.0
100,15.0,8e-07,0.02,4.5412336691808984e-12,0.10101010101010101,0.5468612744785046,2.16,120.0
100,15.0,8e-07,0.03333333333333333,4.5412336691808984e-12,0.10101010101010101,0.3762198960215999,2.08,120.0
100,15.0,8e-07,0.04666666666666667,4.5412336691808984e-12,0.10101010101010101,0.2831237312602717,2.04,120.0
100,15.0,8e-07,0.06,4.5412336691808984e-12,0.10101010101010101,0.2260670671694159,2.02,120.0
100,15.0,8e-07,0.07333333333333333,4.5412336691808984e-12,0.10101010101010101,0.18790470074601925,1.68,120.0
100,15.0,8e-07,0.08666666666666667,4.5412336691808984e-12,0.10101010101010101,0.16068560126202697,1.52,120.0
100,15.0,8e-07,0.1,4.5412336691808984e-12,0.10101010101010101,0.14032244768939225,1.4200000000000002,120.0
100,15.0,1e-06,0.02,4.5412336691808984e-12,0.10101010101010101,0.6434906037857189,2.1999999999999997,120.0
100,15.0,1e-06,0.03333333333333333,4.5412336691808984e-12,0.10101010101010101,0.45156229220695027,2.1399999999999997,120.0
100,15.0,1e-06,0.04666666666666667,4.5412336691808984e-12,0.10101010101010101,0.3438012789520309,2.08,120.0
100,15.0,1e-06,0.06,4.5412336691808984e-12,0.10101010101010101,0.2764436759260955,2.04,120.0
100,15.0,1e-06,0.07333333333333333,4.5412336691808984e-12,0.10101010101010101,0.23080048502039563,2.02,120.0
100,15.0,1e-06,0.08666666666666667,4.5412336691808984e-12,0.10101010101010101,0.19796082038570367,1.76,120.0
100,15.0,1e-06,0.1,4.5412336691808984e-12,0.10101010101010101,0.17324434310732084,1.58,120.0
100,15.0,1.2e-06,0.02,4.5412336691808984e-12,0.20202020202020202,0.7245586855528241,2.3,120.0
100,15.0,1.2e-06,0.03333333333333333,4.5412336691808984e-12,0.10101010101010101,0.5194000285057702,2.16,120.0
100,15.0,1.2e-06,0.04666666666666667,4.5412336691808984e-12,0.10101010101010101,0.40034583207610575,2.1,120.0
100,15.0,1.2e-06,0.06,4.5412336691808984e-12,0.10101010101010101,0.3242844169522369,2.06,120.0
100,15.0,1.2e-06,0.07333333333333333,4.5412336691808984e-12,0.10101010101010101,0.2720056807346145,2.04,120.0
100,15.0,1.2e-06,0.08666666666666667,4.5412336691808984e-12,0.10101010101010101,0.2340362084684867,2.02,120.0
100,15.0,1.2e-06,0.1,4.5412336691808984e-12,0.10101010101010101,0.20527332772280657,1.8599999999999999,120.0
100,17.5,8e-07,0.02,4.5412336691808984e-12,0.10101010101010101,0.6130542088343176,2.18,120.0
100,17.5,8e-07,0.03333333333333333,4.5412336691808984e-12,0.10101010101010101,0.42729192480839806,2.1,120.0
100,17.5,8e-07,0.04666666666666667,4.5412336691808984e-12,0.10101010101010101,0.3240359822203356,2.06,120.0
100,17.5,8e-07,0.06,4.5412336691808984e-12,0.10101010101010101,0.2599326179636593,2.04,120.0
100,17.5,8e-07,0.07333333333333333,4.5412336691808984e-12,0.10101010101010101,0.21668884264372995,2.02,120.0
100,17.5,8e-07,0.08666666666666667,4.5412336691808984e-12,0.10101010101010101,0.18566828265937074,1.66,120.0
100,17.5,8e-07,0.1,4.5412336691808984e-12,0.10101010101010101,0.16236897609178605,1.52,120.0
100,17.5,1e-06,0.02,4.5412336691808984e-12,0.20202020202020202,0.7120834986718249,2.2800000000000002,120.0
100,17.5,1e-06,0.03333333333333333,4.5412336691808984e-12,0.10101010101010101,0.5086041814143765,2.16,120.0
100,17.5,1e-06,0.04666666666666667,4.5412336691808984e-12,0.10101010101010101,0.3912067863372069,2.1,120.0
100,17.5,1e-06,0.06,4.5412336691808984e-12,0.10101010101010101,0.31648725745159917,2.06,120.0
100,17.5,1e-06,0.07333333333333333,4.5412336691808984e-12,0.10101010101010101,0.26525616747336167,2.04,120.0
100,17.5,1e-06,0.08666666666666667,4.5412336691808984e-12,0.10101010101010101,0.2281075649507424,2.02,120.0
100,17.5,1e-06,0.1,4.5412336691808984e-12,0.10101010101010101,0.199997663922324,1.78,120.0
100,17.5,1.2e-06,0.02,4.5412336691808984e-12,0.20202020202020202,0.7912423122828361,2.3800000000000003,120.0
100,17.5,1.2e-06,0.03333333333333333,4.5412336691808984e-12,0.10101010101010101,0.5800323070115856,2.22,120.0
100,17.5,1.2e-06,0.04666666666666667,4.5412336691808984e-12,0.10101010101010101,0.4528221058403426,2.1399999999999997,120.0
100,17.5,1.2e-06,0.06,4.5412336691808984e-12,0.10101010101010101,0.36959248422353036,2.08,120.0
100,17.5,1.2e-06,0.07333333333333333,4.5412336691808984e-12,0.10101010101010101,0.3115093010249297,2.06,120.0
100,17.5,1.2e-06,0.08666666666666667,4.5412336691808984e-12,0.10101010101010101,0.2688993725370748,2.04,120.0
100,17.5,1.2e-06,0.1,4.5412336691808984e-12,0.10101010101010101,0.2363986881413276,2.02,120.0
100,20.0,8e-07,0.02,4.5412336691808984e-12,0.20202020202020202,0.672193623660382,2.26,120.0
100,20.0,8e-07,0.03333333333333333,4.5412336691808984e-12,0.10101010101010101,0.47499732334620753,2.1399999999999997,120.0
100,20.0,8e-07,0.04666666666666667,4.5412336691808984e-12,0.10101010101010101,0.36310680201128614,2.08,120.0
100,20.0,8e-07,0.06,4.5412336691808984e-12,0.10101010101010101,0.29267274748288,2.06,120.0
100,20.0,8e-07,0.07333333333333333,4.5412336691808984e-12,0.10101010101010101,0.24472418639902963,2.04,120.0
100,20.0,8e-07,0.08666666666666667,4.5412336691808984e-12,0.10101010101010101,0.21011999755740315,2.0,120.0
100,20.0,8e-07,0.1,4.5412336691808984e-12,0.10101010101010101,0.18402047484400216,1.6400000000000001,120.0
100,20.0,1e-06,0.02,4.5412336691808984e-12,0.20202020202020202,0.7705231151809151,2.36,120.0
100,20.0,1e-06,0.03333333333333333,4.5412336691808984e-12,0.10101010101010101,0.560597385488992,2.18,120.0
100,20.0,1e-06,0.04666666666666667,4.5412336691808984e-12,0.10101010101010101,0.43577552735905783,2.1399999999999997,120.0
100,20.0,1e-06,0.06,4.5412336691808984e-12,0.10101010101010101,0.3547699175745012,2.08,120.0
100,20.0,1e-06,0.07333333333333333,4.5412336691808984e-12,0.10101010101010101,0.29853066633133757,2.06,120.0
100,20.0,1e-06,0.08666666666666667,4.5412336691808984e-12,0.10101010101010101,0.2574135265552126,2.04,120.0
100,20.0,1e-06,0.1,4.5412336691808984e-12,0.10101010101010101,0.2261245031217062,2.02,120.0
100,20.0,1.2e-06,0.02,4.5412336691808984e-12,0.20202020202020202,0.8450808990721181,2.44,120.0
100,20.0,1.2e-06,0.03333333333333333,4.5412336691808984e-12,0.20202020202020202,0.6338988220922349,2.26,120.0
100,20.0,1.2e-06,0.04666666666666667,4.5412336691808984e-12,0.10101010101010101,0.5013530266946014,2.16,120.0
100,20.0,1.2e-06,0.06,4.5412336691808984e-12,0.10101010101010101,0.4123968617134264,2.1,120.0
100,20.0,1.2e-06,0.07333333333333333,4.5412336691808984e-12,0.10101010101010101,0.3493125388263484,2.08,120.0
100,20.0,1.2e-06,0.08666666666666667,4.5412336691808984e-12,0.10101010101010101,0.3025440185371768,2.06,120.0
100,20.0,1.2e-06,0.1,4.5412336691808984e-12,0.10101010101010101,0.2666129276439971,2.04,120.0
100,22.5,8e-07,0.02,4.5412336691808984e-12,0.20202020202020202,0.7245586855528241,2.3,120.0
100,22.5,8e-07,0.03333333333333333,4.5412336691808984e-12,0.10101010101010101,0.5194000285057702,2.16,120.0
100,22.5,8e-07,0.04666666666666667,4.5412336691808984e-12,0.10101010101010101,0.40034583207610575,2.1,120.0
100,22.5,8e-07,0.06,4.5412336691808984e-12,0.10101010101010101,0.3242844169522369,2.06,120.0
100,22.5,8e-07,0.07333333333333333,4.5412336691808984e-12,0.10101010101010101,0.2720056807346145,2.04,120.0
100,22.5,8e-07,0.08666666666666667,4.5412336691808984e-12,0.10101010101010101,0.2340362084684867,2.02,120.0
100,22.5,8e-07,0.1,4.5412336691808984e-12,0.10101010101010101,0.20527332772280651,1.8599999999999999,120.0
100,22.5,1e-06,0.02,4.5412336691808984e-12,0.20202020202020202,0.8196619840384007,2.4,120.0
100,22.5,1e-06,0.03333333333333333,4.5412336691808984e-12,0.20202020202020202,0.6077796403665684,2.2399999999999998,120.0
100,22.5,1e-06,0.04666666666666667,4.5412336691808984e-12,0.10101010101010101,0.4775711134030684,2.16,120.0
100,22.5,1e-06,0.06,4.5412336691808984e-12,0.10101010101010101,0.39130489047190226,2.1,120.0
100,22.5,1e-06,0.07333333333333333,4.5412336691808984e-12,0.10101010101010101,0.3306229261697907,2.08,120.0
100,22.5,1e-06,0.08666666666666667,4.5412336691808984e-12,0.10101010101010101,0.2858741592223535,2.06,120.0
100,22.5,1e-06,0.1,4.5412336691808984e-12,0.10101010101010101,0.25162003301958163,2.04,120.0
100,22.5,1.2e-06,0.02,4.5412336691808984e-12,0.20202020202020202,0.8877881033365317,2.52,120.0
100,22.5,1.2e-06,0.03333333333333333,4.5412336691808984e-12,0.20202020202020202,0.6815300376228948,2.32,120.0
100,22.5,1.2e-06,0.04666666666666667,4.5412336691808984e-12,0.10101010101010101,0.5461067185042733,2.18,120.0
100,22.5,1.2e-06,0.06,4.5412336691808984e-12,0.10101010101010101,0.45274918006813997,2.1399999999999997,120.0
100,22.5,1.2e-06,0.07333333333333333,4.5412336691808984e-12,0.10101010101010101,0.3854282521203871,2.1,120.0
100,22.5,1.2e-06,0.08666666666666667,4.5412336691808984e-12,0.10101010101010101,0.33497008168523734,2.08,120.0
100,22.5,1.2e-06,0.1,4.5412336691808984e-12,0.10101010101010101,0.2959120047273794,2.06,120.0
100,25.0,8e-07,0.02,4.5412336691808984e-12,0.20202020202020202,0.770523115180915,2.36,120.0
100,25.0,8e-07,0.03333333333333333,4.5412336691808984e-12,0.10101010101010101,0.560597385488992,2.18,120.0
100,25.0,8e-07,0.04666666666666667,4.5412336691808984e-12,0.10101010101010101,0.4357755273590577,2.1399999999999997,120.0
100,25.0,8e-07,0.06,4.5412336691808984e-12,0.10101010101010101,0.3547699175745011,2.08,120.0
100,25.0,8e-07,0.07333333333333333,4.5412336691808984e-12,0.10101010101010101,0.29853066633133746,2.06,120.0
100,25.0,8e-07,0.08666666666666667,4.5412336691808984e-12,0.10101010101010101,0.25741352655521255,2.04,120.0
100,25.0,8e-07,0.1,4.5412336691808984e-12,0.10101010101010101,0.22612450312170618,2.02,120.0
100,25.0,1e-06,0.02,4.5412336691808984e-12,0.20202020202020202,0.8604674088004975,2.48,120.0
100,25.0,1e-06,0.03333333333333333,4.5412336691808984e-12,0.20202020202020202,0.6504409024708491,2.3,120.0
100,25.0,1e-06,0.04666666666666667,4.5412336691808984e-12,0.10101010101010101,0.516681298959487,2.16,120.0
100,25.0,1e-06,0.06,4.5412336691808984e-12,0.10101010101010101,0.42611696403948457,2.12,120.0
100,25.0,1e-06,0.07333333333333333,4.5412336691808984e-12,0.10101010101010101,0.3615376618007342,2.08,120.0
100,25.0,1e-06,0.08666666666666667,4.5412336691808984e-12,0.10101010101010101,0.31348793080015797,2.06,120.0
100,25.0,1e-06,0.1,4.5412336691808984e-12,0.10101010101010101,0.2764810695466656,2.04,120.0
100,25.0,1.2e-06,0.02,4.5412336691808984e-12,0.20202020202020202,0.9210735928377094,2.6,120.0
100,25.0,1.2e-06,0.03333333333333333,4.5412336691808984e-12,0.20202020202020202,0.7234960992575412,2.36,120.0
100,25.0,1.2e-06,0.04666666666666667,4.5412336691808984e-12,0.10101010101010101,0.587281517551509,2.2399999999999998,120.0
100,25.0,1.2e-06,0.06,4.5412336691808984e-12,0.10101010101010101,0.49071934008920004,2.16,120.0
100,25.0,1.2e-06,0.07333333333333333,4.5412336691808984e-12,0.10101010101010101,0.41987978210106913,2.12,120.0
100,25.0,1.2e-06,0.08666666666666667,4.5412336691808984e-12,0.10101010101010101,0.3661835068877698,2.08,120.0
100,25.0,1.2e-06,0.1,4.5412336691808984e-12,0.10101010101010101,0.3242953863913034,2.06,120.0
120,15.0,8e-07,0.02,3.784361390984082e-12,0.10101010101010101,0.546861274562416,2.16,120.0
120,15.0,8e-07,0.03333333333333333,3.784361390984082e-12,0.10101010101010101,0.3762198955692026,2.08,120.0
120,15.0,8e-07,0.04666666666666667,3.784361390984082e-12,0.10101010101010101,0.28312373066872587,2.04,120.0
120,15.0,8e-07,0.06,3.784361390984082e-12,0.10101010101010101,0.22606706656460107,2.02,120.0
120,15.0,8e-07,0.07333333333333333,3.784361390984082e-12,0.10101010101010101,0.18790470016763958,1.68,120.0
120,15.0,8e-07,0.08666666666666667,3.784361390984082e-12,0.10101010101010101,0.16068560072092605,1.52,120.0
120,15.0,8e-07,0.1,3.784361390984082e-12,0.10101010101010101,0.14032244718646408,1.4200000000000002,120.0
120,15.0,1e-06,0.02,3.784361390984082e-12,0.10101010101010101,0.6434906043530404,2.1999999999999997,120.0
120,15.0,1e-06,0.03333333333333333,3.784361390984082e-12,0.10101010101010101,0.4515622920492975,2.1399999999999997,120.0
120,15.0,1e-06,0.04666666666666667,3.784361390984082e-12,0.10101010101010101,0.34380127855152487,2.08,120.0
120,15.0,1e-06,0.06,3.784361390984082e-12,0.10101010101010101,0.2764436754523218,2.04,120.0
120,15.0,1e-06,0.07333333333333333,3.784361390984082e-12,0.10101010101010101,0.23080048453637486,2.02,120.0
120,15.0,1e-06,0.08666666666666667,3.784361390984082e-12,0.10101010101010101,0.19796081991533307,1.76,120.0
120,15.0,1e-06,0.1,3.784361390984082e-12,0.10101010101010101,0.17324434265918184,1.58,120.0
120,15.0,1.2e-06,0.02,3.784361390984082e-12,0.20202020202020202,0.7245586864439575,2.3,120.0
120,15.0,1.2e-06,0.03333333333333333,3.784361390984082e-12,0.10101010101010101,0.5194000285816219,2.16,120.0
120,15.0,1.2e-06,0.04666666666666667,3.784361390984082e-12,0.10101010101010101,0.4003458318402287,2.1,120.0
120,15.0,1.2e-06,0.06,3.784361390984082e-12,0.10101010101010101,0.32428441659676693,2.06,120.0
120,15.0,1.2e-06,0.07333333333333333,3.784361390984082e-12,0.10101010101010101,0.27200568033817,2.04,120.0
120,15.0,1.2e-06,0.08666666666666667,3.784361390984082e-12,0.10101010101010101,0.23403620806492093,2.02,120.0
120,15.0,1.2e-06,0.1,3.784361390984082e-12,0.10101010101010101,0.2052733273270246,1.8599999999999999,120.0
120,17.5,8e-07,0.02,3.784361390984082e-12,0.10101010101010101,0.6130542092589311,2.18,120.0
120,17.5,8e-07,0.03333333333333333,3.784361390984082e-12,0.10101010101010101,0.42729192455941806,2.1,120.0
120,17.5,8e-07,0.04666666666666667,3.784361390984082e-12,0.10101010101010101,0.32403598175908055,2.06,120.0
120,17.5,8e-07,0.06,3.784361390984082e-12,0.10101010101010101,0.2599326174475989,2.04,120.0
120,17.5,8e-07,0.07333333333333333,3.784361390984082e-12,0.10101010101010101,0.21668884212899106,2.02,120.0
120,17.5,8e-07,0.08666666666666667,3.784361390984082e-12,0.10101010101010101,0.1856682821658461,1.66,120.0
120,17.5,8e-07,0.1,3.784361390984082e-12,0.10101010101010101,0.16236897562564517,1.52,120.0
120,17.5,1e-06,0.02,3.784361390984082e-12,0.20202020202020202,0.71208349951932,2.2800000000000002,120.0
120,17.5,1e-06,0.03333333333333333,3.784361390984082e-12,0.10101010101010101,0.5086041814554131,2.16,120.0
120,17.5,1e-06,0.04666666666666667,3.784361390984082e-12,0.10101010101010101,0.3912067860757117,2.1,120.0
120,17.5,1e-06,0.06,3.784361390984082e-12,0.10101010101010101,0.3164872570773084,2.06,120.0
120,17.5,1e-06,0.07333333333333333,3.784361390984082e-12,0.10101010101010101,0.26525616706280536,2.04,120.0
120,17.5,1e-06,0.08666666666666667,3.784361390984082e-12,0.10101010101010101,0.22810756453632536,2.02,120.0
120,17.5,1e-06,0.1,3.784361390984082e-12,0.10101010101010101,0.1999976635179922,1.78,120.0
120,17.5,1.2e-06,0.02,3.784361390984082e-12,0.20202020202020202,0.7912423133588558,2.3800000000000003,120.0
120,17.5,1.2e-06,0.03333333333333333,3.784361390984082e-12,0.10101010101010101,0.5800323072642497,2.22,120.0
120,17.5,1.2e-06,0.04666666666666667,3.784361390984082e-12,0.10101010101010101,0.45282210574337495,2.1399999999999997,120.0
120,17.5,1.2e-06,0.06,3.784361390984082e-12,0.10101010101010101,0.3695924839734847,2.08,120.0
120,17.5,1.2e-06,0.07333333333333333,3.784361390984082e-12,0.10101010101010101,0.31150930070902405,2.06,120.0
120,17.5,1.2e-06,0.08666666666666667,3.784361390984082e-12,0.10101010101010101,0.26889937219617327,2.04,120.0
120,17.5,1.2e-06,0.1,3.784361390984082e-12,0.10101010101010101,0.23639868779531104,2.02,120.0
120,20.0,8e-07,0.02,3.784361390984082e-12,0.20202020202020202,0.6721936243525714,2.26,120.0
120,20.0,8e-07,0.03333333333333333,3.784361390984082e-12,0.10101010101010101,0.47499732327304245,2.1399999999999997,120.0
120,20.0,8e-07,0.04666666666666667,3.784361390984082e-12,0.10101010101010101,0.3631068016685834,2.08,120.0
120,20.0,8e-07,0.06,3.784361390984082e-12,0.10101010101010101,0.2926727470499738,2.06,120.0
120,20.0,8e-07,0.07333333333333333,3.784361390984082e-12,0.10101010101010101,0.2447241859449711,2.04,120.0
120,20.0,8e-07,0.08666666666666667,3.784361390984082e-12,0.10101010101010101,0.21011999710974943,2.0,120.0
120,20.0,8e-07,0.1,3.784361390984082e-12,0.10101010101010101,0.18402047441359462,1.6400000000000001,120.0
120,20.0,1e-06,0.02,3.784361390984082e-12,0.20202020202020202,0.7705231162090882,2.36,120.0
120,20.0,1e-06,0.03333333333333333,3.784361390984082e-12,0.10101010101010101,0.5605973856886052,2.18,120.0
120,20.0,1e-06,0.04666666666666667,3.784361390984082e-12,0.10101010101010101,0.43577552721855256,2.1399999999999997,120.0
120,20.0,1e-06,0.06,3.784361390984082e-12,0.10101010101010101,0.3547699172907336,2.08,120.0
120,20.0,1e-06,0.07333333333333333,3.784361390984082e-12,0.10101010101010101,0.29853066598937433,2.06,120.0
120,20.0,1e-06,0.08666666666666667,3.784361390984082e-12,0.10101010101010101,0.25741352619389246,2.04,120.0
120,20.0,1e-06,0.1,3.784361390984082e-12,0.10101010101010101,0.22612450275939708,2.02,120.0
120,20.0,1.2e-06,0.02,3.784361390984082e-12,0.20202020202020202,0.8450809002224222,2.44,120.0
120,20.0,1.2e-06,0.03333333333333333,3.784361390984082e-12,0.20202020202020202,0.6338988224723658,2.26,120.0
120,20.0,1.2e-06,0.04666666666666667,3.784361390984082e-12,0.10101010101010101,0.5013530267126066,2.16,120.0
120,20.0,1.2e-06,0.06,3.784361390984082e-12,0.10101010101010101,0.41239686155623595,2.1,120.0
120,20.0,1.2e-06,0.07333333333333333,3.784361390984082e-12,0.10101010101010101,0.3493125385838906,2.08,120.0
120,20.0,1.2e-06,0.08666666666666667,3.784361390984082e-12,0.10101010101010101,0.30254401825467775,2.06,120.0
120,20.0,1.2e-06,0.1,3.784361390984082e-12,0.10101010101010101,0.26661292734504183,2.04,120.0
120,22.5,8e-07,0.02,3.784361390984082e-12,0.20202020202020202,0.7245586864439574,2.3,120.0
120,22.5,8e-07,0.03333333333333333,3.784361390984082e-12,0.10101010101010101,0.5194000285816219,2.16,120.0
120,22.5,8e-07,0.04666666666666667,3.784361390984082e-12,0.10101010101010101,0.4003458318402287,2.1,120.0
120,22.5,8e-07,0.06,3.784361390984082e-12,0.10101010101010101,0.32428441659676693,2.06,120.0
120,22.5,8e-07,0.07333333333333333,3.784361390984082e-12,0.10101010101010101,0.27200568033817,2.04,120.0
120,22.5,8e-07,0.08666666666666667,3.784361390984082e-12,0.10101010101010101,0.23403620806492093,2.02,120.0
120,22.5,8e-07,0.1,3.784361390984082e-12,0.10101010101010101,0.2052733273270246,1.8599999999999999,120.0
120,22.5,1e-06,0.02,3.784361390984082e-12,0.20202020202020202,0.8196619851634737,2.4,120.0
120,22.5,1e-06,0.03333333333333333,3.784361390984082e-12,0.20202020202020202,0.6077796406886042,2.2399999999999998,120.0
120,22.5,1e-06,0.04666666666666667,3.784361390984082e-12,0.10101010101010101,0.4775711133664366,2.16,120.0
120,22.5,1e-06,0.06,3.784361390984082e-12,0.10101010101010101,0.3913048902698207,2.1,120.0
120,22.5,1e-06,0.07333333333333333,3.784361390984082e-12,0.10101010101010101,0.3306229258914918,2.08,120.0
120,22.5,1e-06,0.08666666666666667,3.784361390984082e-12,0.10101010101010101,0.2858741589111901,2.06,120.0
120,22.5,1e-06,0.1,3.784361390984082e-12,0.10101010101010101,0.25162003269743893,2.04,120.0
120,22.5,1.2e-06,0.02,3.784361390984082e-12,0.20202020202020202,0.8877881044808956,2.52,120.0
120,22.5,1.2e-06,0.03333333333333333,3.784361390984082e-12,0.20202020202020202,0.6815300380898228,2.32,120.0
120,22.5,1.2e-06,0.04666666666666667,3.784361390984082e-12,0.10101010101010101,0.5461067186157917,2.18,120.0
120,22.5,1.2e-06,0.06,3.784361390984082e-12,0.10101010101010101,0.4527491799918887,2.1399999999999997,120.0
120,22.5,1.2e-06,0.07333333333333333,3.784361390984082e-12,0.10101010101010101,0.3854282519444,2.1,120.0
120,22.5,1.2e-06,0.08666666666666667,3.784361390984082e-12,0.10101010101010101,0.3349700814568434,2.08,120.0
120,22.5,1.2e-06,0.1,3.784361390984082e-12,0.10101010101010101,0.29591200447271393,2.06,120.0
120,25.0,8e-07,0.02,3.784361390984082e-12,0.20202020202020202,0.7705231162090881,2.36,120.0
120,25.0,8e-07,0.03333333333333333,3.784361390984082e-12,0.10101010101010101,0.5605973856886051,2.18,120.0
120,25.0,8e-07,0.04666666666666667,3.784361390984082e-12,0.10101010101010101,0.4357755272185525,2.1399999999999997,120.0
120,25.0,8e-07,0.06,3.784361390984082e-12,0.10101010101010101,0.3547699172907336,2.08,120.0
120,25.0,8e-07,0.07333333333333333,3.784361390984082e-12,0.10101010101010101,0.2985306659893743,2.06,120.0
120,25.0,8e-07,0.08666666666666667,3.784361390984082e-12,0.10101010101010101,0.25741352619389246,2.04,120.0
120,25.0,8e-07,0.1,3.784361390984082e-12,0.10101010101010101,0.22612450275939702,2.02,120.0
120,25.0,1e-06,0.02,3.784361390984082e-12,0.20202020202020202,0.8604674099562795,2.48,120.0
120,25.0,1e-06,0.03333333333333333,3.784361390984082e-12,0.20202020202020202,0.650440902883992,2.3,120.0
120,25.0,1e-06,0.04666666666666667,3.784361390984082e-12,0.10101010101010101,0.5166812990109144,2.16,120.0
120,25.0,1e-06,0.06,3.784361390984082e-12,0.10101010101010101,0.42611696391055864,2.12,120.0
120,25.0,1e-06,0.07333333333333333,3.784361390984082e-12,0.10101010101010101,0.3615376615811984,2.08,120.0
120,25.0,1e-06,0.08666666666666667,3.784361390984082e-12,0.10101010101010101,0.313487930536171,2.06,120.0
120,25.0,1e-06,0.1,3.784361390984082e-12,0.10101010101010101,0.2764810692627836,2.04,120.0
120,25.0,1.2e-06,0.02,3.784361390984082e-12,0.20202020202020202,0.9210735939234255,2.6,120.0
120,25.0,1.2e-06,0.03333333333333333,3.784361390984082e-12,0.20202020202020202,0.7234960997792026,2.36,120.0
120,25.0,1.2e-06,0.04666666666666667,3.784361390984082e-12,0.10101010101010101,0.5872815177378273,2.2399999999999998,120.0
120,25.0,1.2e-06,0.06,3.784361390984082e-12,0.10101010101010101,0.49071934008283913,2.16,120.0
120,25.0,1.2e-06,0.07333333333333333,3.784361390984082e-12,0.10101010101010101,0.4198797819848209,2.12,120.0
120,25.0,1.2e-06,0.08666666666666667,3.784361390984082e-12,0.10101010101010101,0.36618350670922395,2.08,120.0
120,25.0,1.2e-06,0.1,3.784361390984082e-12,0.10101010101010101,0.32429538617813153,2.06,120.0
140,15.0,8e-07,0.02,3.2437383351292134e-12,0.10101010101010101,0.5468612746223532,2.16,120.0
140,15.0,8e-07,0.03333333333333333,3.2437383351292134e-12,0.10101010101010101,0.37621989524606164,2.08,120.0
140,15.0,8e-07,0.04666666666666667,3.2437383351292134e-12,0.10101010101010101,0.2831237302461922,2.04,120.0
140,15.0,8e-07,0.06,3.2437383351292134e-12,0.10101010101010101,0.2260670661325906,2.02,120.0
140,15.0,8e-07,0.07333333333333333,3.2437383351292134e-12,0.10101010101010101,0.1879046997545112,1.68,120.0
140,15.0,8e-07,0.08666666666666667,3.2437383351292134e-12,0.10101010101010101,0.16068560033442542,1.52,120.0
140,15.0,8e-07,0.1,3.2437383351292134e-12,0.10101010101010101,0.1403224468272299,1.4200000000000002,120.0
140,15.0,1e-06,0.02,3.2437383351292134e-12,0.10101010101010101,0.6434906047582699,2.1999999999999997,120.0
140,15.0,1e-06,0.03333333333333333,3.2437383351292134e-12,0.10101010101010101,0.4515622919366884,2.1399999999999997,120.0
140,15.0,1e-06,0.04666666666666667,3.2437383351292134e-12,0.10101010101010101,0.3438012782654491,2.08,120.0
140,15.0,1e-06,0.06,3.2437383351292134e-12,0.10101010101010101,0.27644367511391227,2.04,120.0
140,15.0,1e-06,0.07333333333333333,3.2437383351292134e-12,0.10101010101010101,0.23080048419064547,2.02,120.0
140,15.0,1e-06,0.08666666666666667,3.2437383351292134e-12,0.10101010101010101,0.19796081957935402,1.76,120.0
140,15.0,1e-06,0.1,3.2437383351292134e-12,0.10101010101010101,0.17324434233908265,1.58,120.0
140,15.0,1.2e-06,0.02,3.2437383351292134e-12,0.20202020202020202,0.724558687080482,2.3,120.0
140,15.0,1.2e-06,0.03333333333333333,3.2437383351292134e-12,0.10101010101010101,0.5194000286358019,2.16,120.0
140,15.0,1.2e-06,0.04666666666666667,3.2437383351292134e-12,0.10101010101010101,0.400345831671745,2.1,120.0
140,15.0,1.2e-06,0.06,3.2437383351292134e-12,0.10101010101010101,0.32428441634285954,2.06,120.0
140,15.0,1.2e-06,0.07333333333333333,3.2437383351292134e-12,0.10101010101010101,0.27200568005499526,2.04,120.0
140,15.0,1.2e-06,0.08666666666666667,3.2437383351292134e-12,0.10101010101010101,0.2340362077766596,2.02,120.0
140,15.0,1.2e-06,0.1,3.2437383351292134e-12,0.10101010101010101,0.2052733270443233,1.8599999999999999,120.0
140,17.5,8e-07,0.02,3.2437383351292134e-12,0.10101010101010101,0.6130542095622253,2.18,120.0
140,17.5,8e-07,0.03333333333333333,3.2437383351292134e-12,0.10101010101010101,0.42729192438157554,2.1,120.0
140,17.5,8e-07,0.04666666666666667,3.2437383351292134e-12,0.10101010101010101,0.32403598142961204,2.06,120.0
140,17.5,8e-07,0.06,3.2437383351292134e-12,0.10101010101010101,0.25993261707898396,2.04,120.0
140,17.5,8e-07,0.07333333333333333,3.2437383351292134e-12,0.10101010101010101,0.21668884176132053,2.02,120.0
140,17.5,8e-07,0.08666666666666667,3.2437383351292134e-12,0.10101010101010101,0.18566828181332845,1.66,120.0
140,17.5,8e-07,0.1,3.2437383351292134e-12,0.10101010101010101,0.16236897529268737,1.52,120.0
140,17.5,1e-06,0.02,3.2437383351292134e-12,0.20202020202020202,0.7120835001246744,2.2800000000000002,120.0
140,17.5,1e-06,0.03333333333333333,3.2437383351292134e-12,0.10101010101010101,0.5086041814847242,2.16,120.0
140,17.5,1e-06,0.04666666666666667,3.2437383351292134e-12,0.10101010101010101,0.3912067858889297,2.1,120.0
140,17.5,1e-06,0.06,3.2437383351292134e-12,0.10101010101010101,0.3164872568099577,2.06,120.0
140,17.5,1e-06,0.07333333333333333,3.2437383351292134e-12,0.10101010101010101,0.2652561667695509,2.04,120.0
140,17.5,1e-06,0.08666666666666667,3.2437383351292134e-12,0.10101010101010101,0.2281075642403132,2.02,120.0
140,17.5,1e-06,0.1,3.2437383351292134e-12,0.10101010101010101,0.19999766322918353,1.78,120.0
140,17.5,1.2e-06,0.02,3.2437383351292134e-12,0.20202020202020202,0.7912423141274401,2.3800000000000003,120.0
140,17.5,1.2e-06,0.03333333333333333,3.2437383351292134e-12,0.10101010101010101,0.580032307444724,2.22,120.0
140,17.5,1.2e-06,0.04666666666666667,3.2437383351292134e-12,0.10101010101010101,0.45282210567411263,2.1399999999999997,120.0
140,17.5,1.2e-06,0.06,3.2437383351292134e-12,0.10101010101010101,0.36959248379488063,2.08,120.0
140,17.5,1.2e-06,0.07333333333333333,3.2437383351292134e-12,0.10101010101010101,0.311509300483377,2.06,120.0
140,17.5,1.2e-06,0.08666666666666667,3.2437383351292134e-12,0.10101010101010101,0.2688993719526726,2.04,120.0
140,17.5,1.2e-06,0.1,3.2437383351292134e-12,0.10101010101010101,0.23639868754815635,2.02,120.0
140,20.0,8e-07,0.02,3.2437383351292134e-12,0.20202020202020202,0.672193624846993,2.26,120.0
140,20.0,8e-07,0.03333333333333333,3.2437383351292134e-12,0.10101010101010101,0.47499732322078275,2.1399999999999997,120.0
140,20.0,8e-07,0.04666666666666667,3.2437383351292134e-12,0.10101010101010101,0.36310680142379564,2.08,120.0
140,20.0,8e-07,0.06,3.2437383351292134e-12,0.10101010101010101,0.29267274674075455,2.06,120.0
140,20.0,8e-07,0.07333333333333333,3.2437383351292134e-12,0.10101010101010101,0.24472418562064377,2.04,120.0
140,20.0,8e-07,0.08666666666666667,3.2437383351292134e-12,0.10101010101010101,0.21011999678999688,2.0,120.0
140,20.0,8e-07,0.1,3.2437383351292134e-12,0.10101010101010101,0.1840204741061606,1.6400000000000001,120.0
140,20.0,1e-06,0.02,3.2437383351292134e-12,0.20202020202020202,0.7705231169434982,2.36,120.0
140,20.0,1e-06,0.03333333333333333,3.2437383351292134e-12,0.10101010101010101,0.5605973858311863,2.18,120.0
140,20.0,1e-06,0.04666666666666667,3.2437383351292134e-12,0.10101010101010101,0.43577552711819173,2.1399999999999997,120.0
140,20.0,1e-06,0.06,3.2437383351292134e-12,0.10101010101010101,0.35476991708804295,2.08,120.0
140,20.0,1e-06,0.07333333333333333,3.2437383351292134e-12,0.10101010101010101,0.29853066574511516,2.06,120.0
140,20.0,1e-06,0.08666666666666667,3.2437383351292134e-12,0.10101010101010101,0.25741352593580674,2.04,120.0
140,20.0,1e-06,0.1,3.2437383351292134e-12,0.10101010101010101,0.22612450250060484,2.02,120.0
140,20.0,1.2e-06,0.02,3.2437383351292134e-12,0.20202020202020202,0.8450809010440683,2.44,120.0
140,20.0,1.2e-06,0.03333333333333333,3.2437383351292134e-12,0.20202020202020202,0.6338988227438881,2.26,120.0
140,20.0,1.2e-06,0.04666666666666667,3.2437383351292134e-12,0.10101010101010101,0.5013530267254693,2.16,120.0
140,20.0,1.2e-06,0.06,3.2437383351292134e-12,0.10101010101010101,0.4123968614439573,2.1,120.0
140,20.0,1.2e-06,0.07333333333333333,3.2437383351292134e-12,0.10101010101010101,0.34931253841070636,2.08,120.0
140,20.0,1.2e-06,0.08666666666666667,3.2437383351292134e-12,0.10101010101010101,0.30254401805289266,2.06,120.0
140,20.0,1.2e-06,0.1,3.2437383351292134e-12,0.10101010101010101,0.2666129271315023,2.04,120.0
140,22.5,8e-07,0.02,3.2437383351292134e-12,0.20202020202020202,0.724558687080482,2.3,120.0
140,22.5,8e-07,0.03333333333333333,3.2437383351292134e-12,0.10101010101010101,0.5194000286358018,2.16,120.0
140,22.5,8e-07,0.04666666666666667,3.2437383351292134e-12,0.10101010101010101,0.400345831671745,2.1,120.0
140,22.5,8e-07,0.06,3.2437383351292134e-12,0.10101010101010101,0.32428441634285954,2.06,120.0
140,22.5,8e-07,0.07333333333333333,3.2437383351292134e-12,0.10101010101010101,0.27200568005499526,2.04,120.0
140,22.5,8e-07,0.08666666666666667,3.2437383351292134e-12,0.10101010101010101,0.2340362077766596,2.02,120.0
140,22.5,8e-07,0.1,3.2437383351292134e-12,0.10101010101010101,0.20527332704432327,1.8599999999999999,120.0
140,22.5,1e-06,0.02,3.2437383351292134e-12,0.20202020202020202,0.819661985967097,2.4,120.0
140,22.5,1e-06,0.03333333333333333,3.2437383351292134e-12,0.20202020202020202,0.6077796409186312,2.2399999999999998,120.0
140,22.5,1e-06,0.04666666666666667,3.2437383351292134e-12,0.10101010101010101,0.47757111334027097,2.16,120.0
140,22.5,1e-06,0.06,3.2437383351292134e-12,0.10101010101010101,0.39130489012547703,2.1,120.0
140,22.5,1e-06,0.07333333333333333,3.2437383351292134e-12,0.10101010101010101,0.33062292569270657,2.08,120.0
140,22.5,1e-06,0.08666666666666667,3.2437383351292134e-12,0.10101010101010101,0.2858741586889306,2.06,120.0
140,22.5,1e-06,0.1,3.2437383351292134e-12,0.10101010101010101,0.2516200324673369,2.04,120.0
140,22.5,1.2e-06,0.02,3.2437383351292134e-12,0.20202020202020202,0.8877881052982981,2.52,120.0
140,22.5,1.2e-06,0.03333333333333333,3.2437383351292134e-12,0.20202020202020202,0.6815300384233429,2.32,120.0
140,22.5,1.2e-06,0.04666666666666667,3.2437383351292134e-12,0.10101010101010101,0.5461067186954467,2.18,120.0
140,22.5,1.2e-06,0.06,3.2437383351292134e-12,0.10101010101010101,0.452749179937423,2.1399999999999997,120.0
140,22.5,1.2e-06,0.07333333333333333,3.2437383351292134e-12,0.10101010101010101,0.38542825181869467,2.1,120.0
140,22.5,1.2e-06,0.08666666666666667,3.2437383351292134e-12,0.10101010101010101,0.33497008129370526,2.08,120.0
140,22.5,1.2e-06,0.1,3.2437383351292134e-12,0.10101010101010101,0.2959120042908097,2.06,120.0
140,25.0,8e-07,0.02,3.2437383351292134e-12,0.20202020202020202,0.7705231169434982,2.36,120.0
140,25.0,8e-07,0.03333333333333333,3.2437383351292134e-12,0.10101010101010101,0.5605973858311862,2.18,120.0
140,25.0,8e-07,0.04666666666666667,3.2437383351292134e-12,0.10101010101010101,0.4357755271181917,2.1399999999999997,120.0
140,25.0,8e-07,0.06,3.2437383351292134e-12,0.10101010101010101,0.3547699170880429,2.08,120.0
140,25.0,8e-07,0.07333333333333333,3.2437383351292134e-12,0.10101010101010101,0.2985306657451151,2.06,120.0
140,25.0,8e-07,0.08666666666666667,3.2437383351292134e-12,0.10101010101010101,0.25741352593580674,2.04,120.0
140,25.0,8e-07,0.1,3.2437383351292134e-12,0.10101010101010101,0.22612450250060484,2.02,120.0
140,25.0,1e-06,0.02,3.2437383351292134e-12,0.20202020202020202,0.8604674107818356,2.48,120.0
140,25.0,1e-06,0.03333333333333333,3.2437383351292134e-12,0.20202020202020202,0.6504409031790946,2.3,120.0
140,25.0,1e-06,0.04666666666666667,3.2437383351292134e-12,0.10101010101010101,0.5166812990476486,2.16,120.0
140,25.0,1e-06,0.06,3.2437383351292134e-12,0.10101010101010101,0.4261169638184687,2.12,120.0
140,25.0,1e-06,0.07333333333333333,3.2437383351292134e-12,0.10101010101010101,0.36153766142438737,2.08,120.0
140,25.0,1e-06,0.08666666666666667,3.2437383351292134e-12,0.10101010101010101,0.3134879303476091,2.06,120.0
140,25.0,1e-06,0.1,3.2437383351292134e-12,0.10101010101010101,0.27648106906001063,2.04,120.0
140,25.0,1.2e-06,0.02,3.2437383351292134e-12,0.20202020202020202,0.921073594698939,2.6,120.0
140,25.0,1.2e-06,0.03333333333333333,3.2437383351292134e-12,0.20202020202020202,0.7234961001518194,2.36,120.0
140,25.0,1.2e-06,0.04666666666666667,3.2437383351292134e-12,0.10101010101010101,0.5872815178709124,2.2399999999999998,120.0
140,25.0,1.2e-06,0.06,3.2437383351292134e-12,0.10101010101010101,0.4907193400782962,2.16,120.0
140,25.0,1.2e-06,0.07333333333333333,3.2437383351292134e-12,0.10101010101010101,0.41987978190178693,2.12,120.0
140,25.0,1.2e-06,0.08666666666666667,3.2437383351292134e-12,0.10101010101010101,0.3661835065816913,2.08,120.0
140,25.0,1.2e-06,0.1,3.2437383351292134e-12,0.10101010101010101,0.3242953860258659,2.06,120.0
160,15.0,8e-07,0.02,2.838271043238062e-12,0.10101010101010101,0.5468612746673047,2.16,120.0
160,15.0,8e-07,0.03333333333333333,2.838271043238062e-12,0.10101010101010101,0.37621989500370556,2.08,120.0
160,15.0,8e-07,0.04666666666666667,2.838271043238062e-12,0.10101010101010101,0.2831237299292926,2.04,120.0
160,15.0,8e-07,0.06,2.838271043238062e-12,0.10101010101010101,0.2260670658085826,2.02,120.0
160,15.0,8e-07,0.07333333333333333,2.838271043238062e-12,0.10101010101010101,0.18790469944466515,1.68,120.0
160,15.0,8e-07,0.08666666666666667,2.838271043238062e-12,0.10101010101010101,0.16068560004454988,1.52,120.0
160,15.0,8e-07,0.1,2.838271043238062e-12,0.10101010101010101,0.14032244655780407,1.4200000000000002,120.0
160,15.0,1e-06,0.02,2.838271043238062e-12,0.10101010101010101,0.6434906050621917,2.1999999999999997,120.0
160,15.0,1e-06,0.03333333333333333,2.838271043238062e-12,0.10101010101010101,0.4515622918522317,2.1399999999999997,120.0
160,15.0,1e-06,0.04666666666666667,2.838271043238062e-12,0.10101010101010101,0.34380127805089283,2.08,120.0
160,15.0,1e-06,0.06,2.838271043238062e-12,0.10101010101010101,0.27644367486010496,2.04,120.0
160,15.0,1e-06,0.07333333333333333,2.838271043238062e-12,0.10101010101010101,0.2308004839313487,2.02,120.0
160,15.0,1e-06,0.08666666666666667,2.838271043238062e-12,0.10101010101010101,0.19796081932736945,1.76,120.0
160,15.0,1e-06,0.1,2.838271043238062e-12,0.10101010101010101,0.17324434209900805,1.58,120.0
160,15.0,1.2e-06,0.02,2.838271043238062e-12,0.20202020202020202,0.724558687557875,2.3,120.0
160,15.0,1.2e-06,0.03333333333333333,2.838271043238062e-12,0.10101010101010101,0.5194000286764366,2.16,120.0
160,15.0,1.2e-06,0.04666666666666667,2.838271043238062e-12,0.10101010101010101,0.4003458315453825,2.1,120.0
160,15.0,1.2e-06,0.06,2.838271043238062e-12,0.10101010101010101,0.3242844161524292,2.06,120.0
160,15.0,1.2e-06,0.07333333333333333,2.838271043238062e-12,0.10101010101010101,0.27200567984261387,2.04,120.0
160,15.0,1.2e-06,0.08666666666666667,2.838271043238062e-12,0.10101010101010101,0.2340362075604637,2.02,120.0
160,15.0,1.2e-06,0.1,2.838271043238062e-12,0.10101010101010101,0.20527332683229718,1.8599999999999999,120.0
160,17.5,8e-07,0.02,2.838271043238062e-12,0.10101010101010101,0.6130542097896965,2.18,120.0
160,17.5,8e-07,0.03333333333333333,2.838271043238062e-12,0.10101010101010101,0.42729192424819384,2.1,120.0
160,17.5,8e-07,0.04666666666666667,2.838271043238062e-12,0.10101010101010101,0.32403598118251115,2.06,120.0
160,17.5,8e-07,0.06,2.838271043238062e-12,0.10101010101010101,0.25993261680252316,2.04,120.0
160,17.5,8e-07,0.07333333333333333,2.838271043238062e-12,0.10101010101010101,0.2166888414855673,2.02,120.0
160,17.5,8e-07,0.08666666666666667,2.838271043238062e-12,0.10101010101010101,0.18566828154894027,1.66,120.0
160,17.5,8e-07,0.1,2.838271043238062e-12,0.10101010101010101,0.1623689750429692,1.52,120.0
160,17.5,1e-06,0.02,2.838271043238062e-12,0.20202020202020202,0.7120835005786884,2.2800000000000002,120.0
160,17.5,1e-06,0.03333333333333333,2.838271043238062e-12,0.10101010101010101,0.5086041815067094,2.16,120.0
160,17.5,1e-06,0.04666666666666667,2.838271043238062e-12,0.10101010101010101,0.3912067857488433,2.1,120.0
160,17.5,1e-06,0.06,2.838271043238062e-12,0.10101010101010101,0.31648725660944516,2.06,120.0
160,17.5,1e-06,0.07333333333333333,2.838271043238062e-12,0.10101010101010101,0.2652561665496098,2.04,120.0
160,17.5,1e-06,0.08666666666666667,2.838271043238062e-12,0.10101010101010101,0.228107564018304,2.02,120.0
160,17.5,1e-06,0.1,2.838271043238062e-12,0.10101010101010101,0.19999766301257732,1.78,120.0
160,17.5,1.2e-06,0.02,2.838271043238062e-12,0.20202020202020202,0.7912423147038804,2.3800000000000003,120.0
160,17.5,1.2e-06,0.03333333333333333,2.838271043238062e-12,0.10101010101010101,0.5800323075800786,2.22,120.0
160,17.5,1.2e-06,0.04666666666666667,2.838271043238062e-12,0.10101010101010101,0.4528221056221655,2.1399999999999997,120.0
160,17.5,1.2e-06,0.06,2.838271043238062e-12,0.10101010101010101,0.36959248366092756,2.08,120.0
160,17.5,1.2e-06,0.07333333333333333,2.838271043238062e-12,0.10101010101010101,0.3115093003141422,2.06,120.0
160,17.5,1.2e-06,0.08666666666666667,2.838271043238062e-12,0.10101010101010101,0.26889937177004675,2.04,120.0
160,17.5,1.2e-06,0.1,2.838271043238062e-12,0.10101010101010101,0.23639868736279027,2.02,120.0
160,20.0,8e-07,0.02,2.838271043238062e-12,0.20202020202020202,0.6721936252178092,2.26,120.0
160,20.0,8e-07,0.03333333333333333,2.838271043238062e-12,0.10101010101010101,0.4749973231815868,2.1399999999999997,120.0
160,20.0,8e-07,0.04666666666666667,2.838271043238062e-12,0.10101010101010101,0.3631068012402049,2.08,120.0
160,20.0,8e-07,0.06,2.838271043238062e-12,0.10101010101010101,0.29267274650884045,2.06,120.0
160,20.0,8e-07,0.07333333333333333,2.838271043238062e-12,0.10101010101010101,0.24472418537739818,2.04,120.0
160,20.0,8e-07,0.08666666666666667,2.838271043238062e-12,0.10101010101010101,0.2101199965501824,2.0,120.0
160,20.0,8e-07,0.1,2.838271043238062e-12,0.10101010101010101,0.18402047387558526,1.6400000000000001,120.0
160,20.0,1e-06,0.02,2.838271043238062e-12,0.20202020202020202,0.770523117494305,2.36,120.0
160,20.0,1e-06,0.03333333333333333,2.838271043238062e-12,0.10101010101010101,0.5605973859381219,2.18,120.0
160,20.0,1e-06,0.04666666666666667,2.838271043238062e-12,0.10101010101010101,0.4357755270429214,2.1399999999999997,120.0
160,20.0,1e-06,0.06,2.838271043238062e-12,0.10101010101010101,0.35476991693602494,2.08,120.0
160,20.0,1e-06,0.07333333333333333,2.838271043238062e-12,0.10101010101010101,0.29853066556192087,2.06,120.0
160,20.0,1e-06,0.08666666666666667,2.838271043238062e-12,0.10101010101010101,0.25741352574224247,2.04,120.0
160,20.0,1e-06,0.1,2.838271043238062e-12,0.10101010101010101,0.22612450230651057,2.02,120.0
160,20.0,1.2e-06,0.02,2.838271043238062e-12,0.20202020202020202,0.8450809016603027,2.44,120.0
160,20.0,1.2e-06,0.03333333333333333,2.838271043238062e-12,0.20202020202020202,0.6338988229475294,2.26,120.0
160,20.0,1.2e-06,0.04666666666666667,2.838271043238062e-12,0.10101010101010101,0.5013530267351158,2.16,120.0
160,20.0,1.2e-06,0.06,2.838271043238062e-12,0.10101010101010101,0.4123968613597485,2.1,120.0
160,20.0,1.2e-06,0.07333333333333333,2.838271043238062e-12,0.10101010101010101,0.3493125382808181,2.08,120.0
160,20.0,1.2e-06,0.08666666666666667,2.838271043238062e-12,0.10101010101010101,0.3025440179015541,2.06,120.0
160,20.0,1.2e-06,0.1,2.838271043238062e-12,0.10101010101010101,0.2666129269713475,2.04,120.0
160,22.5,8e-07,0.02,2.838271043238062e-12,0.20202020202020202,0.7245586875578749,2.3,120.0
160,22.5,8e-07,0.03333333333333333,2.838271043238062e-12,0.10101010101010101,0.5194000286764366,2.16,120.0
160,22.5,8e-07,0.04666666666666667,2.838271043238062e-12,0.10101010101010101,0.4003458315453825,2.1,120.0
160,22.5,8e-07,0.06,2.838271043238062e-12,0.10101010101010101,0.3242844161524292,2.06,120.0
160,22.5,8e-07,0.07333333333333333,2.838271043238062e-12,0.10101010101010101,0.2720056798426138,2.04,120.0
160,22.5,8e-07,0.08666666666666667,2.838271043238062e-12,0.10101010101010101,0.2340362075604637,2.02,120.0
160,22.5,8e-07,0.1,2.838271043238062e-12,0.10101010101010101,0.20527332683229718,1.8599999999999999,120.0
160,22.5,1e-06,0.02,2.838271043238062e-12,0.20202020202020202,0.8196619865698153,2.4,120.0
160,22.5,1e-06,0.03333333333333333,2.838271043238062e-12,0.20202020202020202,0.6077796410911508,2.2399999999999998,120.0
160,22.5,1e-06,0.04666666666666667,2.838271043238062e-12,0.10101010101010101,0.47757111332064645,2.16,120.0
160,22.5,1e-06,0.06,2.838271043238062e-12,0.10101010101010101,0.3913048900172192,2.1,120.0
160,22.5,1e-06,0.07333333333333333,2.838271043238062e-12,0.10101010101010101,0.33062292554361805,2.08,120.0
160,22.5,1e-06,0.08666666666666667,2.838271043238062e-12,0.10101010101010101,0.28587415852223585,2.06,120.0
160,22.5,1e-06,0.1,2.838271043238062e-12,0.10101010101010101,0.2516200322947605,2.04,120.0
160,22.5,1.2e-06,0.02,2.838271043238062e-12,0.20202020202020202,0.8877881059113487,2.52,120.0
160,22.5,1.2e-06,0.03333333333333333,2.838271043238062e-12,0.20202020202020202,0.6815300386734827,2.32,120.0
160,22.5,1.2e-06,0.04666666666666667,2.838271043238062e-12,0.10101010101010101,0.546106718755188,2.18,120.0
160,22.5,1.2e-06,0.06,2.838271043238062e-12,0.10101010101010101,0.4527491798965744,2.1399999999999997,120.0
160,22.5,1.2e-06,0.07333333333333333,2.838271043238062e-12,0.10101010101010101,0.3854282517244157,2.1,120.0
160,22.5,1.2e-06,0.08666666666666667,2.838271043238062e-12,0.10101010101010101,0.3349700811713516,2.08,120.0
160,22.5,1.2e-06,0.1,2.838271043238062e-12,0.10101010101010101,0.2959120041543817,2.06,120.0
160,25.0,8e-07,0.02,2.838271043238062e-12,0.20202020202020202,0.770523117494305,2.36,120.0
160,25.0,8e-07,0.03333333333333333,2.838271043238062e-12,0.10101010101010101,0.5605973859381218,2.18,120.0
160,25.0,8e-07,0.04666666666666667,2.838271043238062e-12,0.10101010101010101,0.4357755270429213,2.1399999999999997,120.0
160,25.0,8e-07,0.06,2.838271043238062e-12,0.10101010101010101,0.3547699169360249,2.08,120.0
160,25.0,8e-07,0.07333333333333333,2.838271043238062e-12,0.10101010101010101,0.2985306655619208,2.06,120.0
160,25.0,8e-07,0.08666666666666667,2.838271043238062e-12,0.10101010101010101,0.2574135257422424,2.04,120.0
160,25.0,8e-07,0.1,2.838271043238062e-12,0.10101010101010101,0.22612450230651054,2.02,120.0
160,25.0,1e-06,0.02,2.838271043238062e-12,0.20202020202020202,0.8604674114010039,2.48,120.0
160,25.0,1e-06,0.03333333333333333,2.838271043238062e-12,0.20202020202020202,0.6504409034004219,2.3,120.0
160,25.0,1e-06,0.04666666666666667,2.838271043238062e-12,0.10101010101010101,0.5166812990751998,2.16,120.0
160,25.0,1e-06,0.06,2.838271043238062e-12,0.10101010101010101,0.4261169637494005,2.12,120.0
160,25.0,1e-06,0.07333333333333333,2.838271043238062e-12,0.10101010101010101,0.361537661306779,2.08,120.0
160,25.0,1e-06,0.08666666666666667,2.838271043238062e-12,0.10101010101010101,0.31348793020618765,2.06,120.0
160,25.0,1e-06,0.1,2.838271043238062e-12,0.10101010101010101,0.2764810689079308,2.04,120.0
160,25.0,1.2e-06,0.02,2.838271043238062e-12,0.20202020202020202,0.9210735952805721,2.6,120.0
160,25.0,1.2e-06,0.03333333333333333,2.838271043238062e-12,0.20202020202020202,0.7234961004312817,2.36,120.0
160,25.0,1.2e-06,0.04666666666666667,2.838271043238062e-12,0.10101010101010101,0.5872815179707264,2.2399999999999998,120.0
160,25.0,1.2e-06,0.06,2.838271043238062e-12,0.10101010101010101,0.4907193400748889,2.16,120.0
160,25.0,1.2e-06,0.07333333333333333,2.838271043238062e-12,0.10101010101010101,0.419879781839511,2.12,120.0
160,25.0,1.2e-06,0.08666666666666667,2.838271043238062e-12,0.10101010101010101,0.36618350648604153,2.08,120.0
160,25.0,1.2e-06,0.1,2.838271043238062e-12,0.10101010101010101,0.32429538591166673,2.06,120.0
180,15.0,8e-07,0.02,2.5229075939893882e-12,0.10101010101010101,0.5468612747022673,2.16,120.0
180,15.0,8e-07,0.03333333333333333,2.5229075939893882e-12,0.10101010101010101,0.37621989481520707,2.08,120.0
180,15.0,8e-07,0.04666666666666667,2.5229075939893882e-12,0.10101010101010101,0.2831237296828151,2.04,120.0
180,15.0,8e-07,0.06,2.5229075939893882e-12,0.10101010101010101,0.22606706555657655,2.02,120.0
180,15.0,8e-07,0.07333333333333333,2.5229075939893882e-12,0.10101010101010101,0.18790469920367356,1.68,120.0
180,15.0,8e-07,0.08666666666666667,2.5229075939893882e-12,0.10101010101010101,0.16068559981909117,1.52,120.0
180,15.0,8e-07,0.1,2.5229075939893882e-12,0.10101010101010101,0.14032244634825086,1.4200000000000002,120.0
180,15.0,1e-06,0.02,2.5229075939893882e-12,0.10101010101010101,0.6434906052985762,2.1999999999999997,120.0
180,15.0,1e-06,0.03333333333333333,2.5229075939893882e-12,0.10101010101010101,0.45156229178654317,2.1399999999999997,120.0
180,15.0,1e-06,0.04666666666666667,2.5229075939893882e-12,0.10101010101010101,0.3438012778840154,2.08,120.0
180,15.0,1e-06,0.06,2.5229075939893882e-12,0.10101010101010101,0.2764436746626992,2.04,120.0
180,15.0,1e-06,0.07333333333333333,2.5229075939893882e-12,0.10101010101010101,0.23080048372967324,2.02,120.0
180,15.0,1e-06,0.08666666666666667,2.5229075939893882e-12,0.10101010101010101,0.197960819131382,1.76,120.0
180,15.0,1e-06,0.1,2.5229075939893882e-12,0.10101010101010101,0.17324434191228386,1.58,120.0
180,15.0,1.2e-06,0.02,2.5229075939893882e-12,0.20202020202020202,0.7245586879291795,2.3,120.0
180,15.0,1.2e-06,0.03333333333333333,2.5229075939893882e-12,0.10101010101010101,0.5194000287080414,2.16,120.0
180,15.0,1.2e-06,0.04666666666666667,2.5229075939893882e-12,0.10101010101010101,0.40034583144710023,2.1,120.0
180,15.0,1.2e-06,0.06,2.5229075939893882e-12,0.10101010101010101,0.3242844160043163,2.06,120.0
180,15.0,1.2e-06,0.07333333333333333,2.5229075939893882e-12,0.10101010101010101,0.2720056796774283,2.04,120.0
180,15.0,1.2e-06,0.08666666666666667,2.5229075939893882e-12,0.10101010101010101,0.23403620739231126,2.02,120.0
180,15.0,1.2e-06,0.1,2.5229075939893882e-12,0.10101010101010101,0.20527332666738798,1.8599999999999999,120.0
180,17.5,8e-07,0.02,2.5229075939893882e-12,0.10101010101010101,0.6130542099666191,2.18,120.0
180,17.5,8e-07,0.03333333333333333,2.5229075939893882e-12,0.10101010101010101,0.4272919241444519,2.1,120.0
180,17.5,8e-07,0.04666666666666667,2.5229075939893882e-12,0.10101010101010101,0.3240359809903219,2.06,120.0
180,17.5,8e-07,0.06,2.5229075939893882e-12,0.10101010101010101,0.25993261658749806,2.04,120.0
180,17.5,8e-07,0.07333333333333333,2.5229075939893882e-12,0.10101010101010101,0.21668884127109292,2.02,120.0
180,17.5,8e-07,0.08666666666666667,2.5229075939893882e-12,0.10101010101010101,0.18566828134330499,1.66,120.0
180,17.5,8e-07,0.1,2.5229075939893882e-12,0.10101010101010101,0.1623689748487436,1.52,120.0
180,17.5,1e-06,0.02,2.5229075939893882e-12,0.20202020202020202,0.7120835009318122,2.2800000000000002,120.0
180,17.5,1e-06,0.03333333333333333,2.5229075939893882e-12,0.10101010101010101,0.5086041815238084,2.16,120.0
180,17.5,1e-06,0.04666666666666667,2.5229075939893882e-12,0.10101010101010101,0.39120678563988714,2.1,120.0
180,17.5,1e-06,0.06,2.5229075939893882e-12,0.10101010101010101,0.31648725645349035,2.06,120.0
180,17.5,1e-06,0.07333333333333333,2.5229075939893882e-12,0.10101010101010101,0.2652561663785447,2.04,120.0
180,17.5,1e-06,0.08666666666666667,2.5229075939893882e-12,0.10101010101010101,0.2281075638456303,2.02,120.0
180,17.5,1e-06,0.1,2.5229075939893882e-12,0.10101010101010101,0.1999976628441056,1.78,120.0
180,17.5,1.2e-06,0.02,2.5229075939893882e-12,0.20202020202020202,0.7912423151522211,2.3800000000000003,120.0
180,17.5,1.2e-06,0.03333333333333333,2.5229075939893882e-12,0.10101010101010101,0.5800323076853542,2.22,120.0
180,17.5,1.2e-06,0.04666666666666667,2.5229075939893882e-12,0.10101010101010101,0.45282210558176206,2.1399999999999997,120.0
180,17.5,1.2e-06,0.06,2.5229075939893882e-12,0.10101010101010101,0.3695924835567415,2.08,120.0
180,17.5,1.2e-06,0.07333333333333333,2.5229075939893882e-12,0.10101010101010101,0.31150930018251444,2.06,120.0
180,17.5,1.2e-06,0.08666666666666667,2.5229075939893882e-12,0.10101010101010101,0.26889937162800415,2.04,120.0
180,17.5,1.2e-06,0.1,2.5229075939893882e-12,0.10101010101010101,0.2363986872186167,2.02,120.0
180,20.0,8e-07,0.02,2.5229075939893882e-12,0.20202020202020202,0.6721936255062197,2.26,120.0
180,20.0,8e-07,0.03333333333333333,2.5229075939893882e-12,0.10101010101010101,0.47499732315110194,2.1399999999999997,120.0
180,20.0,8e-07,0.04666666666666667,2.5229075939893882e-12,0.10101010101010101,0.36310680109741217,2.08,120.0
180,20.0,8e-07,0.06,2.5229075939893882e-12,0.10101010101010101,0.29267274632846235,2.06,120.0
180,20.0,8e-07,0.07333333333333333,2.5229075939893882e-12,0.10101010101010101,0.2447241851882073,2.04,120.0
180,20.0,8e-07,0.08666666666666667,2.5229075939893882e-12,0.10101010101010101,0.21011999636365994,2.0,120.0
180,20.0,8e-07,0.1,2.5229075939893882e-12,0.10101010101010101,0.1840204736962488,1.6400000000000001,120.0
180,20.0,1e-06,0.02,2.5229075939893882e-12,0.20202020202020202,0.7705231179227109,2.36,120.0
180,20.0,1e-06,0.03333333333333333,2.5229075939893882e-12,0.10101010101010101,0.5605973860212944,2.18,120.0
180,20.0,1e-06,0.04666666666666667,2.5229075939893882e-12,0.10101010101010101,0.4357755269843775,2.1399999999999997,120.0
180,20.0,1e-06,0.06,2.5229075939893882e-12,0.10101010101010101,0.35476991681778836,2.08,120.0
180,20.0,1e-06,0.07333333333333333,2.5229075939893882e-12,0.10101010101010101,0.29853066541943657,2.06,120.0
180,20.0,1e-06,0.08666666666666667,2.5229075939893882e-12,0.10101010101010101,0.25741352559169217,2.04,120.0
180,20.0,1e-06,0.1,2.5229075939893882e-12,0.10101010101010101,0.2261245021555483,2.02,120.0
180,20.0,1.2e-06,0.02,2.5229075939893882e-12,0.20202020202020202,0.8450809021395966,2.44,120.0
180,20.0,1.2e-06,0.03333333333333333,2.5229075939893882e-12,0.20202020202020202,0.6338988231059175,2.26,120.0
180,20.0,1.2e-06,0.04666666666666667,2.5229075939893882e-12,0.10101010101010101,0.5013530267426185,2.16,120.0
180,20.0,1.2e-06,0.06,2.5229075939893882e-12,0.10101010101010101,0.4123968612942523,2.1,120.0
180,20.0,1.2e-06,0.07333333333333333,2.5229075939893882e-12,0.10101010101010101,0.349312538179794,2.08,120.0
180,20.0,1.2e-06,0.08666666666666667,2.5229075939893882e-12,0.10101010101010101,0.3025440177838459,2.06,120.0
180,20.0,1.2e-06,0.1,2.5229075939893882e-12,0.10101010101010101,0.2666129268467828,2.04,120.0
180,22.5,8e-07,0.02,2.5229075939893882e-12,0.20202020202020202,0.7245586879291795,2.3,120.0
180,22.5,8e-07,0.03333333333333333,2.5229075939893882e-12,0.10101010101010101,0.5194000287080414,2.16,120.0
180,22.5,8e-07,0.04666666666666667,2.5229075939893882e-12,0.10101010101010101,0.40034583144710023,2.1,120.0
180,22.5,8e-07,0.06,2.5229075939893882e-12,0.10101010101010101,0.3242844160043163,2.06,120.0
180,22.5,8e-07,0.07333333333333333,2.5229075939893882e-12,0.10101010101010101,0.2720056796774283,2.04,120.0
180,22.5,8e-07,0.08666666666666667,2.5229075939893882e-12,0.10101010101010101,0.23403620739231126,2.02,120.0
180,22.5,8e-07,0.1,2.5229075939893882e-12,0.10101010101010101,0.20527332666738798,1.8599999999999999,120.0
180,22.5,1e-06,0.02,2.5229075939893882e-12,0.20202020202020202,0.8196619870385953,2.4,120.0
180,22.5,1e-06,0.03333333333333333,2.5229075939893882e-12,0.20202020202020202,0.6077796412253325,2.2399999999999998,120.0
180,22.5,1e-06,0.04666666666666667,2.5229075939893882e-12,0.10101010101010101,0.4775711133053833,2.16,120.0
180,22.5,1e-06,0.06,2.5229075939893882e-12,0.10101010101010101,0.3913048899330189,2.1,120.0
180,22.5,1e-06,0.07333333333333333,2.5229075939893882e-12,0.10101010101010101,0.33062292542766014,2.08,120.0
180,22.5,1e-06,0.08666666666666667,2.5229075939893882e-12,0.10101010101010101,0.2858741583925843,2.06,120.0
180,22.5,1e-06,0.1,2.5229075939893882e-12,0.10101010101010101,0.2516200321605344,2.04,120.0
180,22.5,1.2e-06,0.02,2.5229075939893882e-12,0.20202020202020202,0.887788106388168,2.52,120.0
180,22.5,1.2e-06,0.03333333333333333,2.5229075939893882e-12,0.20202020202020202,0.6815300388680352,2.32,120.0
180,22.5,1.2e-06,0.04666666666666667,2.5229075939893882e-12,0.10101010101010101,0.5461067188016533,2.18,120.0
180,22.5,1.2e-06,0.06,2.5229075939893882e-12,0.10101010101010101,0.45274917986480306,2.1399999999999997,120.0
180,22.5,1.2e-06,0.07333333333333333,2.5229075939893882e-12,0.10101010101010101,0.3854282516510876,2.1,120.0
180,22.5,1.2e-06,0.08666666666666667,2.5229075939893882e-12,0.10101010101010101,0.33497008107618786,2.08,120.0
180,22.5,1.2e-06,0.1,2.5229075939893882e-12,0.10101010101010101,0.29591200404827134,2.06,120.0
180,25.0,8e-07,0.02,2.5229075939893882e-12,0.20202020202020202,0.7705231179227109,2.36,120.0
180,25.0,8e-07,0.03333333333333333,2.5229075939893882e-12,0.10101010101010101,0.5605973860212943,2.18,120.0
180,25.0,8e-07,0.04666666666666667,2.5229075939893882e-12,0.10101010101010101,0.43577552698437744,2.1399999999999997,120.0
180,25.0,8e-07,0.06,2.5229075939893882e-12,0.10101010101010101,0.3547699168177883,2.08,120.0
180,25.0,8e-07,0.07333333333333333,2.5229075939893882e-12,0.10101010101010101,0.2985306654194365,2.06,120.0
180,25.0,8e-07,0.08666666666666667,2.5229075939893882e-12,0.10101010101010101,0.25741352559169217,2.04,120.0
180,25.0,8e-07,0.1,2.5229075939893882e-12,0.10101010101010101,0.22612450215554825,2.02,120.0
180,25.0,1e-06,0.02,2.5229075939893882e-12,0.20202020202020202,0.8604674118825785,2.48,120.0
180,25.0,1e-06,0.03333333333333333,2.5229075939893882e-12,0.20202020202020202,0.6504409035725653,2.3,120.0
180,25.0,1e-06,0.04666666666666667,2.5229075939893882e-12,0.10101010101010101,0.5166812990966273,2.16,120.0
180,25.0,1e-06,0.06,2.5229075939893882e-12,0.10101010101010101,0.42611696369568147,2.12,120.0
180,25.0,1e-06,0.07333333333333333,2.5229075939893882e-12,0.10101010101010101,0.3615376612153057,2.08,120.0
180,25.0,1e-06,0.08666666666666667,2.5229075939893882e-12,0.10101010101010101,0.31348793009619297,2.06,120.0
180,25.0,1e-06,0.1,2.5229075939893882e-12,0.10101010101010101,0.2764810687896468,2.04,120.0
180,25.0,1.2e-06,0.02,2.5229075939893882e-12,0.20202020202020202,0.9210735957329541,2.6,120.0
180,25.0,1.2e-06,0.03333333333333333,2.5229075939893882e-12,0.20202020202020202,0.7234961006486405,2.36,120.0
180,25.0,1.2e-06,0.04666666666666667,2.5229075939893882e-12,0.10101010101010101,0.5872815180483583,2.2399999999999998,120.0
180,25.0,1.2e-06,0.06,2.5229075939893882e-12,0.10101010101010101,0.49071934007223816,2.16,120.0
180,25.0,1.2e-06,0.07333333333333333,2.5229075939893882e-12,0.10101010101010101,0.4198797817910744,2.12,120.0
180,25.0,1.2e-06,0.08666666666666667,2.5229075939893882e-12,0.10101010101010101,0.3661835064116476,2.08,120.0
180,25.0,1.2e-06,0.1,2.5229075939893882e-12,0.10101010101010101,0.32429538582284534,2.06,120.0
200,15.0,8e-07,0.02,2.2706168345904492e-12,0.10101010101010101,0.5468612747302384,2.16,120.0
200,15.0,8e-07,0.03333333333333333,2.2706168345904492e-12,0.10101010101010101,0.3762198946644077,2.08,120.0
200,15.0,8e-07,0.04666666666666667,2.2706168345904492e-12,0.10101010101010101,0.2831237294856328,2.04,120.0
200,15.0,8e-07,0.06,2.2706168345904492e-12,0.10101010101010101,0.22606706535497167,2.02,120.0
200,15.0,8e-07,0.07333333333333333,2.2706168345904492e-12,0.10101010101010101,0.18790469901088033,1.68,120.0
200,15.0,8e-07,0.08666666666666667,2.2706168345904492e-12,0.10101010101010101,0.1606855996387242,1.52,120.0
200,15.0,8e-07,0.1,2.2706168345904492e-12,0.10101010101010101,0.14032244618060802,1.4200000000000002,120.0
200,15.0,1e-06,0.02,2.2706168345904492e-12,0.10101010101010101,0.6434906054876824,2.1999999999999997,120.0
200,15.0,1e-06,0.03333333333333333,2.2706168345904492e-12,0.10101010101010101,0.4515622917339918,2.1399999999999997,120.0
200,15.0,1e-06,0.04666666666666667,2.2706168345904492e-12,0.10101010101010101,0.34380127775051306,2.08,120.0
200,15.0,1e-06,0.06,2.2706168345904492e-12,0.10101010101010101,0.2764436745047747,2.04,120.0
200,15.0,1e-06,0.07333333333333333,2.2706168345904492e-12,0.10101010101010101,0.2308004835683328,2.02,120.0
200,15.0,1e-06,0.08666666666666667,2.2706168345904492e-12,0.10101010101010101,0.19796081897459153,1.76,120.0
200,15.0,1e-06,0.1,2.2706168345904492e-12,0.10101010101010101,0.1732443417629041,1.58,120.0
200,15.0,1.2e-06,0.02,2.2706168345904492e-12,0.20202020202020202,0.7245586882262245,2.3,120.0
200,15.0,1.2e-06,0.03333333333333333,2.2706168345904492e-12,0.10101010101010101,0.5194000287333256,2.16,120.0
200,15.0,1.2e-06,0.04666666666666667,2.2706168345904492e-12,0.10101010101010101,0.40034583136847507,2.1,120.0
200,15.0,1.2e-06,0.06,2.2706168345904492e-12,0.10101010101010101,0.3242844158858265,2.06,120.0
200,15.0,1.2e-06,0.07333333333333333,2.2706168345904492e-12,0.10101010101010101,0.27200567954528015,2.04,120.0
200,15.0,1.2e-06,0.08666666666666667,2.2706168345904492e-12,0.10101010101010101,0.23403620725778942,2.02,120.0
200,15.0,1.2e-06,0.1,2.2706168345904492e-12,0.10101010101010101,0.2052733265354608,1.8599999999999999,120.0
200,17.5,8e-07,0.02,2.2706168345904492e-12,0.10101010101010101,0.6130542101081564,2.18,120.0
200,17.5,8e-07,0.03333333333333333,2.2706168345904492e-12,0.10101010101010101,0.4272919240614588,2.1,120.0
200,17.5,8e-07,0.04666666666666667,2.2706168345904492e-12,0.10101010101010101,0.3240359808365696,2.06,120.0
200,17.5,8e-07,0.06,2.2706168345904492e-12,0.10101010101010101,0.25993261641547744,2.04,120.0
200,17.5,8e-07,0.07333333333333333,2.2706168345904492e-12,0.10101010101010101,0.2166888410995133,2.02,120.0
200,17.5,8e-07,0.08666666666666667,2.2706168345904492e-12,0.10101010101010101,0.18566828117879672,1.66,120.0
200,17.5,8e-07,0.1,2.2706168345904492e-12,0.10101010101010101,0.16236897469336353,1.52,120.0
200,17.5,1e-06,0.02,2.2706168345904492e-12,0.20202020202020202,0.7120835012143099,2.2800000000000002,120.0
200,17.5,1e-06,0.03333333333333333,2.2706168345904492e-12,0.10101010101010101,0.5086041815374872,2.16,120.0
200,17.5,1e-06,0.04666666666666667,2.2706168345904492e-12,0.10101010101010101,0.39120678555272237,2.1,120.0
200,17.5,1e-06,0.06,2.2706168345904492e-12,0.10101010101010101,0.3164872563287272,2.06,120.0
200,17.5,1e-06,0.07333333333333333,2.2706168345904492e-12,0.10101010101010101,0.2652561662416928,2.04,120.0
200,17.5,1e-06,0.08666666666666667,2.2706168345904492e-12,0.10101010101010101,0.22810756370749133,2.02,120.0
200,17.5,1e-06,0.1,2.2706168345904492e-12,0.10101010101010101,0.19999766270932823,1.78,120.0
200,17.5,1.2e-06,0.02,2.2706168345904492e-12,0.20202020202020202,0.7912423155108944,2.3800000000000003,120.0
200,17.5,1.2e-06,0.03333333333333333,2.2706168345904492e-12,0.10101010101010101,0.5800323077695756,2.22,120.0
200,17.5,1.2e-06,0.04666666666666667,2.2706168345904492e-12,0.10101010101010101,0.4528221055494395,2.1399999999999997,120.0
200,17.5,1.2e-06,0.06,2.2706168345904492e-12,0.10101010101010101,0.3695924834733931,2.08,120.0
200,17.5,1.2e-06,0.07333333333333333,2.2706168345904492e-12,0.10101010101010101,0.3115093000772129,2.06,120.0
200,17.5,1.2e-06,0.08666666666666667,2.2706168345904492e-12,0.10101010101010101,0.26889937151437066,2.04,120.0
200,17.5,1.2e-06,0.1,2.2706168345904492e-12,0.10101010101010101,0.2363986871032777,2.02,120.0
200,20.0,8e-07,0.02,2.2706168345904492e-12,0.20202020202020202,0.6721936257369506,2.26,120.0
200,20.0,8e-07,0.03333333333333333,2.2706168345904492e-12,0.10101010101010101,0.47499732312671333,2.1399999999999997,120.0
200,20.0,8e-07,0.04666666666666667,2.2706168345904492e-12,0.10101010101010101,0.36310680098317827,2.08,120.0
200,20.0,8e-07,0.06,2.2706168345904492e-12,0.10101010101010101,0.2926727461841605,2.06,120.0
200,20.0,8e-07,0.07333333333333333,2.2706168345904492e-12,0.10101010101010101,0.2447241850368545,2.04,120.0
200,20.0,8e-07,0.08666666666666667,2.2706168345904492e-12,0.10101010101010101,0.2101199962144422,2.0,120.0
200,20.0,8e-07,0.1,2.2706168345904492e-12,0.10101010101010101,0.18402047355277965,1.6400000000000001,120.0
200,20.0,1e-06,0.02,2.2706168345904492e-12,0.20202020202020202,0.7705231182654364,2.36,120.0
200,20.0,1e-06,0.03333333333333333,2.2706168345904492e-12,0.10101010101010101,0.5605973860878324,2.18,120.0
200,20.0,1e-06,0.04666666666666667,2.2706168345904492e-12,0.10101010101010101,0.4357755269375425,2.1399999999999997,120.0
200,20.0,1e-06,0.06,2.2706168345904492e-12,0.10101010101010101,0.3547699167231995,2.08,120.0
200,20.0,1e-06,0.07333333333333333,2.2706168345904492e-12,0.10101010101010101,0.2985306653054488,2.06,120.0
200,20.0,1e-06,0.08666666666666667,2.2706168345904492e-12,0.10101010101010101,0.2574135254712521,2.04,120.0
200,20.0,1e-06,0.1,2.2706168345904492e-12,0.10101010101010101,0.22612450203477863,2.02,120.0
200,20.0,1.2e-06,0.02,2.2706168345904492e-12,0.20202020202020202,0.8450809025230305,2.44,120.0
200,20.0,1.2e-06,0.03333333333333333,2.2706168345904492e-12,0.20202020202020202,0.6338988232326278,2.26,120.0
200,20.0,1.2e-06,0.04666666666666667,2.2706168345904492e-12,0.10101010101010101,0.501353026748621,2.16,120.0
200,20.0,1.2e-06,0.06,2.2706168345904492e-12,0.10101010101010101,0.41239686124185604,2.1,120.0
200,20.0,1.2e-06,0.07333333333333333,2.2706168345904492e-12,0.10101010101010101,0.34931253809897456,2.08,120.0
200,20.0,1.2e-06,0.08666666666666667,2.2706168345904492e-12,0.10101010101010101,0.3025440176896796,2.06,120.0
200,20.0,1.2e-06,0.1,2.2706168345904492e-12,0.10101010101010101,0.2666129267471309,2.04,120.0
200,22.5,8e-07,0.02,2.2706168345904492e-12,0.20202020202020202,0.7245586882262245,2.3,120.0
200,22.5,8e-07,0.03333333333333333,2.2706168345904492e-12,0.10101010101010101,0.5194000287333256,2.16,120.0
200,22.5,8e-07,0.04666666666666667,2.2706168345904492e-12,0.10101010101010101,0.40034583136847507,2.1,120.0
200,22.5,8e-07,0.06,2.2706168345904492e-12,0.10101010101010101,0.3242844158858265,2.06,120.0
200,22.5,8e-07,0.07333333333333333,2.2706168345904492e-12,0.10101010101010101,0.27200567954528015,2.04,120.0
200,22.5,8e-07,0.08666666666666667,2.2706168345904492e-12,0.10101010101010101,0.2340362072577894,2.02,120.0
200,22.5,8e-07,0.1,2.2706168345904492e-12,0.10101010101010101,0.2052733265354608,1.8599999999999999,120.0
200,22.5,1e-06,0.02,2.2706168345904492e-12,0.20202020202020202,0.8196619874136204,2.4,120.0
200,22.5,1e-06,0.03333333333333333,2.2706168345904492e-12,0.20202020202020202,0.6077796413326771,2.2399999999999998,120.0
200,22.5,1e-06,0.04666666666666667,2.2706168345904492e-12,0.10101010101010101,0.4775711132931725,2.16,120.0
200,22.5,1e-06,0.06,2.2706168345904492e-12,0.10101010101010101,0.39130488986565837,2.1,120.0
200,22.5,1e-06,0.07333333333333333,2.2706168345904492e-12,0.10101010101010101,0.3306229253348938,2.08,120.0
200,22.5,1e-06,0.08666666666666667,2.2706168345904492e-12,0.10101010101010101,0.2858741582888631,2.06,120.0
200,22.5,1e-06,0.1,2.2706168345904492e-12,0.10101010101010101,0.2516200320531534,2.04,120.0
200,22.5,1.2e-06,0.02,2.2706168345904492e-12,0.20202020202020202,0.8877881067696224,2.52,120.0
200,22.5,1.2e-06,0.03333333333333333,2.2706168345904492e-12,0.20202020202020202,0.6815300390236784,2.32,120.0
200,22.5,1.2e-06,0.04666666666666667,2.2706168345904492e-12,0.10101010101010101,0.5461067188388262,2.18,120.0
200,22.5,1.2e-06,0.06,2.2706168345904492e-12,0.10101010101010101,0.4527491798393856,2.1399999999999997,120.0
200,22.5,1.2e-06,0.07333333333333333,2.2706168345904492e-12,0.10101010101010101,0.3854282515924254,2.1,120.0
200,22.5,1.2e-06,0.08666666666666667,2.2706168345904492e-12,0.10101010101010101,0.33497008100005654,2.08,120.0
200,22.5,1.2e-06,0.1,2.2706168345904492e-12,0.10101010101010101,0.29591200396338274,2.06,120.0
200,25.0,8e-07,0.02,2.2706168345904492e-12,0.20202020202020202,0.7705231182654364,2.36,120.0
200,25.0,8e-07,0.03333333333333333,2.2706168345904492e-12,0.10101010101010101,0.5605973860878323,2.18,120.0
200,25.0,8e-07,0.04666666666666667,2.2706168345904492e-12,0.10101010101010101,0.43577552693754246,2.1399999999999997,120.0
200,25.0,8e-07,0.06,2.2706168345904492e-12,0.10101010101010101,0.35476991672319946,2.08,120.0
200,25.0,8e-07,0.07333333333333333,2.2706168345904492e-12,0.10101010101010101,0.29853066530544875,2.06,120.0
200,25.0,8e-07,0.08666666666666667,2.2706168345904492e-12,0.10101010101010101,0.2574135254712521,2.04,120.0
200,25.0,8e-07,0.1,2.2706168345904492e-12,0.10101010101010101,0.22612450203477857,2.02,120.0
200,25.0,1e-06,0.02,2.2706168345904492e-12,0.20202020202020202,0.8604674122678397,2.48,120.0
200,25.0,1e-06,0.03333333333333333,2.2706168345904492e-12,0.20202020202020202,0.6504409037102793,2.3,120.0
200,25.0,1e-06,0.04666666666666667,2.2706168345904492e-12,0.10101010101010101,0.5166812991137703,2.16,120.0
200,25.0,1e-06,0.06,2.2706168345904492e-12,0.10101010101010101,0.42611696365270624,2.12,120.0
200,25.0,1e-06,0.07333333333333333,2.2706168345904492e-12,0.10101010101010101,0.36153766114212665,2.08,120.0
200,25.0,1e-06,0.08666666666666667,2.2706168345904492e-12,0.10101010101010101,0.31348793000819736,2.06,120.0
200,25.0,1e-06,0.1,2.2706168345904492e-12,0.10101010101010101,0.2764810686950194,2.04,120.0
200,25.0,1.2e-06,0.02,2.2706168345904492e-12,0.20202020202020202,0.9210735960948594,2.6,120.0
200,25.0,1.2e-06,0.03333333333333333,2.2706168345904492e-12,0.20202020202020202,0.723496100822527,2.36,120.0
200,25.0,1.2e-06,0.04666666666666667,2.2706168345904492e-12,0.10101010101010101,0.587281518110465,2.2399999999999998,120.0
200,25.0,1.2e-06,0.06,2.2706168345904492e-12,0.10101010101010101,0.4907193400701182,2.16,120.0
200,25.0,1.2e-06,0.07333333333333333,2.2706168345904492e-12,0.10101010101010101,0.41987978175232477,2.12,120.0
200,25.0,1.2e-06,0.08666666666666667,2.2706168345904492e-12,0.10101010101010101,0.3661835063521323,2.08,120.0
200,25.0,1.2e-06,0.1,2.2706168345904492e-12,0.10101010101010101,0.3242953857517882,2.06,120.0
