ParticleSize,Time,PenetrationDepth
20,0.0,0.012180535963737442
20,0.05,0.02255011282896274
20,0.1,0.03169424442468511
20,0.15000000000000002,0.03995655854835973
20,0.2,0.04755305970963332
20,0.25,0.05462727472227127
20,0.30000000000000004,0.061279054138500315
20,0.35000000000000003,0.06758059556555739
20,0.4,0.0735858359984453
20,0.45,0.07933620696820563
20,0.5,0.08486429925377738
20,0.55,0.09019627680557986
20,0.6000000000000001,0.09535351537420851
20,0.65,0.10035374522556524
20,0.7000000000000001,0.10521186754257747
20,0.75,0.10994055053212277
20,0.8,0.11455067329625614
20,0.8500000000000001,0.11905166223392134
20,0.9,0.12345175008381455
20,0.9500000000000001,0.12775817828313019
20,1.0,0.1319773571107009
20,1.05,0.13611499391940762
20,1.1,0.14017619691746452
20,1.1500000000000001,0.14416555998013408
20,1.2000000000000002,0.14808723257607231
20,1.25,0.1519449778905496
20,1.3,0.15574222149927283
20,1.35,0.15948209240996822
20,1.4000000000000001,0.16316745788887418
20,1.4500000000000002,0.16680095318774688
20,1.5,0.1703850070572676
20,1.55,0.17392186375603694
20,1.6,0.17741360212717927
20,1.6500000000000001,0.18086215220720153
20,1.7000000000000002,0.1842693097470241
20,1.75,0.18763674895774138
20,1.8,0.19096603373975388
20,1.85,0.1942586276104617
20,1.9000000000000001,0.19751590251048656
20,1.9500000000000002,0.20073914663966178
20,2.0,0.2039295714504705
20,2.0500000000000003,0.20708831790720156
20,2.1,0.21021646210300365
20,2.15,0.2133150203136359
20,2.2,0.21638495355552076
20,2.25,0.21942717170631545
20,2.3000000000000003,0.222442537238296
20,2.35,0.22543186860815084
20,2.4000000000000004,0.22839594334109206
20,2.45,0.23133550084233873
20,2.5,0.23425124496488656
20,2.5500000000000003,0.23714384635891617
20,2.6,0.24001394462512898
20,2.6500000000000004,0.24286215029166658
20,2.7,0.24568904663197028
20,2.75,0.2484951913389599
20,2.8000000000000003,0.2512811180691843
20,2.85,0.2540473378690801
20,2.9000000000000004,0.2567943404941684
20,2.95,0.2595225956308519
20,3.0,0.26223255402946993
20,3.0500000000000003,0.2649246485563641
20,3.1,0.2675992951719274
20,3.1500000000000004,0.27025689384090384
20,3.2,0.2728978293805931
20,3.25,0.2755224722520601
20,3.3000000000000003,0.2781311792989667
20,3.35,0.28072429443820146
20,3.4000000000000004,0.2833021493060997
20,3.45,0.285865063863696
20,3.5,0.28841334696414084
20,3.5500000000000003,0.2909472968851347
20,3.6,0.293467201828979
20,3.6500000000000004,0.29597334039262274
20,3.7,0.2984659820098763
20,3.75,0.30094538736777926
20,3.8000000000000003,0.30341180879895036
20,3.85,0.305865490651586
20,3.9000000000000004,0.3083066696386505
20,3.95,0.31073557516766714
20,4.0,0.31315242965241474
20,4.05,0.31555744880772596
20,4.1000000000000005,0.3179508419284952
20,4.15,0.32033281215392095
20,4.2,0.32270355671792167
20,4.25,0.3250632671866036
20,4.3,0.3274121296835873
20,4.3500000000000005,0.3297503251039457
20,4.4,0.33207802931744707
20,4.45,0.33439541336175127
20,4.5,0.33670264362615804
20,4.55,0.33899988202646925
20,4.6000000000000005,0.3412872861714805
20,4.65,0.3435650095215905
20,4.7,0.34583320153997893
20,4.75,0.3480920078367708
20,4.800000000000001,0.35034157030658725
20,4.8500000000000005,0.3525820272598438
20,4.9,0.3548135135481436
20,4.95,0.3570361606840857
20,5.0,0.35925009695579146
20,5.050000000000001,0.3614554475364259
20,5.1000000000000005,0.3636523345889877
20,5.15,0.3658408773666042
20,5.2,0.36802119230857516
20,5.25,0.3701933931323773
20,5.300000000000001,0.3723575909218357
20,5.3500000000000005,0.37451389421166
20,5.4,0.37666240906852105
20,5.45,0.37880323916884395
20,5.5,0.380936485873476
20,5.550000000000001,0.38306224829938273
20,5.6000000000000005,0.3851806233885163
20,5.65,0.38729170597398754
20,5.7,0.3893955888436768
20,5.75,0.39149236280139454
20,5.800000000000001,0.3935821167257136
20,5.8500000000000005,0.39566493762657734
20,5.9,0.3977409106997857
20,5.95,0.39981011937945554
20,6.0,0.4018726453885477
20,6.050000000000001,0.4039285687875465
20,6.1000000000000005,0.40597796802137226
20,6.15,0.408020919964607
20,6.2,0.4100574999651061
20,6.25,0.41208778188606376
20,6.300000000000001,0.41411183814660174
20,6.3500000000000005,0.4161297397609421
20,6.4,0.4181415563762255
20,6.45,0.42014735630903033
20,6.5,0.42214720658064736
20,6.550000000000001,0.424141172951162
20,6.6000000000000005,0.42612931995239245
20,6.65,0.4281117109197304
20,6.7,0.4300884080229273
20,6.75,0.4320594722958738
20,6.800000000000001,0.43402496366540305
20,6.8500000000000005,0.43598494097916674
20,6.9,0.43793946203261297
20,6.95,0.43988858359510447
20,7.0,0.44183236143520904
20,7.050000000000001,0.44377085034519465
20,7.1000000000000005,0.4457041041647598
20,7.15,0.44763217580402725
20,7.2,0.4495551172658293
20,7.25,0.451472979667312
20,7.300000000000001,0.45338581326088084
20,7.3500000000000005,0.45529366745451766
20,7.4,0.45719659083148406
20,7.45,0.45909463116944044
20,7.5,0.46098783545899974
20,7.550000000000001,0.4628762499217333
20,7.6000000000000005,0.46475992002765226
20,7.65,0.4666388905121834
20,7.7,0.46851320539265107
20,7.75,0.4703829079842913
20,7.800000000000001,0.4722480409158073
20,7.8500000000000005,0.47410864614448583
20,7.9,0.47596476497088913
20,7.95,0.47781643805313495
20,8.0,0.47966370542078063
20,8.05,0.48150660648832544
20,8.1,0.4833451800683398
20,8.15,0.4851794643842395
20,8.200000000000001,0.487009497082711
20,8.25,0.4888353152458048
20,8.3,0.4906569554027018
20,8.35,0.4924744535411696
20,8.4,0.4942878451187141
20,8.450000000000001,0.49609716507343704
20,8.5,0.4979024478346113
20,8.55,0.4997037273329798
20,8.6,0.5015010370107881
20,8.65,0.5032944098315617
20,8.700000000000001,0.5050838782896283
20,8.75,0.5068694744194036
20,8.8,0.508651229804439
20,8.85,0.5104291755862422
20,8.9,0.5122033424728785
20,8.950000000000001,0.5139737607473575
20,9.0,0.5157404602758136
20,9.05,0.5175034705154831
20,9.1,0.5192628205224886
20,9.15,0.5210185389594325
20,9.200000000000001,0.5227706541028087
20,9.25,0.5245191938502328
20,9.3,0.5262641857275024
20,9.35,0.528005656895489
20,9.4,0.5297436341568635
20,9.450000000000001,0.5314781439626683
20,9.5,0.5332092124187305
20,9.55,0.5349368652919284
20,9.600000000000001,0.5366611280163136
20,9.65,0.5383820256990873
20,9.700000000000001,0.5400995831264457
20,9.75,0.5418138247692865
20,9.8,0.5435247747887878
20,9.850000000000001,0.545232457041862
20,9.9,0.5469368950864851
20,9.950000000000001,0.5486381121869082
20,10.0,0.5503361313187507
20,10.05,0.5520309751739835
20,10.100000000000001,0.5537226661658011
20,10.15,0.5554112264333847
20,10.200000000000001,0.5570966778465655
20,10.25,0.5587790420103815
20,10.3,0.560458340269541
20,10.350000000000001,0.562134593712786
20,10.4,0.5638078231771637
20,10.450000000000001,0.5654780492522072
20,10.5,0.5671452922840268
20,10.55,0.5688095723793141
20,10.600000000000001,0.5704709094092648
20,10.65,0.5721293230134155
20,10.700000000000001,0.573784832603404
20,10.75,0.5754374573666484
20,10.8,0.5770872162699545
20,10.850000000000001,0.5787341280630444
20,10.9,0.5803782112820154
20,10.950000000000001,0.5820194842527292
20,11.0,0.5836579650941296
20,11.05,0.5852936717214977
20,11.100000000000001,0.5869266218496357
20,11.15,0.5885568329959923
20,11.200000000000001,0.5901843224837234
20,11.25,0.5918091074446932
20,11.3,0.5934312048224137
20,11.350000000000001,0.5950506313749298
20,11.4,0.5966674036776456
20,11.450000000000001,0.5982815381260964
20,11.5,0.5998930509386668
20,11.55,0.6015019581592567
20,11.600000000000001,0.6031082756598946
20,11.65,0.6047120191433039
20,11.700000000000001,0.6063132041454155
20,11.75,0.6079118460378384
20,11.8,0.6095079600302785
20,11.850000000000001,0.6111015611729145
20,11.9,0.612692664358729
20,11.950000000000001,0.6142812843257953
20,12.0,0.6158674356595237
20,12.05,0.6174511327948614
20,12.100000000000001,0.6190323900184584
20,12.15,0.6206112214707886
20,12.200000000000001,0.6221876411482338
20,12.25,0.6237616629051294
20,12.3,0.6253333004557742
20,12.350000000000001,0.6269025673764017
20,12.4,0.6284694771071186
20,12.450000000000001,0.6300340429538052
20,12.5,0.6315962780899848
20,12.55,0.6331561955586584
20,12.600000000000001,0.6347138082741077
20,12.65,0.6362691290236642
20,12.700000000000001,0.6378221704694513
20,12.75,0.6393729451500901
20,12.8,0.6409214654823824
20,12.850000000000001,0.6424677437629572
20,12.9,0.6440117921698939
20,12.950000000000001,0.6455536227643158
20,13.0,0.6470932474919567
20,13.05,0.6486306781846984
20,13.100000000000001,0.6501659265620855
20,13.15,0.6516990042328118
20,13.200000000000001,0.6532299226961831
20,13.25,0.6547586933435539
20,13.3,0.6562853274597419
20,13.350000000000001,0.6578098362244158
20,13.4,0.6593322307134654
20,13.450000000000001,0.6608525219003404
20,13.5,0.6623707206573766
20,13.55,0.6638868377570931
20,13.600000000000001,0.6654008838734712
20,13.65,0.6669128695832124
20,13.700000000000001,0.6684228053669752
20,13.75,0.6699307016105908
20,13.8,0.6714365686062632
20,13.850000000000001,0.6729404165537426
20,13.9,0.6744422555614888
20,13.950000000000001,0.6759420956478089
20,14.0,0.6774399467419795
20,14.05,0.6789358186853519
20,14.100000000000001,0.6804297212324384
20,14.15,0.6819216640519818
20,14.200000000000001,0.6834116567280084
20,14.25,0.6848997087608634
20,14.3,0.6863858295682321
20,14.350000000000001,0.6878700284861429
20,14.4,0.6893523147699565
20,14.450000000000001,0.6908326975953399
20,14.5,0.692311186059222
20,14.55,0.6937877891807397
20,14.600000000000001,0.695262515902166
20,14.65,0.6967353750898242
20,14.700000000000001,0.6982063755349899
20,14.75,0.6996755259547778
20,14.8,0.7011428349930148
20,14.850000000000001,0.7026083112211023
20,14.9,0.7040719631388627
20,14.950000000000001,0.7055337991753745
20,15.0,0.7069938276897959
20,15.05,0.7084520569721735
20,15.100000000000001,0.7099084952442433
20,15.15,0.711363150660214
20,15.200000000000001,0.7128160313075445
20,15.25,0.7142671452077071
20,15.3,0.7157165003169389
20,15.350000000000001,0.7171641045269845
20,15.4,0.7186099656658259
20,15.450000000000001,0.7200540914984038
20,15.5,0.7214964897273255
20,15.55,0.7229371679935661
20,15.600000000000001,0.7243761338771569
20,15.65,0.7258133948978661
20,15.700000000000001,0.7272489585158675
20,15.75,0.7286828321324023
20,15.8,0.7301150230904281
20,15.850000000000001,0.7315455386752636
20,15.9,0.7329743861152196
20,15.950000000000001,0.7344015725822222
20,16.0,0.7358271051924297
20,16.05,0.7372509910068397
20,16.1,0.7386732370318845
20,16.150000000000002,0.7400938502200233
20,16.2,0.7415128374703245
20,16.25,0.7429302056290362
20,16.3,0.7443459614901565
20,16.35,0.7457601117959877
20,16.400000000000002,0.7471726632376889
20,16.45,0.7485836224558184
20,16.5,0.7499929960408698
20,16.55,0.7514007905337995
20,16.6,0.7528070124265479
20,16.650000000000002,0.7542116681625555
20,16.7,0.7556147641372678
20,16.75,0.7570163066986381
20,16.8,0.7584163021476181
20,16.85,0.7598147567386503
20,16.900000000000002,0.7612116766801431
20,16.95,0.7626070681349496
20,17.0,0.7640009372208343
20,17.05,0.7653932900109353
20,17.1,0.7667841325342187
20,17.150000000000002,0.7681734707759332
20,17.2,0.7695613106780487
20,17.25,0.7709476581396989
20,17.3,0.7723325190176119
20,17.35,0.7737158991265387
20,17.400000000000002,0.775097804239674
20,17.45,0.7764782400890724
20,17.5,0.7778572123660602
20,17.55,0.7792347267216408
20,17.6,0.7806107887668939
20,17.650000000000002,0.7819854040733737
20,17.7,0.7833585781734956
20,17.75,0.7847303165609257
20,17.8,0.786100624690959
20,17.85,0.7874695079808947
20,17.900000000000002,0.7888369718104095
20,17.95,0.7902030215219235
20,18.0,0.7915676624209607
20,18.05,0.7929308997765075
20,18.1,0.7942927388213668
20,18.150000000000002,0.7956531847525051
20,18.2,0.7970122427313975
20,18.25,0.7983699178843666
20,18.3,0.799726215302922
20,18.35,0.8010811400440876
20,18.400000000000002,0.8024346971307332
20,18.45,0.8037868915518961
20,18.5,0.8051377282631016
20,18.55,0.8064872121866801
20,18.6,0.8078353482120779
20,18.650000000000002,0.8091821411961664
20,18.7,0.8105275959635462
20,18.75,0.8118717173068499
20,18.8,0.8132145099870375
20,18.85,0.8145559787336927
20,18.900000000000002,0.8158961282453109
20,18.95,0.8172349631895887
20,19.0,0.818572488203706
20,19.05,0.8199087078946071
20,19.1,0.8212436268392775
20,19.150000000000002,0.8225772495850182
20,19.200000000000003,0.8239095806497149
20,19.25,0.8252406245221069
20,19.3,0.8265703856620518
20,19.35,0.8278988685007854
20,19.400000000000002,0.8292260774411809
20,19.450000000000003,0.8305520168580032
20,19.5,0.8318766910981631
20,19.55,0.8332001044809644
20,19.6,0.8345222612983533
20,19.650000000000002,0.835843165815159
20,19.700000000000003,0.8371628222693376
20,19.75,0.8384812348722086
20,19.8,0.8397984078086912
20,19.85,0.8411143452375365
20,19.900000000000002,0.84242905129156
20,19.950000000000003,0.8437425300778649
20,20.0,0.8450547856780725
20,20.05,0.8463658221485406
20,20.1,0.8476756435205861
20,20.150000000000002,0.8489842538007024
20,20.200000000000003,0.8502916569707725
20,20.25,0.8515978569882854
20,20.3,0.8529028577865431
20,20.35,0.8542066632748727
20,20.400000000000002,0.8555092773388278
20,20.450000000000003,0.856810703840395
20,20.5,0.8581109466181963
20,20.55,0.8594100094876849
20,20.6,0.8607078962413447
20,20.650000000000002,0.8620046106488847
20,20.700000000000003,0.8633001564574332
20,20.75,0.8645945373917238
20,20.8,0.8658877571542902
20,20.85,0.8671798194256495
20,20.900000000000002,0.8684707278644859
20,20.950000000000003,0.8697604861078357
20,21.0,0.8710490977712668
20,21.05,0.8723365664490569
20,21.1,0.8736228957143719
20,21.150000000000002,0.8749080891194406
20,21.200000000000003,0.8761921501957252
20,21.25,0.8774750824540964
20,21.3,0.8787568893850011
20,21.35,0.880037574458629
20,21.400000000000002,0.8813171411250807
20,21.450000000000003,0.8825955928145309
20,21.5,0.8838729329373889
20,21.55,0.8851491648844644
20,21.6,0.8864242920271221
20,21.650000000000002,0.8876983177174399
20,21.700000000000003,0.8889712452883667
20,21.75,0.8902430780538749
20,21.8,0.8915138193091138
20,21.85,0.8927834723305608
20,21.900000000000002,0.8940520403761694
20,21.950000000000003,0.8953195266855192
20,22.0,0.8965859344799622
20,22.05,0.8978512669627655
20,22.1,0.8991155273192577
20,22.150000000000002,0.9003787187169694
20,22.200000000000003,0.901640844305774
20,22.25,0.9029019072180272
20,22.3,0.9041619105687053
20,22.35,0.9054208574555391
20,22.400000000000002,0.9066787509591527
20,22.450000000000003,0.9079355941431942
20,22.5,0.9091913900544697
20,22.55,0.9104461417230735
20,22.6,0.9116998521625184
20,22.650000000000002,0.9129525243698632
20,22.700000000000003,0.9142041613258413
20,22.75,0.9154547659949859
20,22.8,0.9167043413257542
20,22.85,0.9179528902506511
20,22.900000000000002,0.9192004156863524
20,22.950000000000003,0.9204469205338239
20,23.0,0.9216924076784446
20,23.05,0.9229368799901208
20,23.1,0.9241803403234073
20,23.150000000000002,0.9254227915176226
20,23.200000000000003,0.9266642363969639
20,23.25,0.9279046777706207
20,23.3,0.9291441184328906
20,23.35,0.9303825611632877
20,23.400000000000002,0.9316200087266547
20,23.450000000000003,0.9328564638732751
20,23.5,0.9340919293389777
20,23.55,0.9353264078452485
20,23.6,0.9365599020993343
20,23.650000000000002,0.9377924147943497
20,23.700000000000003,0.939023948609383
20,23.75,0.9402545062095959
20,23.8,0.9414840902463321
20,23.85,0.9427127033572132
20,23.900000000000002,0.9439403481662438
20,23.950000000000003,0.9451670272839093
20,24.0,0.9463927433072746
20,24.05,0.9476174988200838
20,24.1,0.9488412963928545
20,24.150000000000002,0.9500641385829772
20,24.200000000000003,0.9512860279348091
20,24.25,0.9525069669797666
20,24.3,0.9537269582364217
20,24.35,0.9549460042105941
20,24.400000000000002,0.9561641073954414
20,24.450000000000003,0.9573812702715513
20,24.5,0.9585974953070329
20,24.55,0.9598127849576026
20,24.6,0.9610271416666747
20,24.650000000000002,0.9622405678654514
20,24.700000000000003,0.9634530659730038
20,24.75,0.9646646383963642
20,24.8,0.965875287530607
20,24.85,0.9670850157589345
20,24.900000000000002,0.968293825452762
20,24.950000000000003,0.9695017189718003
20,25.0,0.9707086986641352
20,25.05,0.9719147668663135
20,25.1,0.9731199259034198
20,25.150000000000002,0.97432417808916
20,25.200000000000003,0.9755275257259374
20,25.25,0.9767299711049333
20,25.3,0.9779315165061849
20,25.35,0.9791321641986623
20,25.400000000000002,0.9803319164403441
20,25.450000000000003,0.9815307754782954
20,25.5,0.98272874354874
20,25.55,0.9839258228771385
20,25.6,0.9851220156782585
20,25.650000000000002,0.9863173241562518
20,25.700000000000003,0.9875117505047235
20,25.75,0.9887052969068058
20,25.8,0.9898979655352298
20,25.85,0.9910897585523941
20,25.900000000000002,0.9922806781104367
20,25.950000000000003,0.9934707263513044
20,26.0,0.994659905406821
20,26.05,0.9958482173987556
20,26.1,0.9970356644388914
20,26.150000000000002,0.9982222486290915
20,26.200000000000003,0.9994079720613663
20,26.25,1.0005928368179384
20,26.3,1.0017768449713107
20,26.35,1.0029599985843274
20,26.400000000000002,1.004142299710241
20,26.450000000000003,1.0053237503927754
20,26.5,1.0065043526661899
20,26.55,1.0076841085553392
20,26.6,1.0088630200757391
20,26.650000000000002,1.0100410892336256
20,26.700000000000003,1.0112183180260166
20,26.75,1.0123947084407738
20,26.8,1.0135702624566603
20,26.85,1.014744982043403
20,26.900000000000002,1.0159188691617487
20,26.950000000000003,1.0170919257635258
20,27.0,1.0182641537916994
20,27.05,1.019435555180432
20,27.1,1.0206061318551367
20,27.150000000000002,1.0217758857325383
20,27.200000000000003,1.0229448187207257
20,27.25,1.0241129327192109
20,27.3,1.025280229618981
20,27.35,1.026446711302556
20,27.400000000000002,1.0276123796440397
20,27.450000000000003,1.028777236509179
20,27.5,1.0299412837554105
20,27.55,1.0311045232319194
20,27.6,1.0322669567796887
20,27.650000000000002,1.0334285862315533
20,27.700000000000003,1.0345894134122495
20,27.75,1.0357494401384704
20,27.8,1.0369086682189104
20,27.85,1.038067099454323
20,27.900000000000002,1.0392247356375648
20,27.950000000000003,1.0403815785536492
20,28.0,1.0415376299797936
20,28.05,1.0426928916854685
20,28.1,1.0438473654324467
20,28.150000000000002,1.0450010529748524
20,28.200000000000003,1.0461539560592052
20,28.25,1.0473060764244715
20,28.3,1.0484574158021096
20,28.35,1.049607975916116
20,28.400000000000002,1.050757758483073
20,28.450000000000003,1.0519067652121925
20,28.5,1.053054997805364
20,28.55,1.0542024579571967
20,28.6,1.0553491473550685
20,28.650000000000002,1.0564950676791662
20,28.700000000000003,1.0576402206025306
20,28.75,1.0587846077911032
20,28.8,1.059928230903765
20,28.85,1.061071091592384
20,28.900000000000002,1.0622131915018542
20,28.950000000000003,1.0633545322701399
20,29.0,1.0644951155283182
20,29.05,1.065634942900619
20,29.1,1.066774016004468
20,29.150000000000002,1.0679123364505267
20,29.200000000000003,1.069049905842734
20,29.25,1.0701867257783457
20,29.3,1.0713227978479758
20,29.35,1.0724581236356348
20,29.400000000000002,1.073592704718771
20,29.450000000000003,1.0747265426683092
20,29.5,1.0758596390486883
20,29.55,1.0769919954179006
20,29.6,1.0781236133275318
20,29.650000000000002,1.0792544943227969
20,29.700000000000003,1.0803846399425792
20,29.75,1.0815140517194655
20,29.8,1.0826427311797875
20,29.85,1.0837706798436553
20,29.900000000000002,1.0848978992249938
20,29.950000000000003,1.0860243908315823
20,30.0,1.0871501561650871
20,30.05,1.0882751967210984
20,30.1,1.0893995139891677
20,30.150000000000002,1.0905231094528403
20,30.200000000000003,1.0916459845896915
20,30.25,1.0927681408713612
20,30.3,1.0938895797635897
20,30.35,1.0950103027262497
20,30.400000000000002,1.0961303112133804
20,30.450000000000003,1.097249606673225
20,30.5,1.0983681905482576
20,30.55,1.099486064275223
20,30.6,1.1006032292851662
20,30.650000000000002,1.1017196870034647
20,30.700000000000003,1.102835438849863
20,30.75,1.1039504862385028
20,30.8,1.1050648305779578
20,30.85,1.106178473271262
20,30.900000000000002,1.1072914157159444
20,30.950000000000003,1.1084036593040576
20,31.0,1.1095152054222117
20,31.05,1.1106260554516032
20,31.1,1.1117362107680449
20,31.150000000000002,1.1128456727419997
20,31.200000000000003,1.1139544427386074
20,31.25,1.115062522117716
20,31.3,1.1161699122339117
20,31.35,1.1172766144365478
20,31.400000000000002,1.1183826300697748
20,31.450000000000003,1.1194879604725696
20,31.5,1.120592606978763
20,31.55,1.1216965709170703
20,31.6,1.1227998536111174
20,31.650000000000002,1.1239024563794726
20,31.700000000000003,1.1250043805356713
20,31.75,1.1261056273882462
20,31.8,1.1272061982407529
20,31.85,1.1283060943918
20,31.900000000000002,1.1294053171350733
20,31.950000000000003,1.1305038677593668
20,32.0,1.1316017475486058
20,32.050000000000004,1.132698957781876
20,32.1,1.1337954997334503
20,32.15,1.1348913746728115
20,32.2,1.1359865838646843
20,32.25,1.1370811285690563
20,32.300000000000004,1.1381750100412062
20,32.35,1.1392682295317293
20,32.4,1.140360788286562
20,32.45,1.1414526875470086
20,32.5,1.1425439285497645
20,32.550000000000004,1.143634512526942
20,32.6,1.1447244407060972
20,32.65,1.1458137143102498
20,32.7,1.1469023345579124
20,32.75,1.1479903026631113
20,32.800000000000004,1.1490776198354125
20,32.85,1.150164287279945
20,32.9,1.1512503061974244
20,32.95,1.1523356777841771
20,33.0,1.1534204032321622
20,33.050000000000004,1.1545044837289968
20,33.1,1.1555879204579786
20,33.15,1.156670714598107
20,33.2,1.1577528673241078
20,33.25,1.1588343798064558
20,33.300000000000004,1.159915253211397
20,33.35,1.1609954887009695
20,33.4,1.1620750874330275
20,33.45,1.1631540505612632
20,33.5,1.164232379235228
20,33.550000000000004,1.1653100746003546
20,33.6,1.166387137797978
20,33.65,1.1674635699653568
20,33.7,1.168539372235697
20,33.75,1.1696145457381693
20,33.800000000000004,1.170689091597934
20,33.85,1.171763010936158
20,33.9,1.1728363048700388
20,33.95,1.1739089745128224
20,34.0,1.1749810209738265
20,34.050000000000004,1.1760524453584595
20,34.1,1.177123248768239
20,34.15,1.1781934323008156
20,34.2,1.1792629970499888
20,34.25,1.1803319441057303
20,34.300000000000004,1.1814002745542007
20,34.35,1.1824679894777719
20,34.4,1.1835350899550434
20,34.45,1.1846015770608644
20,34.5,1.1856674518663508
20,34.550000000000004,1.186732715438906
20,34.6,1.1877973688422387
20,34.65,1.188861413136382
20,34.7,1.1899248493777113
20,34.75,1.1909876786189635
20,34.800000000000004,1.1920499019092579
20,34.85,1.1931115202941083
20,34.9,1.194172534815447
20,34.95,1.1952329465116407
20,35.0,1.1962927564175083
20,35.050000000000004,1.1973519655643392
20,35.1,1.1984105749799097
20,35.15,1.1994685856885021
20,35.2,1.2005259987109231
20,35.25,1.201582815064518
20,35.300000000000004,1.202639035763189
20,35.35,1.2036946618174167
20,35.4,1.2047496942342695
20,35.45,1.2058041340174275
20,35.5,1.206857982167195
20,35.550000000000004,1.2079112396805176
20,35.6,1.2089639075510021
20,35.65,1.2100159867689289
20,35.7,1.2110674783212714
20,35.75,1.2121183831917102
20,35.800000000000004,1.2131687023606512
20,35.85,1.2142184368052393
20,35.9,1.2152675874993768
20,35.95,1.216316155413738
20,36.0,1.2173641415157854
20,36.050000000000004,1.218411546769785
20,36.1,1.2194583721368217
20,36.15,1.2205046185748163
20,36.2,1.22155028703854
20,36.25,1.2225953784796266
20,36.300000000000004,1.2236398938465944
20,36.35,1.2246838340848556
20,36.4,1.2257272001367339
20,36.45,1.2267699929414775
20,36.5,1.2278122134352771
20,36.550000000000004,1.2288538625512775
20,36.6,1.2298949412195945
20,36.65,1.2309354503673255
20,36.7,1.2319753909185716
20,36.75,1.233014763794444
20,36.800000000000004,1.2340535699130815
20,36.85,1.2350918101896673
20,36.9,1.2361294855364389
20,36.95,1.2371665968627026
20,37.0,1.2382031450748512
20,37.050000000000004,1.2392391310763737
20,37.1,1.240274555767872
20,37.15,1.2413094200470716
20,37.2,1.242343724808838
20,37.25,1.2433774709451897
20,37.300000000000004,1.2444106593453088
20,37.35,1.2454432908955595
20,37.4,1.246475366479497
20,37.45,1.247506886977882
20,37.5,1.2485378532686937
20,37.550000000000004,1.249568266227145
20,37.6,1.250598126725692
20,37.65,1.2516274356340498
20,37.7,1.2526561938192011
20,37.75,1.2536844021454163
20,37.800000000000004,1.2547120614742586
20,37.85,1.2557391726646001
20,37.9,1.2567657365726344
20,37.95,1.2577917540518877
20,38.0,1.258817225953234
20,38.050000000000004,1.259842153124904
20,38.1,1.2608665364124967
20,38.15,1.2618903766589973
20,38.2,1.2629136747047824
20,38.25,1.2639364313876376
20,38.300000000000004,1.2649586475427634
20,38.35,1.2659803240027943
20,38.400000000000006,1.267001461597805
20,38.45,1.2680220611553232
20,38.5,1.269042123500343
20,38.550000000000004,1.2700616494553363
20,38.6,1.27108063984026
20,38.650000000000006,1.2720990954725753
20,38.7,1.273117017167252
20,38.75,1.2741344057367825
20,38.800000000000004,1.2751512619911942
20,38.85,1.276167586738058
20,38.900000000000006,1.2771833807825017
20,38.95,1.2781986449272207
20,39.0,1.2792133799724876
20,39.050000000000004,1.2802275867161645
20,39.1,1.2812412659537131
20,39.150000000000006,1.2822544184782056
20,39.2,1.2832670450803367
20,39.25,1.2842791465484307
20,39.300000000000004,1.2852907236684583
20,39.35,1.2863017772240395
20,39.400000000000006,1.2873123079964615
20,39.45,1.2883223167646816
20,39.5,1.289331804305346
20,39.550000000000004,1.2903407713927928
20,39.6,1.2913492187990654
20,39.650000000000006,1.2923571472939228
20,39.7,1.2933645576448505
20,39.75,1.2943714506170674
20,39.800000000000004,1.2953778269735392
20,39.85,1.296383687474986
20,39.900000000000006,1.2973890328798945
20,39.95,1.2983938639445245
20,40.0,1.299398181422924
20,40.050000000000004,1.300401986066932
20,40.1,1.3014052786261936
20,40.150000000000006,1.302408059848168
20,40.2,1.3034103304781368
20,40.25,1.304412091259217
20,40.300000000000004,1.305413342932366
20,40.35,1.3064140862363924
20,40.400000000000006,1.307414321907969
20,40.45,1.3084140506816362
20,40.5,1.3094132732898167
20,40.550000000000004,1.3104119904628195
20,40.6,1.3114102029288546
20,40.650000000000006,1.3124079114140372
20,40.7,1.3134051166424003
20,40.75,1.3144018193359002
20,40.800000000000004,1.31539802021443
20,40.85,1.316393719995824
20,40.900000000000006,1.3173889193958699
20,40.95,1.3183836191283145
20,41.0,1.3193778199048756
20,41.050000000000004,1.320371522435249
20,41.1,1.3213647274271163
20,41.150000000000006,1.3223574355861574
20,41.2,1.323349647616053
20,41.25,1.324341364218497
20,41.300000000000004,1.3253325860932068
20,41.35,1.3263233139379271
20,41.400000000000006,1.3273135484484404
20,41.45,1.328303290318577
20,41.5,1.3292925402402198
20,41.550000000000004,1.330281298903315
20,41.6,1.3312695669958803
20,41.650000000000006,1.3322573452040118
20,41.7,1.3332446342118929
20,41.75,1.3342314347018027
20,41.800000000000004,1.3352177473541222
20,41.85,1.336203572847346
20,41.900000000000006,1.3371889118580849
20,41.95,1.3381737650610774
20,42.0,1.339158133129199
20,42.050000000000004,1.3401420167334652
20,42.1,1.3411254165430446
20,42.150000000000006,1.3421083332252604
20,42.2,1.3430907674456054
20,42.25,1.344072719867742
20,42.300000000000004,1.3450541911535168
20,42.35,1.3460351819629648
20,42.400000000000006,1.347015692954314
20,42.45,1.3479957247839993
20,42.5,1.3489752781066644
20,42.550000000000004,1.3499543535751732
20,42.6,1.350932951840615
20,42.650000000000006,1.3519110735523108
20,42.7,1.3528887193578225
20,42.75,1.3538658899029608
20,42.800000000000004,1.3548425858317892
20,42.85,1.3558188077866358
20,42.900000000000006,1.3567945564080945
20,42.95,1.3577698323350378
20,43.0,1.358744636204621
20,43.050000000000004,1.3597189686522884
20,43.1,1.3606928303117827
20,43.150000000000006,1.36166622181515
20,43.2,1.3626391437927492
20,43.25,1.3636115968732538
20,43.300000000000004,1.3645835816836647
20,43.35,1.3655550988493133
20,43.400000000000006,1.3665261489938698
20,43.45,1.367496732739349
20,43.5,1.368466850706117
20,43.550000000000004,1.369436503512899
20,43.6,1.3704056917767848
20,43.650000000000006,1.3713744161132362
20,43.7,1.3723426771360927
20,43.75,1.3733104754575776
20,43.800000000000004,1.374277811688306
20,43.85,1.375244686437291
20,43.900000000000006,1.3762111003119502
20,43.95,1.3771770539181094
20,44.0,1.3781425478600124
20,44.050000000000004,1.3791075827403265
20,44.1,1.3800721591601475
20,44.150000000000006,1.3810362777190066
20,44.2,1.3819999390148772
20,44.25,1.382963143644181
20,44.300000000000004,1.383925892201792
20,44.35,1.3848881852810468
20,44.400000000000006,1.385850023473748
20,44.45,1.386811407370169
20,44.5,1.3877723375590625
20,44.550000000000004,1.388732814627665
20,44.6,1.389692839161706
20,44.650000000000006,1.390652411745408
20,44.7,1.3916115329614969
20,44.75,1.392570203391207
20,44.800000000000004,1.3935284236142875
20,44.85,1.3944861942090052
20,44.900000000000006,1.395443515752154
20,44.95,1.3964003888190593
20,45.0,1.397356813983582
20,45.050000000000004,1.398312791818128
20,45.1,1.3992683228936502
20,45.150000000000006,1.4002234077796558
20,45.2,1.401178047044212
20,45.25,1.4021322412539508
20,45.300000000000004,1.4030859909740763
20,45.35,1.404039296768367
20,45.400000000000006,1.404992159199186
20,45.45,1.4059445788274803
20,45.5,1.4068965562127935
20,45.550000000000004,1.4078480919132648
20,45.6,1.4087991864856388
20,45.650000000000006,1.4097498404852673
20,45.7,1.4107000544661181
20,45.75,1.4116498289807784
20,45.800000000000004,1.4125991645804588
20,45.85,1.4135480618150031
20,45.900000000000006,1.4144965212328884
20,45.95,1.415444543381233
20,46.0,1.4163921288058003
20,46.050000000000004,1.4173392780510081
20,46.1,1.4182859916599246
20,46.150000000000006,1.4192322701742859
20,46.2,1.4201781141344898
20,46.25,1.421123524079606
20,46.300000000000004,1.4220685005473837
20,46.35,1.4230130440742508
20,46.400000000000006,1.423957155195322
20,46.45,1.4249008344444047
20,46.5,1.4258440823540022
20,46.550000000000004,1.4267868994553174
20,46.6,1.4277292862782627
20,46.650000000000006,1.4286712433514581
20,46.7,1.4296127712022426
20,46.75,1.4305538703566743
20,46.800000000000004,1.4314945413395352
20,46.85,1.4324347846743417
20,46.900000000000006,1.4333746008833426
20,46.95,1.434313990487525
20,47.0,1.435252954006624
20,47.050000000000004,1.4361914919591212
20,47.1,1.4371296048622533
20,47.150000000000006,1.4380672932320162
20,47.2,1.4390045575831651
20,47.25,1.439941398429228
20,47.300000000000004,1.440877816282502
20,47.35,1.4418138116540609
20,47.400000000000006,1.4427493850537612
20,47.45,1.4436845369902438
20,47.5,1.4446192679709413
20,47.550000000000004,1.4455535785020799
20,47.6,1.4464874690886855
20,47.650000000000006,1.447420940234587
20,47.7,1.4483539924424225
20,47.75,1.4492866262136417
20,47.800000000000004,1.4502188420485103
20,47.85,1.4511506404461163
20,47.900000000000006,1.4520820219043726
20,47.95,1.4530129869200217
20,48.0,1.4539435359886406
20,48.050000000000004,1.454873669604643
20,48.1,1.4558033882612862
20,48.150000000000006,1.4567326924506747
20,48.2,1.4576615826637622
20,48.25,1.4585900593903582
20,48.300000000000004,1.4595181231191328
20,48.35,1.460445774337616
20,48.400000000000006,1.4613730135322087
20,48.45,1.462299841188181
20,48.5,1.4632262577896793
20,48.550000000000004,1.46415226381973
20,48.6,1.465077859760243
20,48.650000000000006,1.4660030460920153
20,48.7,1.466927823294736
20,48.75,1.46785219184699
20,48.800000000000004,1.4687761522262617
20,48.85,1.4696997049089389
20,48.900000000000006,1.4706228503703167
20,48.95,1.4715455890846032
20,49.0,1.4724679215249181
20,49.050000000000004,1.4733898481633052
20,49.1,1.474311369470728
20,49.150000000000006,1.475232485917076
20,49.2,1.4761531979711726
20,49.25,1.4770735061007736
20,49.300000000000004,1.477993410772573
20,49.35,1.478912912452208
20,49.400000000000006,1.4798320116042598
20,49.45,1.4807507086922616
20,49.5,1.4816690041786975
20,49.550000000000004,1.4825868985250077
20,49.6,1.4835043921915962
20,49.650000000000006,1.4844214856378302
20,49.7,1.4853381793220417
20,49.75,1.4862544737015384
20,49.800000000000004,1.4871703692326008
20,49.85,1.4880858663704888
20,49.900000000000006,1.4890009655694432
20,49.95,1.4899156672826936
20,50.0,1.490829971962456
20,50.050000000000004,1.4917438800599403
20,50.1,1.4926573920253536
20,50.150000000000006,1.4935705083079018
20,50.2,1.494483229355795
20,50.25,1.49539555561625
20,50.300000000000004,1.4963074875354931
20,50.35,1.4972190255587663
20,50.400000000000006,1.4981301701303265
20,50.45,1.499040921693452
20,50.5,1.4999512806904456
20,50.550000000000004,1.5008612475626373
20,50.6,1.501770822750387
20,50.650000000000006,1.5026800066930883
20,50.7,1.5035887998291753
20,50.75,1.5044972025961174
20,50.800000000000004,1.505405215430434
20,50.85,1.5063128387676865
20,50.900000000000006,1.5072200730424898
20,50.95,1.5081269186885113
20,51.0,1.5090333761384769
20,51.050000000000004,1.5099394458241695
20,51.1,1.5108451281764388
20,51.150000000000006,1.5117504236252004
20,51.2,1.5126553325994383
20,51.25,1.5135598555272103
20,51.300000000000004,1.5144639928356505
20,51.35,1.5153677449509722
20,51.400000000000006,1.5162711122984702
20,51.45,1.5171740953025257
20,51.5,1.518076694386608
20,51.550000000000004,1.518978909973279
20,51.6,1.5198807424841931
20,51.650000000000006,1.5207821923401041
20,51.7,1.521683259960868
20,51.75,1.5225839457654418
20,51.800000000000004,1.52348425017189
20,51.85,1.5243841735973882
20,51.900000000000006,1.5252837164582238
20,51.95,1.526182879169801
20,52.0,1.5270816621466412
20,52.050000000000004,1.5279800658023883
20,52.1,1.5288780905498107
20,52.150000000000006,1.5297757368008054
20,52.2,1.5306730049663986
20,52.25,1.53156989545675
20,52.300000000000004,1.5324664086811555
20,52.35,1.533362545048051
20,52.400000000000006,1.5342583049650134
20,52.45,1.5351536888387645
20,52.5,1.5360486970751746
20,52.550000000000004,1.5369433300792636
20,52.6,1.5378375882552047
20,52.650000000000006,1.5387314720063279
20,52.7,1.5396249817351197
20,52.75,1.5405181178432323
20,52.800000000000004,1.541410880731479
20,52.85,1.5423032707998414
20,52.900000000000006,1.54319528844747
20,52.95,1.5440869340726893
20,53.0,1.544978208072998
20,53.050000000000004,1.5458691108450733
20,53.1,1.5467596427847727
20,53.150000000000006,1.5476498042871378
20,53.2,1.5485395957463952
20,53.25,1.5494290175559604
20,53.300000000000004,1.5503180701084411
20,53.35,1.5512067537956378
20,53.400000000000006,1.5520950690085473
20,53.45,1.5529830161373668
20,53.5,1.5538705955714947
20,53.550000000000004,1.554757807699533
20,53.6,1.5556446529092915
20,53.650000000000006,1.5565311315877894
20,53.7,1.5574172441212577
20,53.75,1.5583029908951413
20,53.800000000000004,1.5591883722941038
20,53.85,1.5600733887020255
20,53.900000000000006,1.5609580405020125
20,53.95,1.5618423280763924
20,54.0,1.5627262518067218
20,54.050000000000004,1.5636098120737856
20,54.1,1.5644930092576008
20,54.150000000000006,1.5653758437374201
20,54.2,1.5662583158917318
20,54.25,1.5671404260982644
20,54.300000000000004,1.5680221747339878
20,54.35,1.5689035621751148
20,54.400000000000006,1.5697845887971078
20,54.45,1.570665254974674
20,54.5,1.5715455610817761
20,54.550000000000004,1.572425507491628
20,54.6,1.5733050945766998
20,54.650000000000006,1.5741843227087204
20,54.7,1.5750631922586813
20,54.75,1.5759417035968337
20,54.800000000000004,1.5768198570926957
20,54.85,1.577697653115054
20,54.900000000000006,1.5785750920319634
20,54.95,1.5794521742107537
20,55.0,1.5803289000180267
20,55.050000000000004,1.5812052698196617
20,55.1,1.5820812839808176
20,55.150000000000006,1.582956942865935
20,55.2,1.5838322468387367
20,55.25,1.5847071962622339
20,55.300000000000004,1.5855817914987225
20,55.35,1.5864560329097905
20,55.400000000000006,1.5873299208563187
20,55.45,1.5882034556984825
20,55.5,1.589076637795753
20,55.550000000000004,1.5899494675069004
20,55.6,1.5908219451899979
20,55.650000000000006,1.5916940712024208
20,55.7,1.5925658459008496
20,55.75,1.5934372696412729
20,55.800000000000004,1.5943083427789895
20,55.85,1.595179065668609
20,55.900000000000006,1.5960494386640547
20,55.95,1.5969194621185694
20,56.0,1.5977891363847094
20,56.050000000000004,1.5986584618143544
20,56.1,1.599527438758706
20,56.150000000000006,1.600396067568289
20,56.2,1.6012643485929559
20,56.25,1.6021322821818877
20,56.300000000000004,1.602999868683595
20,56.35,1.6038671084459222
20,56.400000000000006,1.6047340018160476
20,56.45,1.6056005491404866
20,56.5,1.6064667507650932
20,56.550000000000004,1.6073326070350615
20,56.6,1.6081981182949299
20,56.650000000000006,1.609063284888579
20,56.7,1.6099281071592388
20,56.75,1.6107925854494844
20,56.800000000000004,1.6116567201012457
20,56.85,1.6125205114558017
20,56.900000000000006,1.6133839598537874
20,56.95,1.614247065635194
20,57.0,1.6151098291393708
20,57.050000000000004,1.6159722507050276
20,57.1,1.6168343306702364
20,57.150000000000006,1.6176960693724327
20,57.2,1.6185574671484178
20,57.25,1.6194185243343624
20,57.300000000000004,1.6202792412658062
20,57.35,1.6211396182776592
20,57.400000000000006,1.6219996557042051
20,57.45,1.6228593538791054
20,57.5,1.6237187131353967
20,57.550000000000004,1.624577733805493
20,57.6,1.6254364162211932
20,57.650000000000006,1.6262947607136766
20,57.7,1.6271527676135047
20,57.75,1.6280104372506303
20,57.800000000000004,1.628867769954391
20,57.85,1.629724766053514
20,57.900000000000006,1.63058142587612
20,57.95,1.6314377497497212
20,58.0,1.6322937380012281
20,58.050000000000004,1.6331493909569441
20,58.1,1.634004708942575
20,58.150000000000006,1.6348596922832241
20,58.2,1.6357143413034005
20,58.25,1.6365686563270132
20,58.300000000000004,1.6374226376773808
20,58.35,1.6382762856772264
20,58.400000000000006,1.6391296006486837
20,58.45,1.6399825829132968
20,58.5,1.6408352327920226
20,58.550000000000004,1.6416875506052329
20,58.6,1.6425395366727138
20,58.650000000000006,1.6433911913136712
20,58.7,1.644242514846729
20,58.75,1.6450935075899313
20,58.800000000000004,1.6459441698607467
20,58.85,1.646794501976068
20,58.900000000000006,1.6476445042522114
20,58.95,1.648494177004924
20,59.0,1.64934352054938
20,59.050000000000004,1.6501925352001858
20,59.1,1.6510412212713785
20,59.150000000000006,1.6518895790764323
20,59.2,1.652737608928254
20,59.25,1.6535853111391896
20,59.300000000000004,1.6544326860210223
20,59.35,1.6552797338849776
20,59.400000000000006,1.6561264550417223
20,59.45,1.6569728498013676
20,59.5,1.6578189184734686
20,59.550000000000004,1.6586646613670282
20,59.6,1.6595100787904968
20,59.650000000000006,1.6603551710517754
20,59.7,1.6611999384582166
20,59.75,1.6620443813166261
20,59.800000000000004,1.6628884999332627
20,59.85,1.6637322946138422
20,59.900000000000006,1.6645757656635383
20,59.95,1.6654189133869848
20,60.0,1.6662617380882725
20,60.050000000000004,1.667104240070958
20,60.1,1.6679464196380593
20,60.150000000000006,1.6687882770920608
20,60.2,1.6696298127349125
20,60.25,1.670471026868033
20,60.300000000000004,1.6713119197923096
20,60.35,1.672152491808103
20,60.400000000000006,1.6729927432152425
20,60.45,1.6738326743130343
20,60.5,1.674672285400259
20,60.550000000000004,1.6755115767751736
20,60.6,1.6763505487355135
20,60.650000000000006,1.6771892015784942
20,60.7,1.6780275356008123
20,60.75,1.6788655510986463
20,60.800000000000004,1.6797032483676588
20,60.85,1.6805406277029984
20,60.900000000000006,1.681377689399298
20,60.95,1.6822144337506826
20,61.0,1.6830508610507642
20,61.050000000000004,1.6838869715926459
20,61.1,1.6847227656689223
20,61.150000000000006,1.6855582435716836
20,61.2,1.686393405592514
20,61.25,1.6872282520224937
20,61.300000000000004,1.688062783152202
20,61.35,1.6888969992717147
20,61.400000000000006,1.6897309006706114
20,61.45,1.690564487637971
20,61.5,1.691397760462376
20,61.550000000000004,1.6922307194319146
20,61.6,1.6930633648341795
20,61.650000000000006,1.693895696956271
20,61.7,1.6947277160847976
20,61.75,1.695559422505878
20,61.800000000000004,1.6963908165051413
20,61.85,1.6972218983677296
20,61.900000000000006,1.6980526683782977
20,61.95,1.6988831268210172
20,62.0,1.6997132739795735
20,62.050000000000004,1.7005431101371709
20,62.1,1.7013726355765326
20,62.150000000000006,1.7022018505799017
20,62.2,1.7030307554290416
20,62.25,1.7038593504052406
20,62.300000000000004,1.7046876357893073
20,62.35,1.7055156118615797
20,62.400000000000006,1.7063432789019184
20,62.45,1.7071706371897128
20,62.5,1.7079976870038822
20,62.550000000000004,1.7088244286228744
20,62.6,1.7096508623246696
20,62.650000000000006,1.7104769883867803
20,62.7,1.7113028070862513
20,62.75,1.712128318699664
20,62.800000000000004,1.712953523503136
20,62.85,1.713778421772321
20,62.900000000000006,1.714603013782411
20,62.95,1.7154272998081401
20,63.0,1.716251280123781
20,63.050000000000004,1.7170749550031486
20,63.1,1.717898324719602
20,63.150000000000006,1.7187213895460454
20,63.2,1.7195441497549262
20,63.25,1.7203666056182405
20,63.300000000000004,1.7211887574075326
20,63.35,1.7220106053938937
20,63.400000000000006,1.722832149847968
20,63.45,1.7236533910399496
20,63.5,1.724474329239584
20,63.550000000000004,1.7252949647161733
20,63.6,1.7261152977385725
20,63.650000000000006,1.726935328575192
20,63.7,1.7277550574940017
20,63.75,1.7285744847625257
20,63.800000000000004,1.7293936106478522
20,63.85,1.7302124354166268
20,63.900000000000006,1.7310309593350564
20,63.95,1.7318491826689117
20,64.0,1.7326671056835277
20,64.05,1.7334847286438022
20,64.10000000000001,1.734302051814201
20,64.15,1.7351190754587553
20,64.2,1.7359357998410656
20,64.25,1.7367522252243006
20,64.3,1.7375683518712004
20,64.35000000000001,1.7383841800440747
20,64.4,1.7391997100048073
20,64.45,1.7400149420148554
20,64.5,1.740829876335248
20,64.55,1.741644513226593
20,64.60000000000001,1.742458852949073
20,64.65,1.7432728957624495
20,64.7,1.7440866419260626
20,64.75,1.7449000916988295
20,64.8,1.7457132453392514
20,64.85000000000001,1.74652610310541
20,64.9,1.7473386652549705
20,64.95,1.7481509320451805
20,65.0,1.748962903732873
20,65.05,1.7497745805744687
20,65.10000000000001,1.7505859628259726
20,65.15,1.7513970507429777
20,65.2,1.752207844580669
20,65.25,1.7530183445938183
20,65.3,1.753828551036789
20,65.35000000000001,1.7546384641635369
20,65.4,1.75544808422761
20,65.45,1.756257411482151
20,65.5,1.7570664461798964
20,65.55,1.7578751885731796
20,65.60000000000001,1.7586836389139298
20,65.65,1.7594917974536752
20,65.7,1.7602996644435416
20,65.75,1.7611072401342547
20,65.8,1.76191452477614
20,65.85000000000001,1.7627215186191274
20,65.9,1.763528221912746
20,65.95,1.7643346349061297
20,66.0,1.7651407578480185
20,66.05,1.765946590986755
20,66.10000000000001,1.76675213457029
20,66.15,1.7675573888461797
20,66.2,1.768362354061591
20,66.25,1.7691670304632983
20,66.3,1.769971418297686
20,66.35000000000001,1.7707755178107496
20,66.4,1.7715793292480966
20,66.45,1.7723828528549475
20,66.5,1.7731860888761366
20,66.55,1.7739890375561107
20,66.60000000000001,1.7747916991389354
20,66.65,1.775594073868291
20,66.7,1.7763961619874742
20,66.75,1.777197963739401
20,66.8,1.7779994793666065
20,66.85000000000001,1.778800709111246
20,66.9,1.7796016532150938
20,66.95,1.7804023119195485
20,67.0,1.7812026854656289
20,67.05,1.782002774093979
20,67.10000000000001,1.7828025780448657
20,67.15,1.7836020975581817
20,67.2,1.7844013328734478
20,67.25,1.7852002842298078
20,67.3,1.7859989518660349
20,67.35000000000001,1.786797336020532
20,67.4,1.787595436931332
20,67.45,1.7883932548360943
20,67.5,1.789190789972113
20,67.55,1.7899880425763133
20,67.60000000000001,1.790785012885252
20,67.65,1.791581701135123
20,67.7,1.7923781075617498
20,67.75,1.7931742324005935
20,67.8,1.7939700758867538
20,67.85000000000001,1.7947656382549635
20,67.9,1.795560919739594
20,67.95,1.7963559205746584
20,68.0,1.797150640993805
20,68.05,1.7979450812303244
20,68.10000000000001,1.7987392415171486
20,68.15,1.7995331220868505
20,68.2,1.800326723171646
20,68.25,1.8011200450033942
20,68.3,1.801913087813599
20,68.35000000000001,1.8027058518334078
20,68.4,1.8034983372936166
20,68.45,1.8042905444246649
20,68.5,1.8050824734566415
20,68.55,1.8058741246192824
20,68.60000000000001,1.806665498141974
20,68.65,1.8074565942537497
20,68.7,1.808247413183296
20,68.75,1.8090379551589504
20,68.8,1.8098282204086993
20,68.85000000000001,1.8106182091601863
20,68.9,1.8114079216407055
20,68.95,1.8121973580772068
20,69.0,1.812986518696293
20,69.05,1.8137754037242262
20,69.10000000000001,1.814564013386922
20,69.15,1.815352347909955
20,69.2,1.8161404075185563
20,69.25,1.816928192437618
20,69.3,1.8177157028916884
20,69.35000000000001,1.8185029391049798
20,69.4,1.8192899013013637
20,69.45,1.8200765897043722
20,69.5,1.8208630045372012
20,69.55,1.8216491460227104
20,69.60000000000001,1.8224350143834227
20,69.65,1.8232206098415227
20,69.7,1.824005932618866
20,69.75,1.8247909829369702
20,69.8,1.825575761017021
20,69.85000000000001,1.8263602670798706
20,69.9,1.8271445013460403
20,69.95,1.8279284640357207
20,70.0,1.8287121553687706
20,70.05,1.8294955755647202
20,70.10000000000001,1.8302787248427697
20,70.15,1.8310616034217917
20,70.2,1.8318442115203313
20,70.25,1.8326265493566054
20,70.3,1.8334086171485064
20,70.35000000000001,1.8341904151136001
20,70.4,1.8349719434691272
20,70.45,1.835753202432005
20,70.5,1.8365341922188256
20,70.55,1.8373149130458615
20,70.60000000000001,1.8380953651290588
20,70.65,1.8388755486840451
20,70.7,1.8396554639261267
20,70.75,1.8404351110702883
20,70.8,1.8412144903311964
20,70.85000000000001,1.8419936019231977
20,70.9,1.8427724460603225
20,70.95,1.8435510229562801
20,71.0,1.8443293328244668
20,71.05,1.845107375877961
20,71.10000000000001,1.8458851523295237
20,71.15,1.8466626623916047
20,71.2,1.8474399062763354
20,71.25,1.8482168841955366
20,71.3,1.8489935963607151
20,71.35000000000001,1.849770042983065
20,71.4,1.850546224273469
20,71.45,1.851322140442498
20,71.5,1.8520977917004124
20,71.55,1.8528731782571655
20,71.60000000000001,1.8536483003223976
20,71.65,1.8544231581054413
20,71.7,1.8551977518153229
20,71.75,1.8559720816607599
20,71.8,1.8567461478501626
20,71.85000000000001,1.857519950591637
20,71.9,1.8582934900929826
20,71.95,1.8590667665616931
20,72.0,1.8598397802049593
20,72.05,1.860612531229667
20,72.10000000000001,1.8613850198424
20,72.15,1.8621572462494396
20,72.2,1.862929210656764
20,72.25,1.8637009132700517
20,72.3,1.864472354294679
20,72.35000000000001,1.865243533935723
20,72.4,1.8660144523979623
20,72.45,1.8667851098858723
20,72.5,1.867555506603637
20,72.55,1.868325642755136
20,72.60000000000001,1.8690955185439564
20,72.65,1.869865134173385
20,72.7,1.8706344898464162
20,72.75,1.8714035857657467
20,72.8,1.872172422133778
20,72.85000000000001,1.8729409991526198
20,72.9,1.8737093170240857
20,72.95,1.8744773759496969
20,73.0,1.875245176130682
20,73.05,1.876012717767979
20,73.10000000000001,1.876780001062232
20,73.15,1.8775470262137959
20,73.2,1.8783137934227345
20,73.25,1.8790803028888232
20,73.3,1.8798465548115466
20,73.35000000000001,1.8806125493901011
20,73.4,1.881378286823396
20,73.45,1.8821437673100518
20,73.5,1.8829089910484025
20,73.55,1.883673958236496
20,73.60000000000001,1.8844386690720931
20,73.65,1.8852031237526725
20,73.7,1.8859673224754236
20,73.75,1.8867312654372546
20,73.8,1.8874949528347886
20,73.85000000000001,1.888258384864367
20,73.9,1.8890215617220465
20,73.95,1.8897844836036028
20,74.0,1.8905471507045313
20,74.05,1.8913095632200443
20,74.10000000000001,1.892071721345074
20,74.15,1.8928336252742732
20,74.2,1.8935952752020144
20,74.25,1.8943566713223927
20,74.3,1.8951178138292228
20,74.35000000000001,1.8958787029160435
20,74.4,1.8966393387761142
20,74.45,1.8973997216024192
20,74.5,1.8981598515876648
20,74.55,1.898919728924282
20,74.60000000000001,1.8996793538044274
20,74.65,1.9004387264199822
20,74.7,1.9011978469625528
20,74.75,1.9019567156234725
20,74.8,1.9027153325938002
20,74.85000000000001,1.9034736980643225
20,74.9,1.9042318122255553
20,74.95,1.9049896752677395
20,75.0,1.9057472873808483
20,75.05,1.9065046487545803
20,75.10000000000001,1.9072617595783663
20,75.15,1.9080186200413671
20,75.2,1.908775230332474
20,75.25,1.909531590640308
20,75.3,1.9102877011532238
20,75.35000000000001,1.9110435620593063
20,75.4,1.9117991735463755
20,75.45,1.9125545358019822
20,75.5,1.91330964901341
20,75.55,1.9140645133676801
20,75.60000000000001,1.9148191290515455
20,75.65,1.9155734962514952
20,75.7,1.9163276151537523
20,75.75,1.9170814859442784
20,75.8,1.9178351088087684
20,75.85000000000001,1.9185884839326572
20,75.9,1.9193416115011155
20,75.95,1.9200944916990497
20,76.0,1.9208471247111099
20,76.05,1.9215995107216781
20,76.10000000000001,1.9223516499148827
20,76.15,1.9231035424745868
20,76.2,1.9238551885843942
20,76.25,1.9246065884276518
20,76.3,1.9253577421874444
20,76.35000000000001,1.9261086500466014
20,76.4,1.9268593121876911
20,76.45,1.927609728793027
20,76.5,1.9283599000446632
20,76.55,1.9291098261243993
20,76.60000000000001,1.9298595072137763
20,76.65,1.9306089434940814
20,76.7,1.931358135146345
20,76.75,1.9321070823513438
20,76.80000000000001,1.9328557852895996
20,76.85000000000001,1.9336042441413812
20,76.9,1.9343524590866994
20,76.95,1.9351004303053192
20,77.0,1.9358481579767466
20,77.05000000000001,1.9365956422802375
20,77.10000000000001,1.9373428833947983
20,77.15,1.93808988149918
20,77.2,1.9388366367718852
20,77.25,1.9395831493911648
20,77.30000000000001,1.940329419535021
20,77.35000000000001,1.9410754473812046
20,77.4,1.9418212331072187
20,77.45,1.942566776890317
20,77.5,1.9433120789075038
20,77.55000000000001,1.9440571393355368
20,77.60000000000001,1.9448019583509266
20,77.65,1.9455465361299347
20,77.7,1.9462908728485768
20,77.75,1.9470349686826232
20,77.80000000000001,1.9477788238075977
20,77.85000000000001,1.9485224383987771
20,77.9,1.9492658126311975
20,77.95,1.950008946679645
20,78.0,1.9507518407186646
20,78.05000000000001,1.951494494922557
20,78.10000000000001,1.9522369094653795
20,78.15,1.952979084520946
20,78.2,1.9537210202628281
20,78.25,1.954462716864356
20,78.30000000000001,1.9552041744986168
20,78.35000000000001,1.9559453933384565
20,78.4,1.9566863735564801
20,78.45,1.957427115325053
20,78.5,1.9581676188163
20,78.55000000000001,1.9589078842021055
20,78.60000000000001,1.9596479116541152
20,78.65,1.9603877013437347
20,78.7,1.961127253442133
20,78.75,1.961866568120239
20,78.80000000000001,1.9626056455487437
20,78.85000000000001,1.963344485898104
20,78.9,1.9640830893385357
20,78.95,1.9648214560400201
20,79.0,1.9655595861723008
20,79.05000000000001,1.9662974799048885
20,79.10000000000001,1.9670351374070543
20,79.15,1.9677725588478374
20,79.2,1.9685097443960415
20,79.25,1.9692466942202358
20,79.30000000000001,1.9699834084887549
20,79.35000000000001,1.9707198873697005
20,79.4,1.9714561310309415
20,79.45,1.9721921396401132
20,79.5,1.9729279133646187
20,79.55000000000001,1.97366345237163
20,79.60000000000001,1.9743987568280859
20,79.65,1.9751338269006955
20,79.7,1.9758686627559348
20,79.75,1.9766032645600515
20,79.80000000000001,1.977337632479062
20,79.85000000000001,1.9780717666787524
20,79.9,1.9788056673246808
20,79.95,1.9795393345821741
20,80.0,1.9802727686163335
20,80.05000000000001,1.9810059695920295
20,80.10000000000001,1.9817389376739043
20,80.15,1.982471673026375
20,80.2,1.9832041758136287
20,80.25,1.9839364461996267
20,80.30000000000001,1.984668484348104
20,80.35000000000001,1.9854002904225694
20,80.4,1.9861318645863058
20,80.45,1.9868632070023708
20,80.5,1.9875943178335964
20,80.55000000000001,1.9883251972425884
20,80.60000000000001,1.989055845391732
20,80.65,1.9897862624431852
20,80.7,1.990516448558884
20,80.75,1.9912464039005393
20,80.80000000000001,1.9919761286296407
20,80.85000000000001,1.9927056229074547
20,80.9,1.993434886895024
20,80.95,1.9941639207531716
20,81.0,1.9948927246424988
20,81.05000000000001,1.9956212987233828
20,81.10000000000001,1.9963496431559835
20,81.15,1.9970777581002372
20,81.2,1.9978056437158633
20,81.25,1.9985333001623564
20,81.30000000000001,1.9992607275989969
20,81.35000000000001,1.9999879261848426
20,81.4,2.0007148960787338
20,81.45,2.001441637439291
20,81.5,2.0021681504249185
20,81.55000000000001,2.0028944351938014
20,81.60000000000001,2.003620491903906
20,81.65,2.004346320712985
20,81.7,2.005071921778571
20,81.75,2.0057972952579814
20,81.80000000000001,2.006522441308316
20,81.85000000000001,2.0072473600864624
20,81.9,2.007972051749089
20,81.95,2.0086965164526487
20,82.0,2.009420754353383
20,82.05000000000001,2.010144765607316
20,82.10000000000001,2.0108685503702586
20,82.15,2.011592108797808
20,82.2,2.0123154410453465
20,82.25,2.0130385472680454
20,82.30000000000001,2.013761427620861
20,82.35000000000001,2.014484082258537
20,82.4,2.0152065113356072
20,82.45,2.015928715006391
20,82.5,2.0166506934249973
20,82.55000000000001,2.017372446745322
20,82.60000000000001,2.0180939751210536
20,82.65,2.0188152787056657
20,82.7,2.019536357652425
20,82.75,2.0202572121143856
20,82.80000000000001,2.020977842244394
20,82.85000000000001,2.021698248195084
20,82.9,2.022418430118885
20,82.95,2.0231383881680136
20,83.0,2.0238581224944796
20,83.05000000000001,2.024577633250084
20,83.10000000000001,2.025296920586421
20,83.15,2.0260159846548755
20,83.2,2.026734825606628
20,83.25,2.0274534435926483
20,83.30000000000001,2.028171838763703
20,83.35000000000001,2.0288900112703496
20,83.4,2.0296079612629416
20,83.45,2.0303256888916263
20,83.5,2.0310431943063447
20,83.55000000000001,2.0317604776568334
20,83.60000000000001,2.0324775390926244
20,83.65,2.033194378763044
20,83.7,2.033910996817216
20,83.75,2.0346273934040595
20,83.80000000000001,2.0353435686722885
20,83.85000000000001,2.0360595227704175
20,83.9,2.0367752558467536
20,83.95,2.0374907680494045
20,84.0,2.0382060595262734
20,84.05000000000001,2.038921130425063
20,84.10000000000001,2.039635980893272
20,84.15,2.0403506110781997
20,84.2,2.041065021126943
20,84.25,2.0417792111863986
20,84.30000000000001,2.042493181403262
20,84.35000000000001,2.0432069319240287
20,84.4,2.043920462894994
20,84.45,2.0446337744622527
20,84.5,2.045346866771701
20,84.55000000000001,2.046059739969036
20,84.60000000000001,2.0467723941997544
20,84.65,2.0474848296091572
20,84.7,2.0481970463423442
20,84.75,2.048909044544218
20,84.80000000000001,2.0496208243594847
20,84.85000000000001,2.0503323859326508
20,84.9,2.051043729408026
20,84.95,2.0517548549297255
20,85.0,2.0524657626416656
20,85.05000000000001,2.053176452687566
20,85.10000000000001,2.0538869252109517
20,85.15,2.054597180355151
20,85.2,2.055307218263297
20,85.25,2.0560170390783283
20,85.30000000000001,2.0567266429429876
20,85.35000000000001,2.0574360299998213
20,85.4,2.0581452003911864
20,85.45,2.05885415425924
20,85.5,2.059562891745949
20,85.55000000000001,2.060271412993086
20,85.60000000000001,2.06097971814223
20,85.65,2.061687807334767
20,85.7,2.0623956807118895
20,85.75,2.063103338414598
20,85.80000000000001,2.063810780583704
20,85.85000000000001,2.0645180073598217
20,85.9,2.065225018883376
20,85.95,2.0659318152946025
20,86.0,2.0666383967335427
20,86.05000000000001,2.0673447633400475
20,86.10000000000001,2.068050915253779
20,86.15,2.0687568526142086
20,86.2,2.069462575560616
20,86.25,2.070168084232093
20,86.30000000000001,2.0708733787675415
20,86.35000000000001,2.0715784593056723
20,86.4,2.072283325985011
20,86.45,2.072987978943891
20,86.5,2.073692418320459
20,86.55000000000001,2.0743966442526727
20,86.60000000000001,2.075100656878303
20,86.65,2.0758044563349305
20,86.7,2.076508042759953
20,86.75,2.0772114162905773
20,86.80000000000001,2.077914577063824
20,86.85000000000001,2.0786175252165284
20,86.9,2.0793202608853396
20,86.95,2.0800227842067187
20,87.0,2.0807250953169416
20,87.05000000000001,2.0814271943521
20,87.10000000000001,2.082129081448099
20,87.15,2.082830756740659
20,87.2,2.083532220365316
20,87.25,2.0842334724574214
20,87.30000000000001,2.0849345131521413
20,87.35000000000001,2.085635342584459
20,87.4,2.0863359608891727
20,87.45,2.0870363682009003
20,87.5,2.0877365646540715
20,87.55000000000001,2.088436550382936
20,87.60000000000001,2.0891363255215625
20,87.65,2.0898358902038323
20,87.7,2.090535244563449
20,87.75,2.0912343887339317
20,87.80000000000001,2.0919333228486185
20,87.85000000000001,2.0926320470406665
20,87.9,2.09333056144305
20,87.95,2.094028866188565
20,88.0,2.0947269614098225
20,88.05000000000001,2.095424847239259
20,88.10000000000001,2.096122523809124
20,88.15,2.096819991251492
20,88.2,2.0975172496982557
20,88.25,2.0982142992811297
20,88.30000000000001,2.0989111401316465
20,88.35000000000001,2.099607772381163
20,88.4,2.1003041961608546
20,88.45,2.10100041160172
20,88.5,2.1016964188345777
20,88.55000000000001,2.102392217990071
20,88.60000000000001,2.1030878091986627
20,88.65,2.1037831925906403
20,88.7,2.104478368296111
20,88.75,2.1051733364450076
20,88.80000000000001,2.1058680971670847
20,88.85000000000001,2.106562650591922
20,88.9,2.1072569968489203
20,88.95,2.1079511360673058
20,89.0,2.1086450683761293
20,89.05000000000001,2.109338793904265
20,89.10000000000001,2.1100323127804117
20,89.15,2.110725625133094
20,89.2,2.111418731090661
20,89.25,2.112111630781287
20,89.30000000000001,2.112804324332971
20,89.35000000000001,2.113496811873538
20,89.4,2.114189093530642
20,89.45,2.1148811694317597
20,89.5,2.1155730397041954
20,89.55000000000001,2.116264704475082
20,89.60000000000001,2.116956163871376
20,89.65,2.1176474180198626
20,89.7,2.1183384670471552
20,89.75,2.1190293110796947
20,89.80000000000001,2.119719950243748
20,89.85000000000001,2.120410384665414
20,89.9,2.1211006144706155
20,89.95,2.1217906397851065
20,90.0,2.1224804607344696
20,90.05000000000001,2.1231700774441156
20,90.10000000000001,2.123859490039286
20,90.15,2.1245486986450492
20,90.2,2.125237703386307
20,90.25,2.1259265043877877
20,90.30000000000001,2.126615101774052
20,90.35000000000001,2.127303495669491
20,90.4,2.127991686198325
20,90.45,2.1286796734846054
20,90.5,2.129367457652217
20,90.55000000000001,2.130055038824872
20,90.60000000000001,2.130742417126118
20,90.65,2.131429592679332
20,90.7,2.132116565607725
20,90.75,2.1328033360343372
20,90.80000000000001,2.133489904082044
20,90.85000000000001,2.134176269873552
20,90.9,2.1348624335314024
20,90.95,2.135548395177967
20,91.0,2.1362341549354538
20,91.05000000000001,2.1369197129259017
20,91.10000000000001,2.1376050692711845
20,91.15,2.138290224093011
20,91.2,2.1389751775129215
20,91.25,2.139659929652296
20,91.30000000000001,2.1403444806323426
20,91.35000000000001,2.1410288305741085
20,91.4,2.1417129795984753
20,91.45,2.14239692782616
20,91.5,2.143080675377714
20,91.55000000000001,2.143764222373526
20,91.60000000000001,2.144447568933819
20,91.65,2.1451307151786536
20,91.7,2.1458136612279266
20,91.75,2.1464964072013717
20,91.80000000000001,2.147178953218558
20,91.85000000000001,2.1478612993988935
20,91.9,2.1485434458616224
20,91.95,2.1492253927258265
20,92.0,2.1499071401104266
20,92.05000000000001,2.1505886881341794
20,92.10000000000001,2.151270036915682
20,92.15,2.151951186573366
20,92.2,2.152632137225507
20,92.25,2.1533128889902153
20,92.30000000000001,2.153993441985442
20,92.35000000000001,2.1546737963289773
20,92.4,2.155353952138449
20,92.45,2.156033909531327
20,92.5,2.156713668624921
20,92.55000000000001,2.157393229536379
20,92.60000000000001,2.1580725923826907
20,92.65,2.158751757280686
20,92.7,2.159430724347034
20,92.75,2.160109493698247
20,92.80000000000001,2.1607880654506775
20,92.85000000000001,2.1614664397205194
20,92.9,2.162144616623808
20,92.95,2.1628225962764205
20,93.0,2.163500378794076
20,93.05000000000001,2.164177964292336
20,93.10000000000001,2.164855352886603
20,93.15,2.1655325446921254
20,93.2,2.1662095398239902
20,93.25,2.1668863383971306
20,93.30000000000001,2.1675629405263224
20,93.35000000000001,2.1682393463261835
20,93.4,2.1689155559111764
20,93.45,2.169591569395608
20,93.5,2.1702673868936273
20,93.55000000000001,2.1709430085192296
20,93.60000000000001,2.1716184343862546
20,93.65,2.1722936646083846
20,93.7,2.1729686992991484
20,93.75,2.1736435385719197
20,93.80000000000001,2.1743181825399183
20,93.85000000000001,2.1749926313162065
20,93.9,2.175666885013697
20,93.95,2.176340943745143
20,94.0,2.177014807623148
20,94.05000000000001,2.1776884767601605
20,94.10000000000001,2.1783619512684744
20,94.15,2.1790352312602304
20,94.2,2.1797083168474196
20,94.25,2.180381208141875
20,94.30000000000001,2.1810539052552795
20,94.35000000000001,2.181726408299165
20,94.4,2.1823987173849075
20,94.45,2.1830708326237342
20,94.5,2.1837427541267176
20,94.55000000000001,2.1844144820047817
20,94.60000000000001,2.185086016368697
20,94.65,2.1857573573290816
20,94.7,2.1864285049964045
20,94.75,2.1870994594809834
20,94.80000000000001,2.1877702208929843
20,94.85000000000001,2.188440789342425
20,94.9,2.1891111649391704
20,94.95,2.1897813477929358
20,95.0,2.1904513380132875
20,95.05000000000001,2.1911211357096425
20,95.10000000000001,2.1917907409912663
20,95.15,2.192460153967277
20,95.2,2.193129374746641
20,95.25,2.1937984034381808
20,95.30000000000001,2.1944672401505647
20,95.35000000000001,2.1951358849923155
20,95.4,2.195804338071806
20,95.45,2.196472599497262
20,95.5,2.1971406693767617
20,95.55000000000001,2.197808547818234
20,95.60000000000001,2.198476234929462
20,95.65,2.1991437308180806
20,95.7,2.1998110355915763
20,95.75,2.20047814935729
20,95.80000000000001,2.2011450722224177
20,95.85000000000001,2.201811804294004
20,95.9,2.202478345678951
20,95.95,2.203144696484013
20,96.0,2.2038108568157986
20,96.05000000000001,2.2044768267807715
20,96.10000000000001,2.205142606485249
20,96.15,2.2058081960354
20,96.2,2.2064735955372545
20,96.25,2.207138805096692
20,96.30000000000001,2.20780382481945
20,96.35000000000001,2.2084686548111194
20,96.4,2.2091332951771485
20,96.45,2.209797746022839
20,96.5,2.2104620074533505
20,96.55000000000001,2.2111260795736998
20,96.60000000000001,2.211789962488756
20,96.65,2.212453656303247
20,96.7,2.2131171611217586
20,96.75,2.2137804770487306
20,96.80000000000001,2.2144436041884603
20,96.85000000000001,2.215106542645106
20,96.9,2.2157692925226797
20,96.95,2.21643185392505
20,97.0,2.217094226955947
20,97.05000000000001,2.217756411718955
20,97.10000000000001,2.21841840831752
20,97.15,2.219080216854944
20,97.2,2.2197418374343885
20,97.25,2.2204032701588736
20,97.30000000000001,2.2210645151312765
20,97.35000000000001,2.221725572454336
20,97.4,2.22238644223065
20,97.45,2.2230471245626737
20,97.5,2.2237076195527234
20,97.55000000000001,2.2243679273029753
20,97.60000000000001,2.2250280479154667
20,97.65,2.225687981492092
20,97.7,2.226347728134608
20,97.75,2.2270072879446325
20,97.80000000000001,2.2276666610236417
20,97.85000000000001,2.2283258474729775
20,97.9,2.228984847393836
20,97.95,2.229643660887281
20,98.0,2.2303022880542342
20,98.05000000000001,2.2309607289954805
20,98.10000000000001,2.2316189838116647
20,98.15,2.2322770526032962
20,98.2,2.2329349354707446
20,98.25,2.233592632514243
20,98.30000000000001,2.234250143833886
20,98.35000000000001,2.2349074695296327
20,98.4,2.2355646097013033
20,98.45,2.2362215644485826
20,98.5,2.236878333871017
20,98.55000000000001,2.2375349180680177
20,98.60000000000001,2.2381913171388588
20,98.65,2.2388475311826794
20,98.7,2.239503560298481
20,98.75,2.2401594045851305
20,98.80000000000001,2.2408150641413602
20,98.85000000000001,2.2414705390657628
20,98.9,2.242125829456801
20,98.95,2.2427809354127977
20,99.0,2.2434358570319444
20,99.05000000000001,2.2440905944122957
20,99.10000000000001,2.2447451476517744
20,99.15,2.245399516848164
20,99.2,2.246053702099119
20,99.25,2.2467077035021568
20,99.30000000000001,2.2473615211546623
20,99.35000000000001,2.248015155153886
20,99.4,2.2486686055969445
20,99.45,2.249321872580823
20,99.5,2.2499749562023714
20,99.55000000000001,2.250627856558308
20,99.60000000000001,2.251280573745218
20,99.65,2.251933107859554
20,99.7,2.2525854589976353
20,99.75,2.25323762725565
20,99.80000000000001,2.2538896127296546
20,99.85000000000001,2.254541415515571
20,99.9,2.2551930357091945
20,99.95,2.255844473406183
50,0.0,0.004462209268896325
50,0.05,0.008682642752534539
50,0.1,0.012692714706816148
50,0.15000000000000002,0.016518429512995588
50,0.2,0.02018149783563872
50,0.25,0.023700188144077636
50,0.30000000000000004,0.027089983920161126
50,0.35000000000000003,0.030364096307424884
50,0.4,0.033533867917643186
50,0.45,0.03660909377595208
50,0.5,0.03959827853727099
50,0.55,0.04250884422403118
50,0.6000000000000001,0.04534729921068513
50,0.65,0.04811937660693219
50,0.7000000000000001,0.0508301482922342
50,0.75,0.0534841194383475
50,0.8,0.056085307291256756
50,0.8500000000000001,0.05863730717525217
50,0.9,0.06114334806301927
50,0.9500000000000001,0.06360633957829198
50,1.0,0.06602891192679305
50,1.05,0.06841344996108713
50,1.1,0.07076212235656368
50,1.1500000000000001,0.07307690669480131
50,1.2000000000000002,0.07535961110636316
50,1.25,0.0776118930095184
50,1.3,0.07983527538830472
50,1.35,0.082031160977986
50,1.4000000000000001,0.08420084466466178
50,1.4500000000000002,0.08634552435569555
50,1.5,0.08846631053651516
50,1.55,0.0905642346954659
50,1.6,0.09264025677036192
50,1.6500000000000001,0.09469527174710678
50,1.7000000000000002,0.09673011552134625
50,1.75,0.09874557011789246
50,1.8,0.10074236834903062
50,1.85,0.10272119798136128
50,1.9000000000000001,0.104682705471139
50,1.9500000000000002,0.10662749931987107
50,2.0,0.10855615309496978
50,2.0500000000000003,0.11046920815431704
50,2.1,0.11236717610853242
50,2.15,0.1142505410503935
50,2.2,0.11611976157713366
50,2.25,0.11797527262813656
50,2.3000000000000003,0.11981748715778036
50,2.35,0.12164679766079717
50,2.4000000000000004,0.12346357756544135
50,2.45,0.12526818250796243
50,2.5,0.1270609515003179
50,2.5500000000000003,0.1288422080016936
50,2.6,0.13061226090321373
50,2.6500000000000004,0.13237140543417691
50,2.7,0.13411992399724423
50,2.75,0.13585808693920173
50,2.8000000000000003,0.13758615326321422
50,2.85,0.139304371287865
50,2.9000000000000004,0.1410129792577292
50,2.95,0.14271220590973874
50,3.0,0.14440227099916922
50,3.0500000000000003,0.1460833857887
50,3.1,0.14775575350365217
50,3.1500000000000004,0.14941956975621598
50,3.2,0.1510750229412042
50,3.25,0.15272229460563036
50,3.3000000000000003,0.1543615597941959
50,3.35,0.15599298737257886
50,3.4000000000000004,0.15761674033024178
50,3.45,0.15923297606432696
50,3.5,0.160841846646063
50,3.5500000000000003,0.1624434990709852
50,3.6,0.16403807549415841
50,3.6500000000000004,0.16562571345148935
50,3.7,0.1672065460681245
50,3.75,0.16878070225484434
50,3.8000000000000003,0.17034830689329336
50,3.85,0.1719094810108135
50,3.9000000000000004,0.17346434194558785
50,3.95,0.1750130035027478
50,4.0,0.17655557610204056
50,4.05,0.1780921669176127
50,4.1000000000000005,0.17962288001042012
50,4.15,0.1811478164537356
50,4.2,0.18266707445219127
50,4.25,0.18418074945476076
50,4.3,0.18568893426205543
50,4.3500000000000005,0.18719171912828186
50,4.4,0.18868919185818325
50,4.45,0.19018143789926567
50,4.5,0.19166854042958623
50,4.55,0.19315058044136374
50,4.6000000000000005,0.1946276368206532
50,4.65,0.19609978642330897
50,4.7,0.1975671041474466
50,4.75,0.19902966300260105
50,4.800000000000001,0.20048753417576193
50,4.8500000000000005,0.20194078709445884
50,4.9,0.2033894894870565
50,4.95,0.20483370744041005
50,5.0,0.20627350545501982
50,5.050000000000001,0.20770894649781918
50,5.1000000000000005,0.20914009205271775
50,5.15,0.21056700216901558
50,5.2,0.21198973550779937
50,5.25,0.21340834938641975
50,5.300000000000001,0.21482289982115024
50,5.3500000000000005,0.21623344156811344
50,5.4,0.21764002816256506
50,5.45,0.21904271195661112
50,5.5,0.2204415441554383
50,5.550000000000001,0.2218365748521259
50,5.6000000000000005,0.22322785306110798
50,5.65,0.22461542675035015
50,5.7,0.2259993428722986
50,5.75,0.22737964739366173
50,5.800000000000001,0.22875638532407455
50,5.8500000000000005,0.2301296007436983
50,5.9,0.23149933682980486
50,5.95,0.2328656358823878
50,6.0,0.2342285393488476
50,6.050000000000001,0.23558808784778668
50,6.1000000000000005,0.23694432119195943
50,6.15,0.23829727841040801
50,6.2,0.23964699776982185
50,6.25,0.2409935167951546
50,6.300000000000001,0.2423368722895277
50,6.3500000000000005,0.24367710035345214
50,6.4,0.2450142364033967
50,6.45,0.24634831518972808
50,6.5,0.2476793708140521
50,6.550000000000001,0.24900743674597575
50,6.6000000000000005,0.25033254583931847
50,6.65,0.2516547303477902
50,6.7,0.25297402194016066
50,6.75,0.2542904517149387
50,6.800000000000001,0.2556040502145806
50,6.8500000000000005,0.2569148474392466
50,6.9,0.25822287286012274
50,6.95,0.2595281554323242
50,7.0,0.26083072360739723
50,7.050000000000001,0.2621306053454329
50,7.1000000000000005,0.26342782812681054
50,7.15,0.2647224189635814
50,7.2,0.26601440441050733
50,7.25,0.2673038105757671
50,7.300000000000001,0.2685906631313432
50,7.3500000000000005,0.2698749873230993
50,7.4,0.2711568079805605
50,7.45,0.27243614952640693
50,7.5,0.27371303598569063
50,7.550000000000001,0.274987490994786
50,7.6000000000000005,0.27625953781008256
50,7.65,0.27752919931642944
50,7.7,0.2787964980353405
50,7.75,0.28006145613296735
50,7.800000000000001,0.2813240954278488
50,7.8500000000000005,0.28258443739844646
50,7.9,0.28384250319046767
50,7.95,0.28509831362399096
50,8.0,0.2863518892003949
50,8.05,0.28760325010909776
50,8.1,0.28885241623411684
50,8.15,0.29009940716045046
50,8.200000000000001,0.2913442421802902
50,8.25,0.29258694029906746
50,8.3,0.2938275202413416
50,8.35,0.295066000456533
50,8.4,0.2963023991245061
50,8.450000000000001,0.29753673416100934
50,8.5,0.2987690232229728
50,8.55,0.2999992837136721
50,8.6,0.3012275327877588
50,8.65,0.3024537873561648
50,8.700000000000001,0.3036780640908835
50,8.75,0.304900379429628
50,8.8,0.3061207495803781
50,8.85,0.30733919052581005
50,8.9,0.308555718027621
50,8.950000000000001,0.30977034763074357
50,9.0,0.31098309466746177
50,9.05,0.31219397426142365
50,9.1,0.3134030013315593
50,9.15,0.3146101905959045
50,9.200000000000001,0.31581555657533195
50,9.25,0.31701911359719565
50,9.3,0.31822087579888864
50,9.35,0.3194208571313158
50,9.4,0.3206190713622886
50,9.450000000000001,0.3218155320798379
50,9.5,0.32301025269545075
50,9.55,0.3242032464472355
50,9.600000000000001,0.3253945264030104
50,9.65,0.3265841054633244
50,9.700000000000001,0.32777199636440946
50,9.75,0.32895821168106454
50,9.8,0.3301427638294779
50,9.850000000000001,0.3313256650699825
50,9.9,0.332506927509755
50,9.950000000000001,0.3336865631054497
50,10.0,0.3348645836657795
50,10.05,0.3360410008540369
50,10.100000000000001,0.3372158261905623
50,10.15,0.33838907105515736
50,10.200000000000001,0.3395607466894476
50,10.25,0.3407308641991922
50,10.3,0.34189943455654725
50,10.350000000000001,0.3430664686022792
50,10.4,0.34423197704793096
50,10.450000000000001,0.34539597047794346
50,10.5,0.3465584593517332
50,10.55,0.34771945400572446
50,10.600000000000001,0.34887896465534163
50,10.65,0.35003700139695776
50,10.700000000000001,0.35119357420980624
50,10.75,0.35234869295785026
50,10.8,0.35350236739161517
50,10.850000000000001,0.3546546071499856
50,10.9,0.35580542176196267
50,10.950000000000001,0.3569548206483884
50,11.0,0.35810281312363534
50,11.05,0.35924940839726127
50,11.100000000000001,0.3603946155756325
50,11.15,0.36153844366351334
50,11.200000000000001,0.3626809015656271
50,11.25,0.3638219980881825
50,11.3,0.36496174194037495
50,11.350000000000001,0.3661001417358539
50,11.4,0.36723720599416604
50,11.450000000000001,0.36837294314216773
50,11.5,0.3695073615154118
50,11.55,0.37064046935950745
50,11.600000000000001,0.37177227483145436
50,11.65,0.3729027860009511
50,11.700000000000001,0.3740320108516802
50,11.75,0.37515995728256696
50,11.8,0.3762866331090169
50,11.850000000000001,0.3774120460641283
50,11.9,0.3785362037998845
50,11.950000000000001,0.37965911388832074
50,12.0,0.3807807838226733
50,12.05,0.38190122101850515
50,12.100000000000001,0.38302043281481224
50,12.15,0.3841384264751084
50,12.200000000000001,0.38525520918849243
50,12.25,0.3863707880706936
50,12.3,0.3874851701651012
50,12.350000000000001,0.3885983624437734
50,12.4,0.38971037180842893
50,12.450000000000001,0.3908212050914217
50,12.5,0.3919308690566963
50,12.55,0.3930393704007299
50,12.600000000000001,0.3941467157534541
50,12.65,0.3952529116791633
50,12.700000000000001,0.39635796467740647
50,12.75,0.39746188118386166
50,12.8,0.3985646675711993
50,12.850000000000001,0.39966633014992675
50,12.9,0.4007668751692205
50,12.950000000000001,0.4018663088177439
50,13.0,0.40296463722445
50,13.05,0.40406186645937225
50,13.100000000000001,0.4051580025344011
50,13.15,0.40625305140404694
50,13.200000000000001,0.4073470189661911
50,13.25,0.40843991106282446
50,13.3,0.4095317334807738
50,13.350000000000001,0.41062249195241374
50,13.4,0.41171219215637095
50,13.450000000000001,0.4128008397182141
50,13.5,0.4138884402111323
50,13.55,0.41497499915660474
50,13.600000000000001,0.4160605220250566
50,13.65,0.41714501423650646
50,13.700000000000001,0.41822848116120165
50,13.75,0.4193109281202459
50,13.8,0.42039236038621297
50,13.850000000000001,0.4214727831837545
50,13.9,0.42255220169019486
50,13.950000000000001,0.4236306210361204
50,14.0,0.42470804630595405
50,14.05,0.4257844825385259
50,14.100000000000001,0.4268599347276331
50,14.15,0.4279344078225888
50,14.200000000000001,0.42900790672876543
50,14.25,0.4300804363081294
50,14.3,0.43115200137976506
50,14.350000000000001,0.43222260672039253
50,14.4,0.43329225706487867
50,14.450000000000001,0.43436095710673644
50,14.5,0.43542871149862017
50,14.55,0.4364955248528122
50,14.600000000000001,0.4375614017417007
50,14.65,0.4386263466982531
50,14.700000000000001,0.4396903642164798
50,14.75,0.4407534587518916
50,14.8,0.4418156347219515
50,14.850000000000001,0.4428768965065187
50,14.9,0.44393724844828475
50,14.950000000000001,0.44499669485320625
50,15.0,0.4460552399909292
50,15.05,0.44711288809520594
50,15.100000000000001,0.44816964336431
50,15.15,0.4492255099614389
50,15.200000000000001,0.45028049201511805
50,15.25,0.451334593619593
50,15.3,0.452387818835218
50,15.350000000000001,0.4534401716888401
50,15.4,0.4544916561741772
50,15.450000000000001,0.45554227625218835
50,15.5,0.4565920358514421
50,15.55,0.45764093886847806
50,15.600000000000001,0.4586889891681622
50,15.65,0.45973619058403975
50,15.700000000000001,0.46078254691868087
50,15.75,0.4618280619440218
50,15.8,0.46287273940170254
50,15.850000000000001,0.46391658300339794
50,15.9,0.46495959643114637
50,15.950000000000001,0.4660017833376706
50,16.0,0.4670431473466985
50,16.05,0.4680836920532751
50,16.1,0.46912342102407306
50,16.150000000000002,0.470162337797698
50,16.2,0.4712004458849897
50,16.25,0.47223774876931895
50,16.3,0.47327424990688033
50,16.35,0.4743099527269822
50,16.400000000000002,0.47534486063233045
50,16.45,0.4763789769993106
50,16.5,0.477412305178266
50,16.55,0.4784448484937695
50,16.6,0.4794766102448957
50,16.650000000000002,0.4805075937054859
50,16.7,0.48153780212441194
50,16.75,0.4825672387258352
50,16.8,0.4835959067094627
50,16.85,0.48462380925079995
50,16.900000000000002,0.4856509495013995
50,16.95,0.4866773305891082
50,17.0,0.48770295561830895
50,17.05,0.4887278276701611
50,17.1,0.48975194980283576
50,17.150000000000002,0.49077532505175164
50,17.2,0.49179795642980223
50,17.25,0.4928198469275868
50,17.3,0.4938409995136316
50,17.35,0.49486141713461423
50,17.400000000000002,0.49588110271558045
50,17.45,0.4969000591601626
50,17.5,0.4979182893507897
50,17.55,0.49893579614890093
50,17.6,0.4999525823951524
50,17.650000000000002,0.5009686509096218
50,17.7,0.5019840044920125
50,17.75,0.5029986459218531
50,17.8,0.5040125779586941
50,17.85,0.5050258033423052
50,17.900000000000002,0.5060383247928671
50,17.95,0.5070501450111606
50,18.0,0.508061266678757
50,18.05,0.5090716924582018
50,18.1,0.5100814249932
50,18.150000000000002,0.5110904669087954
50,18.2,0.5120988208115516
50,18.25,0.5131064892897261
50,18.3,0.5141134749134479
50,18.35,0.5151197802348881
50,18.400000000000002,0.516125407788431
50,18.45,0.5171303600908423
50,18.5,0.5181346396414356
50,18.55,0.5191382489222366
50,18.6,0.5201411903981454
50,18.650000000000002,0.5211434665170974
50,18.7,0.5221450797102214
50,18.75,0.5231460323919961
50,18.8,0.5241463269604062
50,18.85,0.5251459657970926
50,18.900000000000002,0.5261449512675073
50,18.95,0.5271432857210586
50,19.0,0.5281409714912628
50,19.05,0.5291380108958876
50,19.1,0.5301344062370961
50,19.150000000000002,0.5311301598015912
50,19.200000000000003,0.5321252738607546
50,19.25,0.5331197506707874
50,19.3,0.5341135924728472
50,19.35,0.5351068014931836
50,19.400000000000002,0.5360993799432731
50,19.450000000000003,0.5370913300199528
50,19.5,0.5380826539055508
50,19.55,0.5390733537680162
50,19.6,0.5400634317610478
50,19.650000000000002,0.5410528900242217
50,19.700000000000003,0.5420417306831153
50,19.75,0.543029955849433
50,19.8,0.544017567621128
50,19.85,0.5450045680825238
50,19.900000000000002,0.5459909593044345
50,19.950000000000003,0.5469767433442831
50,20.0,0.5479619222462194
50,20.05,0.5489464980412349
50,20.1,0.5499304727472782
50,20.150000000000002,0.5509138483693694
50,20.200000000000003,0.5518966268997105
50,20.25,0.5528788103177977
50,20.3,0.5538604005905302
50,20.35,0.55484139967232
50,20.400000000000002,0.5558218095051978
50,20.450000000000003,0.5568016320189202
50,20.5,0.5577808691310746
50,20.55,0.5587595227471822
50,20.6,0.5597375947608025
50,20.650000000000002,0.5607150870536332
50,20.700000000000003,0.5616920014956114
50,20.75,0.562668339945014
50,20.8,0.5636441042485545
50,20.85,0.5646192962414806
50,20.900000000000002,0.5655939177476724
50,20.950000000000003,0.5665679705797358
50,21.0,0.567541456539097
50,21.05,0.5685143774160959
50,21.1,0.569486734990079
50,21.150000000000002,0.5704585310294901
50,21.200000000000003,0.5714297672919608
50,21.25,0.5724004455244
50,21.3,0.5733705674630819
50,21.35,0.5743401348337345
50,21.400000000000002,0.5753091493516251
50,21.450000000000003,0.5762776127216469
50,21.5,0.5772455266384028
50,21.55,0.5782128927862912
50,21.6,0.5791797128395866
50,21.650000000000002,0.5801459884625239
50,21.700000000000003,0.5811117213093793
50,21.75,0.5820769130245493
50,21.8,0.5830415652426327
50,21.85,0.5840056795885087
50,21.900000000000002,0.5849692576774135
50,21.950000000000003,0.58593230111502
50,22.0,0.5868948114975125
50,22.05,0.5878567904116635
50,22.1,0.5888182394349077
50,22.150000000000002,0.5897791601354178
50,22.200000000000003,0.5907395540721753
50,22.25,0.5916994227950467
50,22.3,0.5926587678448532
50,22.35,0.5936175907534408
50,22.400000000000002,0.5945758930437549
50,22.450000000000003,0.595533676229906
50,22.5,0.5964909418172418
50,22.55,0.597447691302414
50,22.6,0.598403926173447
50,22.650000000000002,0.5993596479098036
50,22.700000000000003,0.600314857982454
50,22.75,0.6012695578539394
50,22.8,0.602223748978438
50,22.85,0.6031774328018302
50,22.900000000000002,0.6041306107617602
50,22.950000000000003,0.605083284287702
50,23.0,0.6060354548010217
50,23.05,0.606987123715037
50,23.1,0.6079382924350811
50,23.150000000000002,0.6088889623585644
50,23.200000000000003,0.6098391348750308
50,23.25,0.6107888113662221
50,23.3,0.6117379932061336
50,23.35,0.6126866817610743
50,23.400000000000002,0.6136348783897247
50,23.450000000000003,0.6145825844431942
50,23.5,0.6155298012650776
50,23.55,0.616476530191512
50,23.6,0.6174227725512328
50,23.650000000000002,0.6183685296656274
50,23.700000000000003,0.6193138028487919
50,23.75,0.620258593407585
50,23.8,0.6212029026416803
50,23.85,0.6221467318436222
50,23.900000000000002,0.6230900822988747
50,23.950000000000003,0.6240329552858782
50,24.0,0.6249753520760977
50,24.05,0.6259172739340753
50,24.1,0.6268587221174826
50,24.150000000000002,0.6277996978771676
50,24.200000000000003,0.6287402024572077
50,24.25,0.6296802370949574
50,24.3,0.630619803021098
50,24.35,0.6315589014596855
50,24.400000000000002,0.6324975336281994
50,24.450000000000003,0.6334357007375893
50,24.5,0.6343734039923237
50,24.55,0.6353106445904342
50,24.6,0.6362474237235648
50,24.650000000000002,0.637183742577015
50,24.700000000000003,0.6381196023297884
50,24.75,0.6390550041546332
50,24.8,0.6399899492180925
50,24.85,0.640924438680544
50,24.900000000000002,0.6418584736962458
50,24.950000000000003,0.6427920554133805
50,25.0,0.6437251849740958
50,25.05,0.6446578635145502
50,25.1,0.6455900921649532
50,25.150000000000002,0.6465218720496082
50,25.200000000000003,0.6474532042869529
50,25.25,0.6483840899896028
50,25.3,0.64931453026439
50,25.35,0.6502445262124041
50,25.400000000000002,0.6511740789290316
50,25.450000000000003,0.6521031895039986
50,25.5,0.6530318590214064
50,25.55,0.6539600885597724
50,25.6,0.6548878791920696
50,25.650000000000002,0.6558152319857635
50,25.700000000000003,0.6567421480028507
50,25.75,0.6576686282998964
50,25.8,0.6585946739280725
50,25.85,0.6595202859331939
50,25.900000000000002,0.6604454653557552
50,25.950000000000003,0.6613702132309679
50,26.0,0.6622945305887956
50,26.05,0.6632184184539911
50,26.1,0.664141877846129
50,26.150000000000002,0.6650649097796454
50,26.200000000000003,0.665987515263868
50,26.25,0.6669096953030547
50,26.3,0.6678314508964244
50,26.35,0.6687527830381944
50,26.400000000000002,0.6696736927176118
50,26.450000000000003,0.6705941809189867
50,26.5,0.6715142486217272
50,26.55,0.6724338968003704
50,26.6,0.6733531264246171
50,26.650000000000002,0.6742719384593611
50,26.700000000000003,0.6751903338647243
50,26.75,0.6761083135960866
50,26.8,0.6770258786041173
50,26.85,0.677943029834808
50,26.900000000000002,0.678859768229502
50,26.950000000000003,0.6797760947249251
50,27.0,0.6806920102532175
50,27.05,0.6816075157419615
50,27.1,0.6825226121142145
50,27.150000000000002,0.6834373002885362
50,27.200000000000003,0.6843515811790191
50,27.25,0.6852654556953177
50,27.3,0.6861789247426773
50,27.35,0.6870919892219632
50,27.400000000000002,0.6880046500296888
50,27.450000000000003,0.6889169080580432
50,27.5,0.6898287641949208
50,27.55,0.6907402193239478
50,27.6,0.6916512743245108
50,27.650000000000002,0.6925619300717825
50,27.700000000000003,0.6934721874367511
50,27.75,0.6943820472862451
50,27.8,0.695291510482962
50,27.85,0.6962005778854935
50,27.900000000000002,0.6971092503483509
50,27.950000000000003,0.698017528721994
50,28.0,0.6989254138528537
50,28.05,0.6998329065833603
50,28.1,0.700740007751967
50,28.150000000000002,0.7016467181931767
50,28.200000000000003,0.7025530387375659
50,28.25,0.7034589702118104
50,28.3,0.7043645134387078
50,28.35,0.705269669237206
50,28.400000000000002,0.7061744384224238
50,28.450000000000003,0.7070788218056757
50,28.5,0.7079828201944978
50,28.55,0.7088864343926681
50,28.6,0.7097896652002335
50,28.650000000000002,0.7106925134135306
50,28.700000000000003,0.7115949798252099
50,28.75,0.7124970652242587
50,28.8,0.7133987703960233
50,28.85,0.7143000961222321
50,28.900000000000002,0.7152010431810183
50,28.950000000000003,0.7161016123469411
50,29.0,0.717001804391009
50,29.05,0.7179016200807011
50,29.1,0.7188010601799878
50,29.150000000000002,0.7197001254493547
50,29.200000000000003,0.7205988166458219
50,29.25,0.7214971345229667
50,29.3,0.7223950798309425
50,29.35,0.7232926533165028
50,29.400000000000002,0.7241898557230195
50,29.450000000000003,0.7250866877905047
50,29.5,0.7259831502556298
50,29.55,0.7268792438517475
50,29.6,0.727774969308911
50,29.650000000000002,0.7286703273538937
50,29.700000000000003,0.7295653187102099
50,29.75,0.7304599440981334
50,29.8,0.731354204234718
50,29.85,0.7322480998338158
50,29.900000000000002,0.7331416316060978
50,29.950000000000003,0.7340348002590718
50,30.0,0.7349276064971013
50,30.05,0.7358200510214258
50,30.1,0.736712134530177
50,30.150000000000002,0.7376038577184002
50,30.200000000000003,0.7384952212780699
50,30.25,0.7393862258981099
50,30.3,0.7402768722644107
50,30.35,0.741167161059848
50,30.400000000000002,0.7420570929642986
50,30.450000000000003,0.742946668654661
50,30.5,0.7438358888048717
50,30.55,0.7447247540859212
50,30.6,0.7456132651658738
50,30.650000000000002,0.7465014227098825
50,30.700000000000003,0.7473892273802085
50,30.75,0.7482766798362358
50,30.8,0.7491637807344892
50,30.85,0.7500505307286509
50,30.900000000000002,0.7509369304695765
50,30.950000000000003,0.7518229806053125
50,31.0,0.7527086817811118
50,31.05,0.7535940346394499
50,31.1,0.7544790398200413
50,31.150000000000002,0.7553636979598549
50,31.200000000000003,0.756248009693132
50,31.25,0.7571319756513979
50,31.3,0.7580155964634816
50,31.35,0.7588988727555297
50,31.400000000000002,0.7597818051510207
50,31.450000000000003,0.7606643942707827
50,31.5,0.7615466407330065
50,31.55,0.7624285451532613
50,31.6,0.7633101081445114
50,31.650000000000002,0.7641913303171268
50,31.700000000000003,0.7650722122789022
50,31.75,0.7659527546350708
50,31.8,0.766832957988317
50,31.85,0.7677128229387911
50,31.900000000000002,0.7685923500841273
50,31.950000000000003,0.7694715400194526
50,32.0,0.7703503933374045
50,32.050000000000004,0.7712289106281439
50,32.1,0.7721070924793697
50,32.15,0.7729849394763303
50,32.2,0.7738624522018415
50,32.25,0.7747396312362962
50,32.300000000000004,0.7756164771576803
50,32.35,0.7764929905415852
50,32.4,0.7773691719612209
50,32.45,0.7782450219874313
50,32.5,0.7791205411887037
50,32.550000000000004,0.7799957301311852
50,32.6,0.7808705893786942
50,32.65,0.7817451194927345
50,32.7,0.7826193210325056
50,32.75,0.7834931945549187
50,32.800000000000004,0.7843667406146064
50,32.85,0.7852399597639373
50,32.9,0.7861128525530281
50,32.95,0.7869854195297542
50,33.0,0.7878576612397653
50,33.050000000000004,0.7887295782264938
50,33.1,0.7896011710311699
50,33.15,0.7904724401928325
50,33.2,0.7913433862483416
50,33.25,0.792214009732389
50,33.300000000000004,0.7930843111775121
50,33.35,0.7939542911141032
50,33.4,0.7948239500704233
50,33.45,0.7956932885726129
50,33.5,0.7965623071447024
50,33.550000000000004,0.7974310063086257
50,33.6,0.7982993865842294
50,33.65,0.7991674484892853
50,33.7,0.8000351925395017
50,33.75,0.8009026192485332
50,33.800000000000004,0.8017697291279934
50,33.85,0.8026365226874641
50,33.9,0.803503000434509
50,33.95,0.8043691628746801
50,34.0,0.8052350105115327
50,34.050000000000004,0.8061005438466348
50,34.1,0.8069657633795753
50,34.15,0.8078306696079782
50,34.2,0.8086952630275109
50,34.25,0.809559544131895
50,34.300000000000004,0.8104235134129164
50,34.35,0.8112871713604355
50,34.4,0.8121505184623994
50,34.45,0.8130135552048484
50,34.5,0.8138762820719286
50,34.550000000000004,0.8147386995459022
50,34.6,0.8156008081071549
50,34.65,0.8164626082342082
50,34.7,0.8173241004037284
50,34.75,0.8181852850905359
50,34.800000000000004,0.8190461627676159
50,34.85,0.819906733906126
50,34.9,0.8207669989754086
50,34.95,0.8216269584429984
50,35.0,0.8224866127746311
50,35.050000000000004,0.8233459624342554
50,35.1,0.8242050078840396
50,35.15,0.8250637495843831
50,35.2,0.8259221879939238
50,35.25,0.8267803235695486
50,35.300000000000004,0.8276381567664015
50,35.35,0.8284956880378919
50,35.4,0.8293529178357059
50,35.45,0.8302098466098137
50,35.5,0.8310664748084775
50,35.550000000000004,0.8319228028782625
50,35.6,0.8327788312640435
50,35.65,0.8336345604090151
50,35.7,0.8344899907546994
50,35.75,0.835345122740955
50,35.800000000000004,0.8361999568059856
50,35.85,0.8370544933863474
50,35.9,0.8379087329169594
50,35.95,0.8387626758311094
50,36.0,0.839616322560464
50,36.050000000000004,0.8404696735350775
50,36.1,0.8413227291833966
50,36.15,0.8421754899322729
50,36.2,0.8430279562069675
50,36.25,0.8438801284311618
50,36.300000000000004,0.8447320070269626
50,36.35,0.8455835924149129
50,36.4,0.8464348850139976
50,36.45,0.8472858852416527
50,36.5,0.8481365935137719
50,36.550000000000004,0.8489870102447156
50,36.6,0.8498371358473177
50,36.65,0.8506869707328936
50,36.7,0.8515365153112474
50,36.75,0.8523857699906798
50,36.800000000000004,0.8532347351779962
50,36.85,0.8540834112785124
50,36.9,0.8549317986960636
50,36.95,0.8557798978330114
50,37.0,0.8566277090902508
50,37.050000000000004,0.857475232867217
50,37.1,0.8583224695618946
50,37.15,0.8591694195708223
50,37.2,0.8600160832891015
50,37.25,0.8608624611104031
50,37.300000000000004,0.8617085534269739
50,37.35,0.8625543606296455
50,37.4,0.8633998831078388
50,37.45,0.8642451212495723
50,37.5,0.8650900754414692
50,37.550000000000004,0.8659347460687636
50,37.6,0.8667791335153071
50,37.65,0.8676232381635766
50,37.7,0.8684670603946799
50,37.75,0.8693106005883628
50,37.800000000000004,0.8701538591230166
50,37.85,0.8709968363756825
50,37.9,0.8718395327220607
50,37.95,0.8726819485365153
50,38.0,0.8735240841920809
50,38.050000000000004,0.8743659400604694
50,38.1,0.8752075165120776
50,38.15,0.8760488139159903
50,38.2,0.8768898326399903
50,38.25,0.8777305730505622
50,38.300000000000004,0.8785710355129
50,38.35,0.8794112203909115
50,38.400000000000006,0.8802511280472272
50,38.45,0.8810907588432043
50,38.5,0.8819301131389341
50,38.550000000000004,0.8827691912932468
50,38.6,0.8836079936637182
50,38.650000000000006,0.8844465206066761
50,38.7,0.8852847724772053
50,38.75,0.8861227496291542
50,38.800000000000004,0.8869604524151414
50,38.85,0.8877978811865598
50,38.900000000000006,0.8886350362935833
50,38.95,0.889471918085173
50,39.0,0.8903085269090819
50,39.050000000000004,0.8911448631118628
50,39.1,0.891980927038871
50,39.150000000000006,0.8928167190342718
50,39.2,0.893652239441046
50,39.25,0.8944874886009947
50,39.300000000000004,0.895322466854746
50,39.35,0.8961571745417595
50,39.400000000000006,0.8969916120003324
50,39.45,0.8978257795676046
50,39.5,0.8986596775795648
50,39.550000000000004,0.8994933063710541
50,39.6,0.900326666275774
50,39.650000000000006,0.9011597576262894
50,39.7,0.9019925807540362
50,39.75,0.9028251359893231
50,39.800000000000004,0.9036574236613412
50,39.85,0.9044894440981659
50,39.900000000000006,0.905321197626763
50,39.95,0.9061526845729942
50,40.0,0.9069839052616232
50,40.050000000000004,0.9078148600163176
50,40.1,0.9086455491596571
50,40.150000000000006,0.9094759730131382
50,40.2,0.9103061318971775
50,40.25,0.9111360261311172
50,40.300000000000004,0.9119656560332324
50,40.35,0.912795021920732
50,40.400000000000006,0.9136241241097665
50,40.45,0.9144529629154327
50,40.5,0.9152815386517772
50,40.550000000000004,0.9161098516318017
50,40.6,0.9169379021674693
50,40.650000000000006,0.917765690569707
50,40.7,0.9185932171484108
50,40.75,0.9194204822124529
50,40.800000000000004,0.9202474860696824
50,40.85,0.921074229026934
50,40.900000000000006,0.9219007113900288
50,40.95,0.9227269334637822
50,41.0,0.923552895552007
50,41.050000000000004,0.924378597957517
50,41.1,0.9252040409821335
50,41.150000000000006,0.9260292249266885
50,41.2,0.926854150091029
50,41.25,0.9276788167740226
50,41.300000000000004,0.928503225273562
50,41.35,0.9293273758865668
50,41.400000000000006,0.9301512689089915
50,41.45,0.9309749046358272
50,41.5,0.9317982833611069
50,41.550000000000004,0.9326214053779106
50,41.6,0.9334442709783669
50,41.650000000000006,0.934266880453662
50,41.7,0.9350892340940375
50,41.75,0.9359113321888008
50,41.800000000000004,0.9367331750263261
50,41.85,0.9375547628940587
50,41.900000000000006,0.9383760960785192
50,41.95,0.9391971748653088
50,42.0,0.9400179995391114
50,42.050000000000004,0.9408385703837003
50,42.1,0.9416588876819405
50,42.150000000000006,0.9424789517157909
50,42.2,0.9432987627663144
50,42.25,0.9441183211136734
50,42.300000000000004,0.9449376270371416
50,42.35,0.9457566808151039
50,42.400000000000006,0.9465754827250593
50,42.45,0.9473940330436291
50,42.5,0.9482123320465566
50,42.550000000000004,0.9490303800087135
50,42.6,0.949848177204102
50,42.650000000000006,0.9506657239058598
50,42.7,0.9514830203862632
50,42.75,0.952300066916732
50,42.800000000000004,0.953116863767832
50,42.85,0.9539334112092797
50,42.900000000000006,0.9547497095099444
50,42.95,0.9555657589378543
50,43.0,0.9563815597601979
50,43.050000000000004,0.9571971122433294
50,43.1,0.9580124166527715
50,43.150000000000006,0.9588274732532193
50,43.2,0.9596422823085425
50,43.25,0.9604568440817914
50,43.300000000000004,0.9612711588351998
50,43.35,0.9620852268301866
50,43.400000000000006,0.9628990483273612
50,43.45,0.9637126235865271
50,43.5,0.9645259528666843
50,43.550000000000004,0.9653390364260334
50,43.6,0.966151874521979
50,43.650000000000006,0.9669644674111336
50,43.7,0.9677768153493195
50,43.75,0.9685889185915737
50,43.800000000000004,0.9694007773921511
50,43.85,0.9702123920045269
50,43.900000000000006,0.9710237626814017
50,43.95,0.9718348896747018
50,44.0,0.9726457732355869
50,44.050000000000004,0.9734564136144483
50,44.1,0.9742668110609171
50,44.150000000000006,0.9750769658238635
50,44.2,0.9758868781514024
50,44.25,0.976696548290896
50,44.300000000000004,0.9775059764889571
50,44.35,0.9783151629914505
50,44.400000000000006,0.9791241080435007
50,44.45,0.9799328118894887
50,44.5,0.9807412747730625
50,44.550000000000004,0.9815494969371321
50,44.6,0.9823574786238803
50,44.650000000000006,0.9831652200747599
50,44.7,0.9839727215305012
50,44.75,0.9847799832311112
50,44.800000000000004,0.9855870054158795
50,44.85,0.9863937883233806
50,44.900000000000006,0.9872003321914758
50,44.95,0.9880066372573175
50,45.0,0.9888127037573514
50,45.050000000000004,0.9896185319273206
50,45.1,0.9904241220022665
50,45.150000000000006,0.9912294742165338
50,45.2,0.992034588803773
50,45.25,0.9928394659969418
50,45.300000000000004,0.9936441060283101
50,45.35,0.9944485091294615
50,45.400000000000006,0.9952526755312954
50,45.45,0.9960566054640335
50,45.5,0.9968602991572184
50,45.550000000000004,0.9976637568397179
50,45.6,0.9984669787397293
50,45.650000000000006,0.9992699650847802
50,45.7,1.0000727161017318
50,45.75,1.0008752320167826
50,45.800000000000004,1.0016775130554698
50,45.85,1.0024795594426732
50,45.900000000000006,1.003281371402617
50,45.95,1.0040829491588732
50,46.0,1.0048842929343642
50,46.050000000000004,1.0056854029513644
50,46.1,1.006486279431505
50,46.150000000000006,1.0072869225957741
50,46.2,1.0080873326645228
50,46.25,1.0088875098574621
50,46.300000000000004,1.0096874543936727
50,46.35,1.0104871664916022
50,46.400000000000006,1.0112866463690702
50,46.45,1.012085894243269
50,46.5,1.0128849103307696
50,46.550000000000004,1.013683694847519
50,46.6,1.014482248008848
50,46.650000000000006,1.0152805700294711
50,46.7,1.0160786611234889
50,46.75,1.0168765215043907
50,46.800000000000004,1.0176741513850585
50,46.85,1.018471550977767
50,46.900000000000006,1.0192687204941895
50,46.95,1.020065660145396
50,47.0,1.0208623701418584
50,47.050000000000004,1.0216588506934532
50,47.1,1.022455102009463
50,47.150000000000006,1.023251124298579
50,47.2,1.0240469177689024
50,47.25,1.0248424826279496
50,47.300000000000004,1.0256378190826514
50,47.35,1.0264329273393569
50,47.400000000000006,1.027227807603837
50,47.45,1.028022460081284
50,47.5,1.0288168849763155
50,47.550000000000004,1.029611082492977
50,47.6,1.030405052834744
50,47.650000000000006,1.031198796204524
50,47.7,1.0319923128046578
50,47.75,1.032785602836924
50,47.800000000000004,1.0335786665025397
50,47.85,1.0343715040021633
50,47.900000000000006,1.0351641155358957
50,47.95,1.035956501303285
50,48.0,1.0367486615033243
50,48.050000000000004,1.0375405963344606
50,48.1,1.038332305994589
50,48.150000000000006,1.0391237906810624
50,48.2,1.0399150505906885
50,48.25,1.0407060859197335
50,48.300000000000004,1.041496896863925
50,48.35,1.0422874836184535
50,48.400000000000006,1.0430778463779746
50,48.45,1.043867985336612
50,48.5,1.0446579006879564
50,48.550000000000004,1.0454475926250721
50,48.6,1.046237061340497
50,48.650000000000006,1.047026307026243
50,48.7,1.0478153298738007
50,48.75,1.0486041300741409
50,48.800000000000004,1.0493927078177145
50,48.85,1.0501810632944597
50,48.900000000000006,1.0509691966937955
50,48.95,1.0517571082046329
50,49.0,1.0525447980153715
50,49.050000000000004,1.053332266313902
50,49.1,1.0541195132876113
50,49.150000000000006,1.054906539123379
50,49.2,1.0556933440075855
50,49.25,1.0564799281261084
50,49.300000000000004,1.0572662916643292
50,49.35,1.0580524348071316
50,49.400000000000006,1.058838357738907
50,49.45,1.0596240606435516
50,49.5,1.0604095437044743
50,49.550000000000004,1.0611948071045916
50,49.6,1.0619798510263365
50,49.650000000000006,1.062764675651656
50,49.7,1.0635492811620144
50,49.75,1.064333667738395
50,49.800000000000004,1.0651178355613007
50,49.85,1.0659017848107597
50,49.900000000000006,1.0666855156663224
50,49.95,1.0674690283070662
50,50.0,1.0682523229115972
50,50.050000000000004,1.069035399658052
50,50.1,1.0698182587240965
50,50.150000000000006,1.0706009002869334
50,50.2,1.0713833245232998
50,50.25,1.0721655316094685
50,50.300000000000004,1.072947521721253
50,50.35,1.073729295034007
50,50.400000000000006,1.0745108517226276
50,50.45,1.0752921919615552
50,50.5,1.0760733159247762
50,50.550000000000004,1.0768542237858247
50,50.6,1.0776349157177862
50,50.650000000000006,1.0784153918932953
50,50.7,1.07919565248454
50,50.75,1.0799756976632644
50,50.800000000000004,1.0807555276007665
50,50.85,1.0815351424679047
50,50.900000000000006,1.0823145424350955
50,50.95,1.0830937276723185
50,51.0,1.0838726983491143
50,51.050000000000004,1.0846514546345902
50,51.1,1.0854299966974195
50,51.150000000000006,1.086208324705843
50,51.2,1.086986438827671
50,51.25,1.0877643392302858
50,51.300000000000004,1.0885420260806427
50,51.35,1.0893194995452709
50,51.400000000000006,1.0900967597902769
50,51.45,1.0908738069813437
50,51.5,1.0916506412837348
50,51.550000000000004,1.0924272628622937
50,51.6,1.0932036718814477
50,51.650000000000006,1.093979868505207
50,51.7,1.0947558528971677
50,51.75,1.0955316252205138
50,51.800000000000004,1.0963071856380189
50,51.85,1.0970825343120438
50,51.900000000000006,1.0978576714045443
50,51.95,1.0986325970770685
50,52.0,1.0994073114907603
50,52.050000000000004,1.1001818148063576
50,52.1,1.1009561071841991
50,52.150000000000006,1.1017301887842217
50,52.2,1.1025040597659634
50,52.25,1.1032777202885649
50,52.300000000000004,1.1040511705107703
50,52.35,1.10482441059093
50,52.400000000000006,1.1055974406870006
50,52.45,1.1063702609565471
50,52.5,1.107142871556745
50,52.550000000000004,1.1079152726443802
50,52.6,1.1086874643758524
50,52.650000000000006,1.1094594469071737
50,52.7,1.1102312203939737
50,52.75,1.1110027849914985
50,52.800000000000004,1.1117741408546118
50,52.85,1.1125452881377986
50,52.900000000000006,1.1133162269951629
50,52.95,1.114086957580434
50,53.0,1.1148574800469637
50,53.050000000000004,1.1156277945477293
50,53.1,1.1163979012353353
50,53.150000000000006,1.1171678002620156
50,53.2,1.1179374917796303
50,53.25,1.1187069759396737
50,53.300000000000004,1.1194762528932711
50,53.35,1.1202453227911826
50,53.400000000000006,1.1210141857838
50,53.45,1.1217828420211555
50,53.5,1.122551291652917
50,53.550000000000004,1.123319534828392
50,53.6,1.1240875716965262
50,53.650000000000006,1.1248554024059105
50,53.7,1.1256230271047765
50,53.75,1.1263904459410004
50,53.800000000000004,1.1271576590621033
50,53.85,1.1279246666152547
50,53.900000000000006,1.128691468747272
50,53.95,1.1294580656046205
50,54.0,1.1302244573334173
50,54.050000000000004,1.1309906440794317
50,54.1,1.1317566259880851
50,54.150000000000006,1.132522403204456
50,54.2,1.1332879758732755
50,54.25,1.1340533441389324
50,54.300000000000004,1.134818508145476
50,54.35,1.1355834680366128
50,54.400000000000006,1.1363482239557103
50,54.45,1.137112776045799
50,54.5,1.1378771244495718
50,54.550000000000004,1.1386412693093861
50,54.6,1.1394052107672645
50,54.650000000000006,1.1401689489648972
50,54.7,1.1409324840436423
50,54.75,1.1416958161445272
50,54.800000000000004,1.142458945408249
50,54.85,1.1432218719751757
50,54.900000000000006,1.143984595985351
50,54.95,1.14474711757849
50,55.0,1.1455094368939829
50,55.050000000000004,1.1462715540708979
50,55.1,1.1470334692479787
50,55.150000000000006,1.14779518256365
50,55.2,1.148556694156014
50,55.25,1.1493180041628541
50,55.300000000000004,1.1500791127216372
50,55.35,1.150840019969512
50,55.400000000000006,1.1516007260433117
50,55.45,1.1523612310795563
50,55.5,1.1531215352144495
50,55.550000000000004,1.1538816385838866
50,55.6,1.1546415413234485
50,55.650000000000006,1.1554012435684067
50,55.7,1.1561607454537246
50,55.75,1.1569200471140573
50,55.800000000000004,1.1576791486837525
50,55.85,1.1584380502968532
50,55.900000000000006,1.1591967520870972
50,55.95,1.1599552541879186
50,56.0,1.1607135567324494
50,56.050000000000004,1.16147165985352
50,56.1,1.1622295636836604
50,56.150000000000006,1.1629872683551017
50,56.2,1.1637447739997764
50,56.25,1.1645020807493207
50,56.300000000000004,1.165259188735073
50,56.35,1.166016098088078
50,56.400000000000006,1.1667728089390867
50,56.45,1.1675293214185551
50,56.5,1.1682856356566502
50,56.550000000000004,1.169041751783245
50,56.6,1.1697976699279256
50,56.650000000000006,1.170553390219986
50,56.7,1.1713089127884353
50,56.75,1.172064237761994
50,56.800000000000004,1.1728193652690975
50,56.85,1.173574295437896
50,56.900000000000006,1.1743290283962555
50,56.95,1.1750835642717594
50,57.0,1.175837903191711
50,57.050000000000004,1.1765920452831293
50,57.1,1.1773459906727566
50,57.150000000000006,1.1780997394870536
50,57.2,1.1788532918522057
50,57.25,1.1796066478941187
50,57.300000000000004,1.1803598077384243
50,57.35,1.1811127715104788
50,57.400000000000006,1.1818655393353628
50,57.45,1.1826181113378864
50,57.5,1.1833704876425866
50,57.550000000000004,1.184122668373727
50,57.6,1.1848746536553034
50,57.650000000000006,1.1856264436110424
50,57.7,1.1863780383644003
50,57.75,1.187129438038566
50,57.800000000000004,1.187880642756464
50,57.85,1.1886316526407508
50,57.900000000000006,1.1893824678138207
50,57.95,1.1901330883978
50,58.0,1.1908835145145575
50,58.050000000000004,1.191633746285695
50,58.1,1.1923837838325562
50,58.150000000000006,1.1931336272762243
50,58.2,1.193883276737522
50,58.25,1.194632732337014
50,58.300000000000004,1.1953819941950088
50,58.35,1.1961310624315569
50,58.400000000000006,1.196879937166452
50,58.45,1.197628618519236
50,58.5,1.1983771066091942
50,58.550000000000004,1.1991254015553598
50,58.6,1.1998735034765136
50,58.650000000000006,1.2006214124911854
50,58.7,1.2013691287176527
50,58.75,1.202116652273946
50,58.800000000000004,1.202863983277845
50,58.85,1.2036111218468826
50,58.900000000000006,1.204358068098343
50,58.95,1.205104822149265
50,59.0,1.2058513841164442
50,59.050000000000004,1.2065977541164272
50,59.1,1.2073439322655202
50,59.150000000000006,1.2080899186797847
50,59.2,1.2088357134750412
50,59.25,1.2095813167668674
50,59.300000000000004,1.2103267286706025
50,59.35,1.2110719493013453
50,59.400000000000006,1.2118169787739548
50,59.45,1.2125618172030521
50,59.5,1.213306464703023
50,59.550000000000004,1.2140509213880148
50,59.6,1.2147951873719394
50,59.650000000000006,1.2155392627684753
50,59.7,1.2162831476910654
50,59.75,1.2170268422529196
50,59.800000000000004,1.2177703465670162
50,59.85,1.2185136607461013
50,59.900000000000006,1.2192567849026896
50,59.95,1.2199997191490668
50,60.0,1.2207424635972877
50,60.050000000000004,1.22148501835918
50,60.1,1.2222273835463437
50,60.150000000000006,1.2229695592701502
50,60.2,1.2237115456417458
50,60.25,1.224453342772051
50,60.300000000000004,1.2251949507717614
50,60.35,1.2259363697513492
50,60.400000000000006,1.2266775998210633
50,60.45,1.227418641090928
50,60.5,1.2281594936707492
50,60.550000000000004,1.2289001576701097
50,60.6,1.2296406331983725
50,60.650000000000006,1.2303809203646803
50,60.7,1.2311210192779576
50,60.75,1.2318609300469123
50,60.800000000000004,1.2326006527800328
50,60.85,1.233340187585591
50,60.900000000000006,1.2340795345716442
50,60.95,1.2348186938460346
50,61.0,1.2355576655163873
50,61.050000000000004,1.2362964496901165
50,61.1,1.2370350464744233
50,61.150000000000006,1.237773455976293
50,61.2,1.238511678302504
50,61.25,1.2392497135596212
50,61.300000000000004,1.239987561853999
50,61.35,1.2407252232917825
50,61.400000000000006,1.2414626979789098
50,61.45,1.2421999860211081
50,61.5,1.2429370875238994
50,61.550000000000004,1.243674002592597
50,61.6,1.2444107313323094
50,61.650000000000006,1.245147273847939
50,61.7,1.2458836302441838
50,61.75,1.246619800625539
50,61.800000000000004,1.2473557850962935
50,61.85,1.2480915837605355
50,61.900000000000006,1.2488271967221516
50,61.95,1.2495626240848252
50,62.0,1.2502978659520405
50,62.050000000000004,1.2510329224270804
50,62.1,1.25176779361303
50,62.150000000000006,1.2525024796127744
50,62.2,1.2532369805289998
50,62.25,1.2539712964641982
50,62.300000000000004,1.2547054275206606
50,62.35,1.255439373800485
50,62.400000000000006,1.2561731354055725
50,62.45,1.25690671243763
50,62.5,1.2576401049981691
50,62.550000000000004,1.2583733131885089
50,62.6,1.2591063371097742
50,62.650000000000006,1.2598391768628998
50,62.7,1.260571832548626
50,62.75,1.261304304267504
50,62.800000000000004,1.2620365921198928
50,62.85,1.262768696205964
50,62.900000000000006,1.2635006166256981
50,62.95,1.2642323534788868
50,63.0,1.2649639068651348
50,63.050000000000004,1.2656952768838592
50,63.1,1.2664264636342901
50,63.150000000000006,1.267157467215471
50,63.2,1.2678882877262603
50,63.25,1.2686189252653326
50,63.300000000000004,1.269349379931175
50,63.35,1.270079651822094
50,63.400000000000006,1.2708097410362114
50,63.45,1.2715396476714667
50,63.5,1.2722693718256175
50,63.550000000000004,1.2729989135962394
50,63.6,1.2737282730807276
50,63.650000000000006,1.2744574503762975
50,63.7,1.275186445579984
50,63.75,1.2759152587886433
50,63.800000000000004,1.276643890098953
50,63.85,1.277372339607413
50,63.900000000000006,1.278100607410346
50,63.95,1.2788286936038975
50,64.0,1.2795565982840367
50,64.05,1.2802843215465567
50,64.10000000000001,1.2810118634870773
50,64.15,1.2817392242010415
50,64.2,1.2824664037837201
50,64.25,1.2831934023302094
50,64.3,1.2839202199354336
50,64.35000000000001,1.2846468566941431
50,64.4,1.285373312700919
50,64.45,1.28609958805017
50,64.5,1.286825682836132
50,64.55,1.2875515971528741
50,64.60000000000001,1.2882773310942952
50,64.65,1.2890028847541228
50,64.7,1.2897282582259189
50,64.75,1.2904534516030757
50,64.8,1.2911784649788178
50,64.85000000000001,1.2919032984462042
50,64.9,1.2926279520981272
50,64.95,1.293352426027312
50,65.0,1.2940767203263206
50,65.05,1.2948008350875486
50,65.10000000000001,1.2955247704032276
50,65.15,1.296248526365425
50,65.2,1.2969721030660473
50,65.25,1.2976955005968358
50,65.3,1.2984187190493706
50,65.35000000000001,1.29914175851507
50,65.4,1.2998646190851904
50,65.45,1.3005873008508293
50,65.5,1.3013098039029225
50,65.55,1.302032128332247
50,65.60000000000001,1.3027542742294207
50,65.65,1.3034762416849013
50,65.7,1.304198030788991
50,65.75,1.304919641631832
50,65.8,1.3056410743034108
50,65.85000000000001,1.3063623288935557
50,65.9,1.3070834054919416
50,65.95,1.3078043041880851
50,66.0,1.3085250250713485
50,66.05,1.3092455682309396
50,66.10000000000001,1.3099659337559129
50,66.15,1.3106861217351669
50,66.2,1.3114061322574486
50,66.25,1.312125965411351
50,66.3,1.3128456212853168
50,66.35000000000001,1.313565099967635
50,66.4,1.3142844015464439
50,66.45,1.315003526109732
50,66.5,1.3157224737453355
50,66.55,1.3164412445409421
50,66.60000000000001,1.3171598385840884
50,66.65,1.3178782559621651
50,66.7,1.318596496762411
50,66.75,1.3193145610719195
50,66.8,1.3200324489776336
50,66.85000000000001,1.3207501605663523
50,66.9,1.321467695924726
50,66.95,1.322185055139259
50,67.0,1.3229022382963114
50,67.05,1.3236192454820952
50,67.10000000000001,1.3243360767826795
50,67.15,1.3250527322839891
50,67.2,1.3257692120718034
50,67.25,1.3264855162317604
50,67.3,1.3272016448493527
50,67.35000000000001,1.327917598009932
50,67.4,1.3286333757987066
50,67.45,1.329348978300745
50,67.5,1.3300644056009716
50,67.55,1.3307796577841724
50,67.60000000000001,1.3314947349349906
50,67.65,1.3322096371379324
50,67.7,1.332924364477361
50,67.75,1.3336389170375034
50,67.8,1.3343532949024466
50,67.85000000000001,1.3350674981561395
50,67.9,1.3357815268823918
50,67.95,1.336495381164879
50,68.0,1.337209061087135
50,68.05,1.337922566732562
50,68.10000000000001,1.3386358981844224
50,68.15,1.3393490555258454
50,68.2,1.3400620388398214
50,68.25,1.3407748482092097
50,68.3,1.3414874837167334
50,68.35000000000001,1.342199945444981
50,68.4,1.3429122334764083
50,68.45,1.343624347893337
50,68.5,1.344336288777956
50,68.55,1.345048056212323
50,68.60000000000001,1.3457596502783618
50,68.65,1.3464710710578658
50,68.7,1.3471823186324958
50,68.75,1.347893393083784
50,68.8,1.34860429449313
50,68.85000000000001,1.349315022941805
50,68.9,1.3500255785109483
50,68.95,1.350735961281572
50,69.0,1.3514461713345587
50,69.05,1.3521562087506618
50,69.10000000000001,1.3528660736105078
50,69.15,1.3535757659945953
50,69.2,1.3542852859832932
50,69.25,1.354994633656848
50,69.3,1.355703809095375
50,69.35000000000001,1.3564128123788668
50,69.4,1.3571216435871882
50,69.45,1.357830302800079
50,69.5,1.3585387900971544
50,69.55,1.359247105557905
50,69.60000000000001,1.3599552492616962
50,69.65,1.3606632212877707
50,69.7,1.3613710217152475
50,69.75,1.3620786506231213
50,69.8,1.3627861080902643
50,69.85000000000001,1.3634933941954277
50,69.9,1.364200509017239
50,69.95,1.364907452634206
50,70.0,1.3656142251247136
50,70.05,1.366320826567025
50,70.10000000000001,1.3670272570392843
50,70.15,1.3677335166195155
50,70.2,1.368439605385622
50,70.25,1.3691455234153882
50,70.3,1.3698512707864787
50,70.35000000000001,1.3705568475764398
50,70.4,1.3712622538626986
50,70.45,1.3719674897225664
50,70.5,1.3726725552332344
50,70.55,1.3733774504717768
50,70.60000000000001,1.3740821755151509
50,70.65,1.3747867304401988
50,70.7,1.3754911153236444
50,70.75,1.3761953302420962
50,70.8,1.3768993752720478
50,70.85000000000001,1.3776032504898768
50,70.9,1.3783069559718448
50,70.95,1.379010491794102
50,71.0,1.3797138580326815
50,71.05,1.3804170547635026
50,71.10000000000001,1.3811200820623717
50,71.15,1.3818229400049835
50,71.2,1.3825256286669165
50,71.25,1.38322814812364
50,71.3,1.3839304984505083
50,71.35000000000001,1.3846326797227655
50,71.4,1.3853346920155436
50,71.45,1.3860365354038633
50,71.5,1.3867382099626349
50,71.55,1.3874397157666574
50,71.60000000000001,1.3881410528906197
50,71.65,1.3888422214091007
50,71.7,1.3895432213965702
50,71.75,1.3902440529273883
50,71.8,1.390944716075807
50,71.85000000000001,1.3916452109159678
50,71.9,1.3923455375219056
50,71.95,1.3930456959675466
50,72.0,1.3937456863267095
50,72.05,1.3944455086731056
50,72.10000000000001,1.3951451630803389
50,72.15,1.3958446496219075
50,72.2,1.3965439683712015
50,72.25,1.397243119401507
50,72.3,1.397942102786002
50,72.35000000000001,1.3986409185977609
50,72.4,1.3993395669097526
50,72.45,1.4000380477948402
50,72.5,1.4007363613257824
50,72.55,1.401434507575235
50,72.60000000000001,1.4021324866157485
50,72.65,1.4028302985197696
50,72.7,1.403527943359643
50,72.75,1.404225421207609
50,72.8,1.4049227321358062
50,72.85000000000001,1.4056198762162706
50,72.9,1.4063168535209345
50,72.95,1.4070136641216309
50,73.0,1.4077103080900892
50,73.05,1.4084067854979392
50,73.10000000000001,1.4091030964167075
50,73.15,1.4097992409178224
50,73.2,1.4104952190726108
50,73.25,1.4111910309522997
50,73.3,1.4118866766280156
50,73.35000000000001,1.4125821561707865
50,73.4,1.4132774696515409
50,73.45,1.4139726171411078
50,73.5,1.4146675987102184
50,73.55,1.4153624144295056
50,73.60000000000001,1.416057064369503
50,73.65,1.4167515486006481
50,73.7,1.4174458671932793
50,73.75,1.418140020217638
50,73.8,1.4188340077438708
50,73.85000000000001,1.419527829842025
50,73.9,1.4202214865820535
50,73.95,1.4209149780338117
50,74.0,1.421608304267059
50,74.05,1.4223014653514607
50,74.10000000000001,1.4229944613565861
50,74.15,1.4236872923519095
50,74.2,1.4243799584068109
50,74.25,1.425072459590574
50,74.3,1.4257647959723907
50,74.35000000000001,1.426456967621358
50,74.4,1.4271489746064792
50,74.45,1.4278408169966645
50,74.5,1.4285324948607308
50,74.55,1.429224008267402
50,74.60000000000001,1.4299153572853096
50,74.65,1.4306065419829943
50,74.7,1.4312975624289008
50,74.75,1.4319884186913867
50,74.8,1.4326791108387154
50,74.85000000000001,1.4333696389390587
50,74.9,1.4340600030604995
50,74.95,1.4347502032710273
50,75.0,1.4354402396385453
50,75.05,1.436130112230861
50,75.10000000000001,1.4368198211156962
50,75.15,1.4375093663606808
50,75.2,1.438198748033357
50,75.25,1.4388879662011762
50,75.3,1.439577020931501
50,75.35000000000001,1.4402659122916075
50,75.4,1.44095464034868
50,75.45,1.4416432051698171
50,75.5,1.442331606822028
50,75.55,1.4430198453722367
50,75.60000000000001,1.443707920887276
50,75.65,1.4443958334338949
50,75.7,1.4450835830787532
50,75.75,1.4457711698884248
50,75.8,1.4464585939293981
50,75.85000000000001,1.4471458552680743
50,75.9,1.4478329539707684
50,75.95,1.44851989010371
50,76.0,1.4492066637330432
50,76.05,1.449893274924828
50,76.10000000000001,1.4505797237450373
50,76.15,1.4512660102595611
50,76.2,1.4519521345342037
50,76.25,1.4526380966346872
50,76.3,1.4533238966266455
50,76.35000000000001,1.4540095345756325
50,76.4,1.4546950105471173
50,76.45,1.455380324606486
50,76.5,1.456065476819041
50,76.55,1.4567504672500025
50,76.60000000000001,1.4574352959645067
50,76.65,1.4581199630276092
50,76.7,1.4588044685042827
50,76.75,1.4594888124594174
50,76.80000000000001,1.460172994957823
50,76.85000000000001,1.4608570160642271
50,76.9,1.4615408758432753
50,76.95,1.4622245743595332
50,77.0,1.4629081116774854
50,77.05000000000001,1.4635914878615353
50,77.10000000000001,1.464274702976008
50,77.15,1.464957757085145
50,77.2,1.465640650253111
50,77.25,1.46632338254399
50,77.30000000000001,1.4670059540217861
50,77.35000000000001,1.4676883647504246
50,77.4,1.4683706147937525
50,77.45,1.4690527042155352
50,77.5,1.469734633079464
50,77.55000000000001,1.470416401449147
50,77.60000000000001,1.4710980093881192
50,77.65,1.471779456959833
50,77.7,1.4724607442276663
50,77.75,1.4731418712549176
50,77.80000000000001,1.4738228381048102
50,77.85000000000001,1.4745036448404878
50,77.9,1.4751842915250186
50,77.95,1.4758647782213952
50,78.0,1.4765451049925318
50,78.05000000000001,1.4772252719012668
50,78.10000000000001,1.4779052790103644
50,78.15,1.4785851263825107
50,78.2,1.4792648140803175
50,78.25,1.4799443421663212
50,78.30000000000001,1.4806237107029825
50,78.35000000000001,1.481302919752688
50,78.4,1.481981969377748
50,78.45,1.4826608596404005
50,78.5,1.4833395906028068
50,78.55000000000001,1.4840181623270556
50,78.60000000000001,1.4846965748751617
50,78.65,1.4853748283090649
50,78.7,1.4860529226906332
50,78.75,1.48673085808166
50,78.80000000000001,1.4874086345438662
50,78.85000000000001,1.4880862521388987
50,78.9,1.488763710928334
50,78.95,1.4894410109736733
50,79.0,1.4901181523363478
50,79.05000000000001,1.4907951350777149
50,79.10000000000001,1.4914719592590613
50,79.15,1.4921486249416005
50,79.2,1.4928251321864767
50,79.25,1.4935014810547607
50,79.30000000000001,1.4941776716074537
50,79.35000000000001,1.4948537039054834
50,79.4,1.4955295780097106
50,79.45,1.4962052939809225
50,79.5,1.496880851879836
50,79.55000000000001,1.4975562517671008
50,79.60000000000001,1.4982314937032926
50,79.65,1.4989065777489206
50,79.7,1.4995815039644227
50,79.75,1.5002562724101662
50,79.80000000000001,1.5009308831464525
50,79.85000000000001,1.5016053362335111
50,79.9,1.5022796317315052
50,79.95,1.5029537697005255
50,80.0,1.5036277502005984
50,80.05000000000001,1.5043015732916787
50,80.10000000000001,1.5049752390336555
50,80.15,1.5056487474863494
50,80.2,1.5063220987095112
50,80.25,1.506995292762827
50,80.30000000000001,1.5076683297059132
50,80.35000000000001,1.508341209598322
50,80.4,1.509013932499535
50,80.45,1.509686498468969
50,80.5,1.5103589075659742
50,80.55000000000001,1.5110311598498334
50,80.60000000000001,1.5117032553797638
50,80.65,1.5123751942149166
50,80.7,1.5130469764143768
50,80.75,1.5137186020371622
50,80.80000000000001,1.5143900711422285
50,80.85000000000001,1.5150613837884626
50,80.9,1.5157325400346873
50,80.95,1.5164035399396607
50,81.0,1.5170743835620761
50,81.05000000000001,1.5177450709605618
50,81.10000000000001,1.5184156021936817
50,81.15,1.519085977319934
50,81.2,1.5197561963977546
50,81.25,1.5204262594855154
50,81.30000000000001,1.5210961666415235
50,81.35000000000001,1.5217659179240213
50,81.4,1.522435513391189
50,81.45,1.5231049531011454
50,81.5,1.523774237111942
50,81.55000000000001,1.5244433654815706
50,81.60000000000001,1.5251123382679581
50,81.65,1.5257811555289704
50,81.7,1.5264498173224088
50,81.75,1.5271183237060146
50,81.80000000000001,1.5277866747374655
50,81.85000000000001,1.528454870474378
50,81.9,1.5291229109743063
50,81.95,1.5297907962947415
50,82.0,1.5304585264931154
50,82.05000000000001,1.531126101626799
50,82.10000000000001,1.5317935217530991
50,82.15,1.5324607869292635
50,82.2,1.5331278972124802
50,82.25,1.5337948526598728
50,82.30000000000001,1.5344616533285078
50,82.35000000000001,1.53512829927539
50,82.4,1.5357947905574647
50,82.45,1.5364611272316153
50,82.5,1.5371273093546671
50,82.55000000000001,1.537793336983386
50,82.60000000000001,1.5384592101744758
50,82.65,1.5391249289845836
50,82.7,1.539790493470296
50,82.75,1.5404559036881396
50,82.80000000000001,1.5411211596945837
50,82.85000000000001,1.541786261546038
50,82.9,1.542451209298854
50,82.95,1.543116003009323
50,83.0,1.543780642733681
50,83.05000000000001,1.5444451285281027
50,83.10000000000001,1.5451094604487063
50,83.15,1.5457736385515533
50,83.2,1.546437662892644
50,83.25,1.5471015335279243
50,83.30000000000001,1.5477652505132815
50,83.35000000000001,1.548428813904545
50,83.4,1.549092223757488
50,83.45,1.5497554801278266
50,83.5,1.55041858307122
50,83.55000000000001,1.5510815326432705
50,83.60000000000001,1.5517443288995232
50,83.65,1.5524069718954685
50,83.7,1.5530694616865386
50,83.75,1.5537317983281114
50,83.80000000000001,1.5543939818755073
50,83.85000000000001,1.5550560123839918
50,83.9,1.5557178899087747
50,83.95,1.5563796145050095
50,84.0,1.5570411862277953
50,84.05000000000001,1.5577026051321765
50,84.10000000000001,1.5583638712731391
50,84.15,1.5590249847056183
50,84.2,1.5596859454844914
50,84.25,1.5603467536645843
50,84.30000000000001,1.5610074093006643
50,84.35000000000001,1.5616679124474473
50,84.4,1.5623282631595932
50,84.45,1.5629884614917098
50,84.5,1.5636485074983502
50,84.55000000000001,1.5643084012340105
50,84.60000000000001,1.5649681427531388
50,84.65,1.5656277321101255
50,84.7,1.5662871693593077
50,84.75,1.5669464545549723
50,84.80000000000001,1.5676055877513495
50,84.85000000000001,1.568264569002619
50,84.9,1.568923398362906
50,84.95,1.569582075886284
50,85.0,1.570240601626773
50,85.05000000000001,1.570898975638342
50,85.10000000000001,1.571557197974906
50,85.15,1.5722152686903283
50,85.2,1.5728731878384217
50,85.25,1.5735309554729444
50,85.30000000000001,1.574188571647605
50,85.35000000000001,1.574846036416059
50,85.4,1.5755033498319118
50,85.45,1.576160511948716
50,85.5,1.5768175228199732
50,85.55000000000001,1.577474382499135
50,85.60000000000001,1.5781310910396
50,85.65,1.5787876484947188
50,85.7,1.5794440549177877
50,85.75,1.5801003103620552
50,85.80000000000001,1.5807564148807192
50,85.85000000000001,1.5814123685269244
50,85.9,1.5820681713537688
50,85.95,1.5827238234142973
50,86.0,1.583379324761508
50,86.05000000000001,1.5840346754483459
50,86.10000000000001,1.5846898755277086
50,86.15,1.5853449250524427
50,86.2,1.5859998240753463
50,86.25,1.586654572649168
50,86.30000000000001,1.5873091708266065
50,86.35000000000001,1.587963618660312
50,86.4,1.5886179162028853
50,86.45,1.589272063506879
50,86.5,1.589926060624796
50,86.55000000000001,1.5905799076090916
50,86.60000000000001,1.5912336045121716
50,86.65,1.5918871513863944
50,86.7,1.5925405482840707
50,86.75,1.5931937952574604
50,86.80000000000001,1.5938468923587783
50,86.85000000000001,1.5944998396401895
50,86.9,1.5951526371538125
50,86.95,1.5958052849517177
50,87.0,1.596457783085927
50,87.05000000000001,1.597110131608417
50,87.10000000000001,1.5977623305711153
50,87.15,1.5984143800259034
50,87.2,1.5990662800246147
50,87.25,1.5997180306190364
50,87.30000000000001,1.6003696318609084
50,87.35000000000001,1.601021083801925
50,87.4,1.6016723864937323
50,87.45,1.6023235399879314
50,87.5,1.6029745443360757
50,87.55000000000001,1.6036253995896739
50,87.60000000000001,1.6042761058001873
50,87.65,1.6049266630190318
50,87.7,1.6055770712975779
50,87.75,1.6062273306871486
50,87.80000000000001,1.6068774412390232
50,87.85000000000001,1.6075274030044349
50,87.9,1.60817721603457
50,87.95,1.6088268803805712
50,88.0,1.6094763960935363
50,88.05000000000001,1.6101257632245163
50,88.10000000000001,1.6107749818245185
50,88.15,1.611424051944504
50,88.2,1.6120729736353907
50,88.25,1.6127217469480513
50,88.30000000000001,1.6133703719333141
50,88.35000000000001,1.6140188486419629
50,88.4,1.614667177124736
50,88.45,1.6153153574323302
50,88.5,1.6159633896153942
50,88.55000000000001,1.6166112737245362
50,88.60000000000001,1.61725900981032
50,88.65,1.617906597923263
50,88.7,1.6185540381138432
50,88.75,1.6192013304324906
50,88.80000000000001,1.6198484749295956
50,88.85000000000001,1.6204954716555027
50,88.9,1.6211423206605138
50,88.95,1.6217890219948887
50,89.0,1.6224355757088413
50,89.05000000000001,1.6230819818525466
50,89.10000000000001,1.6237282404761337
50,89.15,1.62437435162969
50,89.2,1.625020315363261
50,89.25,1.6256661317268486
50,89.30000000000001,1.6263118007704123
50,89.35000000000001,1.62695732254387
50,89.4,1.6276026970970972
50,89.45,1.6282479244799268
50,89.5,1.6288930047421506
50,89.55000000000001,1.6295379379335178
50,89.60000000000001,1.630182724103736
50,89.65,1.630827363302471
50,89.7,1.6314718555793473
50,89.75,1.6321162009839472
50,89.80000000000001,1.6327603995658133
50,89.85000000000001,1.6334044513744446
50,89.9,1.634048356459301
50,89.95,1.6346921148697993
50,90.0,1.6353357266553175
50,90.05000000000001,1.6359791918651911
50,90.10000000000001,1.636622510548716
50,90.15,1.6372656827551455
50,90.2,1.6379087085336943
50,90.25,1.6385515879335364
50,90.30000000000001,1.6391943210038038
50,90.35000000000001,1.6398369077935897
50,90.4,1.6404793483519464
50,90.45,1.6411216427278876
50,90.5,1.6417637909703842
50,90.55000000000001,1.6424057931283695
50,90.60000000000001,1.6430476492507355
50,90.65,1.643689359386336
50,90.7,1.644330923583984
50,90.75,1.6449723418924533
50,90.80000000000001,1.6456136143604783
50,90.85000000000001,1.6462547410367545
50,90.9,1.6468957219699365
50,90.95,1.6475365572086424
50,91.0,1.6481772468014495
50,91.05000000000001,1.648817790796896
50,91.10000000000001,1.6494581892434808
50,91.15,1.6500984421896665
50,91.2,1.650738549683874
50,91.25,1.6513785117744881
50,91.30000000000001,1.652018328509854
50,91.35000000000001,1.6526579999382771
50,91.4,1.6532975261080263
50,91.45,1.6539369070673329
50,91.5,1.6545761428643868
50,91.55000000000001,1.6552152335473447
50,91.60000000000001,1.6558541791643209
50,91.65,1.6564929797633936
50,91.7,1.657131635392603
50,91.75,1.6577701460999534
50,91.80000000000001,1.6584085119334084
50,91.85000000000001,1.6590467329408956
50,91.9,1.659684809170305
50,91.95,1.6603227406694907
50,92.0,1.6609605274862673
50,92.05000000000001,1.6615981696684128
50,92.10000000000001,1.6622356672636693
50,92.15,1.6628730203197415
50,92.2,1.6635102288842951
50,92.25,1.6641472930049621
50,92.30000000000001,1.6647842127293364
50,92.35000000000001,1.6654209881049746
50,92.4,1.6660576191793979
50,92.45,1.6666941060000904
50,92.5,1.6673304486144995
50,92.55000000000001,1.6679666470700376
50,92.60000000000001,1.6686027014140796
50,92.65,1.6692386116939644
50,92.7,1.6698743779569951
50,92.75,1.6705100002504403
50,92.80000000000001,1.671145478621529
50,92.85000000000001,1.6717808131174583
50,92.9,1.6724160037853881
50,92.95,1.6730510506724423
50,93.0,1.6736859538257085
50,93.05000000000001,1.6743207132922417
50,93.10000000000001,1.6749553291190589
50,93.15,1.6755898013531414
50,93.2,1.6762241300414384
50,93.25,1.676858315230861
50,93.30000000000001,1.6774923569682871
50,93.35000000000001,1.6781262553005583
50,93.4,1.6787600102744815
50,93.45,1.6793936219368302
50,93.5,1.6800270903343415
50,93.55000000000001,1.6806604155137177
50,93.60000000000001,1.6812935975216285
50,93.65,1.6819266364047076
50,93.7,1.6825595322095548
50,93.75,1.6831922849827348
50,93.80000000000001,1.6838248947707788
50,93.85000000000001,1.6844573616201843
50,93.9,1.6850896855774127
50,93.95,1.685721866688895
50,94.0,1.686353905001024
50,94.05000000000001,1.6869858005601606
50,94.10000000000001,1.6876175534126343
50,94.15,1.6882491636047354
50,94.2,1.688880631182727
50,94.25,1.689511956192833
50,94.30000000000001,1.6901431386812475
50,94.35000000000001,1.6907741786941284
50,94.4,1.6914050762776038
50,94.45,1.6920358314777655
50,94.5,1.6926664443406731
50,94.55000000000001,1.6932969149123542
50,94.60000000000001,1.6939272432388017
50,94.65,1.6945574293659766
50,94.7,1.6951874733398056
50,94.75,1.6958173752061843
50,94.80000000000001,1.6964471350109755
50,94.85000000000001,1.6970767528000095
50,94.9,1.697706228619082
50,94.95,1.698335562513958
50,95.0,1.6989647545303692
50,95.05000000000001,1.6995938047140169
50,95.10000000000001,1.7002227131105667
50,95.15,1.7008514797656555
50,95.2,1.7014801047248858
50,95.25,1.7021085880338287
50,95.30000000000001,1.7027369297380244
50,95.35000000000001,1.703365129882979
50,95.4,1.703993188514168
50,95.45,1.7046211056770353
50,95.5,1.7052488814169935
50,95.55000000000001,1.7058765157794222
50,95.60000000000001,1.7065040088096703
50,95.65,1.7071313605530543
50,95.7,1.707758571054862
50,95.75,1.7083856403603466
50,95.80000000000001,1.7090125685147313
50,95.85000000000001,1.7096393555632095
50,95.9,1.7102660015509399
50,95.95,1.710892506523054
50,96.0,1.711518870524651
50,96.05000000000001,1.7121450936007978
50,96.10000000000001,1.7127711757965307
50,96.15,1.713397117156859
50,96.2,1.714022917726756
50,96.25,1.7146485775511668
50,96.30000000000001,1.715274096675006
50,96.35000000000001,1.7158994751431584
50,96.4,1.716524713000476
50,96.45,1.7171498102917828
50,96.5,1.7177747670618708
50,96.55000000000001,1.718399583355503
50,96.60000000000001,1.7190242592174112
50,96.65,1.7196487946922983
50,96.7,1.720273189824837
50,96.75,1.7208974446596674
50,96.80000000000001,1.7215215592414033
50,96.85000000000001,1.7221455336146263
50,96.9,1.7227693678238905
50,96.95,1.7233930619137172
50,97.0,1.7240166159286006
50,97.05000000000001,1.7246400299130047
50,97.10000000000001,1.7252633039113623
50,97.15,1.725886437968079
50,97.2,1.726509432127531
50,97.25,1.7271322864340626
50,97.30000000000001,1.7277550009319917
50,97.35000000000001,1.728377575665605
50,97.4,1.7290000106791628
50,97.45,1.7296223060168925
50,97.5,1.7302444617229948
50,97.55000000000001,1.7308664778416427
50,97.60000000000001,1.7314883544169777
50,97.65,1.7321100914931125
50,97.7,1.7327316891141333
50,97.75,1.7333531473240955
50,97.80000000000001,1.7339744661670282
50,97.85000000000001,1.73459564568693
50,97.9,1.7352166859277711
50,97.95,1.7358375869334939
50,98.0,1.7364583487480119
50,98.05000000000001,1.7370789714152106
50,98.10000000000001,1.7376994549789484
50,98.15,1.7383197994830522
50,98.2,1.7389400049713253
50,98.25,1.7395600714875388
50,98.30000000000001,1.7401799990754379
50,98.35000000000001,1.7407997877787393
50,98.4,1.7414194376411334
50,98.45,1.7420389487062793
50,98.5,1.7426583210178122
50,98.55000000000001,1.743277554619336
50,98.60000000000001,1.7438966495544301
50,98.65,1.7445156058666444
50,98.7,1.7451344235995023
50,98.75,1.7457531027964988
50,98.80000000000001,1.7463716435011012
50,98.85000000000001,1.7469900457567507
50,98.9,1.7476083096068613
50,98.95,1.748226435094819
50,99.0,1.7488444222639823
50,99.05000000000001,1.7494622711576824
50,99.10000000000001,1.750079981819225
50,99.15,1.7506975542918877
50,99.2,1.7513149886189214
50,99.25,1.7519322848435495
50,99.30000000000001,1.7525494430089694
50,99.35000000000001,1.7531664631583515
50,99.4,1.7537833453348386
50,99.45,1.7544000895815495
50,99.5,1.7550166959415727
50,99.55000000000001,1.7556331644579721
50,99.60000000000001,1.7562494951737866
50,99.65,1.7568656881320246
50,99.7,1.7574817433756722
50,99.75,1.7580976609476873
50,99.80000000000001,1.758713440891001
50,99.85000000000001,1.7593290832485193
50,99.9,1.7599445880631224
50,99.95,1.7605599553776625
100,0.0,0.002631448220311593
100,0.05,0.005189556586236878
100,0.1,0.007679658240096803
100,0.15000000000000002,0.01010656875371784
100,0.2,0.01247464731359113
100,0.25,0.014787849446441913
100,0.30000000000000004,0.017049772617928578
100,0.35000000000000003,0.019263695802563343
100,0.4,0.021432613933790288
100,0.45,0.023559267989879694
100,0.5,0.025646171346504654
100,0.55,0.02769563292478172
100,0.6000000000000001,0.029709777579694303
100,0.65,0.03169056410461979
100,0.7000000000000001,0.03363980117036586
100,0.75,0.03555916146945162
100,0.8,0.03745019429658414
100,0.8500000000000001,0.039314336762953275
100,0.9,0.04115292381395116
100,0.9500000000000001,0.04296719719630136
100,1.0,0.04475831350059215
100,1.05,0.046527351388250336
100,1.1,0.04827531809755567
100,1.1500000000000001,0.05000315531097481
100,1.2000000000000002,0.051711744455548624
100,1.25,0.053401911499018885
100,1.3,0.055074431296591404
100,1.35,0.056730031536523035
100,1.4000000000000001,0.05836939632690987
100,1.4500000000000002,0.059993169461027125
100,1.5,0.06160195739419907
100,1.55,0.06319633196137792
100,1.6,0.06477683286129106
100,1.6500000000000001,0.06634396993011847
100,1.7000000000000002,0.0678982252251228
100,1.75,0.06944005493642731
100,1.8,0.07096989114317889
100,1.85,0.07248814342860786
100,1.9000000000000001,0.0739952003669752
100,1.9500000000000002,0.0754914308940545
100,2.0,0.0769771855716033
100,2.0500000000000003,0.07845279775522485
100,2.1,0.07991858467408448
100,2.15,0.08137484843010796
100,2.2,0.08282187692355218
100,2.25,0.08425994471117025
100,2.3000000000000003,0.08568931380260529
100,2.35,0.08711023440011731
100,2.4000000000000004,0.08852294558627093
100,2.45,0.08992767596378956
100,2.5,0.0913246442513983
100,2.5500000000000003,0.09271405983913368
100,2.6,0.09409612330629011
100,2.6500000000000004,0.09547102690489433
100,2.7,0.09683895501134604
100,2.75,0.09820008454863763
100,2.8000000000000003,0.09955458538135933
100,2.85,0.10090262068550894
100,2.9000000000000004,0.10224434729495922
100,2.95,0.10357991602627985
100,3.0,0.10490947198347474
100,3.0500000000000003,0.10623315484406598
100,3.1,0.10755109912784415
100,3.1500000000000004,0.10886343444949623
100,3.2,0.11017028575622953
100,3.25,0.11147177355142208
100,3.3000000000000003,0.11276801410524931
100,3.35,0.11405911965316495
100,3.4000000000000004,0.11534519858304795
100,3.45,0.11662635561176402
100,3.5,0.11790269195183772
100,3.5500000000000003,0.11917430546887556
100,3.6,0.12044129083033864
100,3.6500000000000004,0.12170373964621446
100,3.7,0.12296174060210142
100,3.75,0.12421537958518415
100,3.8000000000000003,0.1254647398035377
100,3.85,0.1267099018991754
100,3.9000000000000004,0.1279509440552218
100,3.95,0.1291879420975662
100,4.0,0.13042096959132893
100,4.05,0.1316500979324499
100,4.1000000000000005,0.13287539643468813
100,4.15,0.1340969324122987
100,4.2,0.13531477125864294
100,4.25,0.13652897652096183
100,4.3,0.13773960997153456
100,4.3500000000000005,0.13894673167542715
100,4.4,0.1401504000550223
100,4.45,0.14135067195151044
100,4.5,0.1425476026835106
100,4.55,0.143741246102978
100,4.6000000000000005,0.1449316546485476
100,4.65,0.1461188793964505
100,4.7,0.14730297010913465
100,4.75,0.14848397528171198
100,4.800000000000001,0.14966194218634676
100,4.8500000000000005,0.15083691691469134
100,4.9,0.15200894441847462
100,4.95,0.1531780685483344
100,5.0,0.15434433209098658
100,5.050000000000001,0.155507776804814
100,5.1000000000000005,0.15666844345395547
100,5.15,0.15782637184097006
100,5.2,0.15898160083814664
100,5.25,0.16013416841752653
100,5.300000000000001,0.16128411167970186
100,5.3500000000000005,0.16243146688144847
100,5.4,0.16357626946225015
100,5.45,0.16471855406976796
100,5.5,0.16585835458430284
100,5.550000000000001,0.16699570414230128
100,5.6000000000000005,0.16813063515894655
100,5.65,0.16926317934987994
100,5.7,0.1703933677520913
100,5.75,0.17152123074401618
100,5.800000000000001,0.17264679806487762
100,5.8500000000000005,0.17377009883330427
100,5.9,0.17489116156525897
100,5.95,0.17601001419130863
100,6.0,0.17712668407326268
100,6.050000000000001,0.1782411980202095
100,6.1000000000000005,0.17935358230397716
100,6.15,0.18046386267404135
100,6.2,0.18157206437190662
100,6.25,0.1826782121449826
100,6.300000000000001,0.18378233025997479
100,6.3500000000000005,0.18488444251581412
100,6.4,0.18598457225614012
100,6.45,0.18708274238136
100,6.5,0.18817897536029934
100,6.550000000000001,0.18927329324146006
100,6.6000000000000005,0.19036571766390376
100,6.65,0.19145626986777503
100,6.7,0.19254497070447757
100,6.75,0.19363184064651928
100,6.800000000000001,0.1947168997970371
100,6.8500000000000005,0.1958001678990161
100,6.9,0.19688166434421378
100,6.95,0.1979614081818009
100,7.0,0.19903941812673023
100,7.050000000000001,0.2001157125678434
100,7.1000000000000005,0.20119030957572534
100,7.15,0.20226322691031767
100,7.2,0.20333448202829646
100,7.25,0.20440409209022742
100,7.300000000000001,0.20547207396750383
100,7.3500000000000005,0.20653844424907547
100,7.4,0.2076032192479785
100,7.45,0.20866641500766975
100,7.5,0.2097280473081758
100,7.550000000000001,0.21078813167206215
100,7.6000000000000005,0.21184668337022822
100,7.65,0.2129037174275355
100,7.7,0.21395924862827434
100,7.75,0.2150132915214751
100,7.800000000000001,0.21606586042606807
100,7.8500000000000005,0.21711696943589895
100,7.9,0.21816663242460393
100,7.95,0.21921486305034973
100,8.0,0.22026167476044117
100,8.05,0.2213070807958048
100,8.1,0.22235109419534785
100,8.15,0.22339372780020084
100,8.200000000000001,0.22443499425784488
100,8.25,0.2254749060261289
100,8.3,0.2265134753771797
100,8.35,0.2275507144012088
100,8.4,0.2285866350102194
100,8.450000000000001,0.22962124894161615
100,8.5,0.23065456776172058
100,8.55,0.23168660286919732
100,8.6,0.23271736549839056
100,8.65,0.23374686672257647
100,8.700000000000001,0.23477511745713284
100,8.75,0.23580212846262846
100,8.8,0.236827910347835
100,8.85,0.23785247357266456
100,8.9,0.23887582845103272
100,8.950000000000001,0.239897985153653
100,9.0,0.24091895371076083
100,9.05,0.2419387440147725
100,9.1,0.2429573658228788
100,9.15,0.2439748287595765
100,9.200000000000001,0.2449911423191391
100,9.25,0.2460063158680281
100,9.3,0.24702035864724745
100,9.35,0.24803327977464287
100,9.4,0.2490450882471465
100,9.450000000000001,0.2500557929429687
100,9.5,0.2510654026237404
100,9.55,0.25207392593660494
100,9.600000000000001,0.2530813714162613
100,9.65,0.25408774748696256
100,9.700000000000001,0.2550930624644665
100,9.75,0.25609732455794354
100,9.8,0.2571005418718416
100,9.850000000000001,0.25810272240770876
100,9.9,0.2591038740659754
100,9.950000000000001,0.26010400464769734
100,10.0,0.2611031218562595
100,10.05,0.26210123329904306
100,10.100000000000001,0.26309834648905606
100,10.15,0.26409446884652804
100,10.200000000000001,0.26508960770047046
100,10.25,0.2660837702902046
100,10.3,0.26707696376685397
100,10.350000000000001,0.2680691951948086
100,10.4,0.26906047155315477
100,10.450000000000001,0.27005079973707735
100,10.5,0.27104018655923034
100,10.55,0.27202863875108113
100,10.600000000000001,0.273016162964224
100,10.65,0.2740027657716694
100,10.700000000000001,0.2749884536691044
100,10.75,0.2759732330761278
100,10.8,0.2769571103374616
100,10.850000000000001,0.27794009172413436
100,10.9,0.27892218343464464
100,10.950000000000001,0.27990339159609856
100,11.0,0.28088372226532426
100,11.05,0.28186318142996625
100,11.100000000000001,0.2828417750095556
100,11.15,0.2838195088565607
100,11.200000000000001,0.2847963887574167
100,11.25,0.2857724204335339
100,11.3,0.2867476095422884
100,11.350000000000001,0.2877219616779917
100,11.4,0.2886954823728423
100,11.450000000000001,0.2896681770978588
100,11.5,0.2906400512637958
100,11.55,0.2916111102220404
100,11.600000000000001,0.2925813592654942
100,11.65,0.2935508036294367
100,11.700000000000001,0.29451944849237266
100,11.75,0.2954872989768646
100,11.8,0.2964543601503492
100,11.850000000000001,0.2974206370259367
100,11.9,0.29838613456319923
100,11.950000000000001,0.2993508576689413
100,12.0,0.30031481119795733
100,12.05,0.30127799995377524
100,12.100000000000001,0.30224042868938644
100,12.15,0.3032021021079635
100,12.200000000000001,0.30416302486356234
100,12.25,0.30512320156181477
100,12.3,0.3060826367606058
100,12.350000000000001,0.3070413349707418
100,12.4,0.30799930065660425
100,12.450000000000001,0.3089565382367922
100,12.5,0.30991305208475584
100,12.55,0.3108688465294153
100,12.600000000000001,0.3118239258557719
100,12.65,0.31277829430550513
100,12.700000000000001,0.31373195607756393
100,12.75,0.31468491532874354
100,12.8,0.31563717617425385
100,12.850000000000001,0.31658874268827925
100,12.9,0.31753961890452703
100,12.950000000000001,0.318489808816767
100,13.0,0.3194393163793622
100,13.05,0.32038814550779193
100,13.100000000000001,0.32133630007916175
100,13.15,0.32228378393271084
100,13.200000000000001,0.32323060087030475
100,13.25,0.3241767546569259
100,13.3,0.3251222490211506
100,13.350000000000001,0.32606708765562176
100,13.4,0.3270112742175122
100,13.450000000000001,0.3279548123289809
100,13.5,0.32889770557762127
100,13.55,0.329839957516903
100,13.600000000000001,0.33078157166660555
100,13.65,0.331722551513246
100,13.700000000000001,0.3326629005104982
100,13.75,0.3336026220796074
100,13.8,0.33454171960979634
100,13.850000000000001,0.3354801964586654
100,13.9,0.33641805595258734
100,13.950000000000001,0.33735530138709374
100,14.0,0.33829193602725854
100,14.05,0.3392279631080715
100,14.100000000000001,0.3401633858348098
100,14.15,0.3410982073833997
100,14.200000000000001,0.3420324309007773
100,14.25,0.3429660595052392
100,14.3,0.34389909628679094
100,14.350000000000001,0.3448315443074884
100,14.4,0.34576340660177446
100,14.450000000000001,0.34669468617681026
100,14.5,0.3476253860128021
100,14.55,0.3485555090633222
100,14.600000000000001,0.34948505825562587
100,14.65,0.3504140364909635
100,14.700000000000001,0.3513424466448864
100,14.75,0.3522702915675505
100,14.8,0.35319757408401414
100,14.850000000000001,0.3541242969945308
100,14.9,0.3550504630748394
100,14.950000000000001,0.35597607507644796
100,15.0,0.3569011357269154
100,15.05,0.3578256477301273
100,15.100000000000001,0.3587496137665686
100,15.15,0.35967303649359206
100,15.200000000000001,0.3605959185456832
100,15.25,0.3615182625347206
100,15.3,0.36244007105023257
100,15.350000000000001,0.36336134665965164
100,15.4,0.3642820919085628
100,15.450000000000001,0.36520230932095044
100,15.5,0.36612200139944023
100,15.55,0.3670411706255388
100,15.600000000000001,0.3679598194598688
100,15.65,0.3688779503424017
100,15.700000000000001,0.3697955656926866
100,15.75,0.3707126679100764
100,15.8,0.37162925937394975
100,15.850000000000001,0.3725453424439312
100,15.9,0.3734609194601074
100,15.950000000000001,0.37437599274324107
100,16.0,0.37529056459498034
100,16.05,0.37620463729806825
100,16.1,0.3771182131165452
100,16.150000000000002,0.3780312942959529
100,16.2,0.3789438830635323
100,16.25,0.3798559816284204
100,16.3,0.38076759218184436
100,16.35,0.3816787168973125
100,16.400000000000002,0.38258935793080195
100,16.45,0.38349951742094635
100,16.5,0.3844091974892177
100,16.55,0.38531840024010905
100,16.6,0.38622712776131146
100,16.650000000000002,0.38713538212389176
100,16.7,0.38804316538246486
100,16.75,0.3889504795753674
100,16.8,0.38985732672482515
100,16.85,0.39076370883712125
100,16.900000000000002,0.3916696279027608
100,16.95,0.3925750858966339
100,17.0,0.3934800847781753
100,17.05,0.3943846264915247
100,17.1,0.39528871296568113
100,17.150000000000002,0.39619234611465937
100,17.2,0.39709552783764074
100,17.25,0.3979982600191251
100,17.3,0.3989005445290781
100,17.35,0.3998023832230787
100,17.400000000000002,0.4007037779424638
100,17.45,0.40160473051447076
100,17.5,0.4025052427523792
100,17.55,0.4034053164556495
100,17.6,0.40430495341006134
100,17.650000000000002,0.4052041553878492
100,17.7,0.4061029241478358
100,17.75,0.40700126143556575
100,17.8,0.4078991689834357
100,17.85,0.4087966485108232
100,17.900000000000002,0.40969370172421504
100,17.95,0.4105903303173329
100,18.0,0.4114865359712576
100,18.05,0.4123823203545525
100,18.1,0.41327768512338453
100,18.150000000000002,0.41417263192164405
100,18.2,0.4150671623810636
100,18.25,0.4159612781213345
100,18.3,0.41685498075022276
100,18.35,0.4177482718636836
100,18.400000000000002,0.4186411530459733
100,18.45,0.41953362586976145
100,18.5,0.42042569189624035
100,18.55,0.42131735267523485
100,18.6,0.4222086097453088
100,18.650000000000002,0.42309946463387194
100,18.7,0.42398991885728404
100,18.75,0.42487997392095933
100,18.8,0.4257696313194689
100,18.85,0.4266588925366416
100,18.900000000000002,0.42754775904566417
100,18.95,0.4284362323091804
100,19.0,0.42932431377938823
100,19.05,0.43021200489813766
100,19.1,0.43109930709702415
100,19.150000000000002,0.431986221797485
100,19.200000000000003,0.43287275041089185
100,19.25,0.43375889433864157
100,19.3,0.4346446549722496
100,19.35,0.43553003369343884
100,19.400000000000002,0.4364150318742278
100,19.450000000000003,0.437299650877021
100,19.5,0.43818389205469327
100,19.55,0.43906775675067805
100,19.6,0.43995124629905086
100,19.650000000000002,0.4408343620246141
100,19.700000000000003,0.44171710524297947
100,19.75,0.4425994772606514
100,19.8,0.44348147937510685
100,19.85,0.44436311287487695
100,19.900000000000002,0.44524437903962555
100,19.950000000000003,0.44612527914022787
100,20.0,0.447005814438849
100,20.05,0.44788598618901915
100,20.1,0.4487657956357115
100,20.150000000000002,0.44964524401541583
100,20.200000000000003,0.45052433255621316
100,20.25,0.4514030624778497
100,20.3,0.4522814349918098
100,20.35,0.45315945130138546
100,20.400000000000002,0.45403711260175145
100,20.450000000000003,0.4549144200800315
100,20.5,0.45579137491537075
100,20.55,0.4566679782790034
100,20.6,0.45754423133431993
100,20.650000000000002,0.45842013523693614
100,20.700000000000003,0.4592956911347592
100,20.75,0.46017090016805257
100,20.8,0.4610457634695016
100,20.85,0.46192028216427894
100,20.900000000000002,0.46279445737010666
100,20.950000000000003,0.4636682901973215
100,21.0,0.4645417817489345
100,21.05,0.4654149331206954
100,21.1,0.4662877454011528
100,21.150000000000002,0.4671602196717129
100,21.200000000000003,0.4680323570067029
100,21.25,0.4689041584734267
100,21.3,0.4697756251322254
100,21.35,0.47064675803653533
100,21.400000000000002,0.47151755823294406
100,21.450000000000003,0.4723880267612484
100,21.5,0.4732581646545098
100,21.55,0.47412797293911074
100,21.6,0.47499745263480936
100,21.650000000000002,0.47586660475479337
100,21.700000000000003,0.4767354303057343
100,21.75,0.4776039302878417
100,21.8,0.47847210569491455
100,21.85,0.47933995751439407
100,21.900000000000002,0.48020748672741514
100,21.950000000000003,0.48107469430885913
100,22.0,0.48194158122740133
100,22.05,0.4828081484455644
100,22.1,0.4836743969197666
100,22.150000000000002,0.48454032760036986
100,22.200000000000003,0.4854059414317304
100,22.25,0.48627123935224553
100,22.3,0.48713622229440223
100,22.35,0.48800089118482304
100,22.400000000000002,0.48886524694431505
100,22.450000000000003,0.48972929048791314
100,22.5,0.49059302272492833
100,22.55,0.49145644455899196
100,22.6,0.49231955688810053
100,22.650000000000002,0.4931823606046613
100,22.700000000000003,0.4940448565955343
100,22.75,0.4949070457420774
100,22.8,0.49576892892018964
100,22.85,0.4966305070003524
100,22.900000000000002,0.49749178084767354
100,22.950000000000003,0.4983527513219283
100,23.0,0.4992134192776007
100,23.05,0.500073785563925
100,23.1,0.5009338510249265
100,23.150000000000002,0.5017936164994615
100,23.200000000000003,0.502653082821257
100,23.25,0.5035122508189509
100,23.3,0.5043711213161308
100,23.35,0.5052296951313727
100,23.400000000000002,0.5060879730782795
100,23.450000000000003,0.5069459559655184
100,23.5,0.50780364459686
100,23.55,0.5086610397712144
100,23.6,0.5095181422826681
100,23.650000000000002,0.510374952920522
100,23.700000000000003,0.5112314724693253
100,23.75,0.5120877017089142
100,23.8,0.5129436414144449
100,23.85,0.5137992923564307
100,23.900000000000002,0.5146546553007758
100,23.950000000000003,0.5155097310088107
100,24.0,0.5163645202373255
100,24.05,0.517219023738605
100,24.1,0.5180732422604609
100,24.150000000000002,0.518927176546267
100,24.200000000000003,0.5197808273349903
100,24.25,0.5206341953612251
100,24.3,0.5214872813552244
100,24.35,0.522340086042932
100,24.400000000000002,0.5231926101460164
100,24.450000000000003,0.5240448543818987
100,24.5,0.5248968194637869
100,24.55,0.5257485061007058
100,24.6,0.5265999149975263
100,24.650000000000002,0.527451046854999
100,24.700000000000003,0.5283019023697807
100,24.75,0.5291524822344666
100,24.8,0.5300027871376191
100,24.85,0.5308528177637966
100,24.900000000000002,0.531702574793584
100,24.950000000000003,0.5325520589036195
100,25.0,0.5334012707666247
100,25.05,0.5342502110514322
100,25.1,0.5350988804230136
100,25.150000000000002,0.5359472795425071
100,25.200000000000003,0.5367954090672457
100,25.25,0.5376432696507836
100,25.3,0.5384908619429233
100,25.35,0.5393381865897438
100,25.400000000000002,0.5401852442336247
100,25.450000000000003,0.5410320355132741
100,25.5,0.5418785610637551
100,25.55,0.5427248215165098
100,25.6,0.5435708174993876
100,25.650000000000002,0.5444165496366672
100,25.700000000000003,0.5452620185490844
100,25.75,0.546107224853857
100,25.8,0.5469521691647072
100,25.85,0.5477968520918888
100,25.900000000000002,0.5486412742422103
100,25.950000000000003,0.5494854362190588
100,26.0,0.5503293386224242
100,26.05,0.5511729820489227
100,26.1,0.5520163670918208
100,26.150000000000002,0.552859494341058
100,26.200000000000003,0.5537023643832696
100,26.25,0.5545449778018112
100,26.3,0.5553873351767789
100,26.35,0.556229437085034
100,26.400000000000002,0.5570712841002243
100,26.450000000000003,0.5579128767928055
100,26.5,0.5587542157300649
100,26.55,0.5595953014761417
100,26.6,0.5604361345920484
100,26.650000000000002,0.5612767156356945
100,26.700000000000003,0.5621170451619041
100,26.75,0.5629571237224392
100,26.8,0.563796951866021
100,26.85,0.5646365301383484
100,26.900000000000002,0.5654758590821203
100,26.950000000000003,0.5663149392370561
100,27.0,0.5671537711399132
100,27.05,0.5679923553245105
100,27.1,0.5688306923217452
100,27.150000000000002,0.5696687826596155
100,27.200000000000003,0.5705066268632363
100,27.25,0.5713442254548623
100,27.3,0.5721815789539046
100,27.35,0.5730186878769506
100,27.400000000000002,0.5738555527377832
100,27.450000000000003,0.5746921740473984
100,27.5,0.5755285523140251
100,27.55,0.5763646880431428
100,27.6,0.5772005817374998
100,27.650000000000002,0.578036233897131
100,27.700000000000003,0.5788716450193769
100,27.75,0.579706815598901
100,27.8,0.5805417461277068
100,27.85,0.5813764370951552
100,27.900000000000002,0.5822108889879825
100,27.950000000000003,0.5830451022903191
100,28.0,0.5838790774837028
100,28.05,0.5847128150470993
100,28.1,0.5855463154569167
100,28.150000000000002,0.5863795791870244
100,28.200000000000003,0.5872126067087668
100,28.25,0.5880453984909826
100,28.3,0.5888779550000193
100,28.35,0.5897102766997495
100,28.400000000000002,0.5905423640515877
100,28.450000000000003,0.5913742175145056
100,28.5,0.5922058375450474
100,28.55,0.5930372245973472
100,28.6,0.5938683791231425
100,28.650000000000002,0.5946993015717906
100,28.700000000000003,0.5955299923902841
100,28.75,0.5963604520232652
100,28.8,0.5971906809130413
100,28.85,0.5980206794996006
100,28.900000000000002,0.5988504482206249
100,28.950000000000003,0.5996799875115071
100,29.0,0.6005092978053632
100,29.05,0.6013383795330474
100,29.1,0.6021672331231676
100,29.150000000000002,0.6029958590020992
100,29.200000000000003,0.6038242575939973
100,29.25,0.6046524293208148
100,29.3,0.6054803746023115
100,29.35,0.6063080938560714
100,29.400000000000002,0.607135587497515
100,29.450000000000003,0.6079628559399133
100,29.5,0.6087898995944006
100,29.55,0.6096167188699886
100,29.6,0.6104433141735802
100,29.650000000000002,0.6112696859099808
100,29.700000000000003,0.6120958344819132
100,29.75,0.6129217602900298
100,29.8,0.6137474637329253
100,29.85,0.6145729452071507
100,29.900000000000002,0.6153982051072239
100,29.950000000000003,0.616223243825644
100,30.0,0.6170480617529033
100,30.05,0.6178726592774993
100,30.1,0.618697036785948
100,30.150000000000002,0.619521194662795
100,30.200000000000003,0.6203451332906285
100,30.25,0.62116885305009
100,30.3,0.6219923543198879
100,30.35,0.6228156374768092
100,30.400000000000002,0.6236387028957296
100,30.450000000000003,0.6244615509496266
100,30.5,0.6252841820095915
100,30.55,0.626106596444839
100,30.6,0.6269287946227208
100,30.650000000000002,0.6277507769087353
100,30.700000000000003,0.6285725436665398
100,30.75,0.6293940952579614
100,30.8,0.630215432043008
100,30.85,0.631036554379879
100,30.900000000000002,0.631857462624977
100,30.950000000000003,0.6326781571329181
100,31.0,0.6334986382565428
100,31.05,0.6343189063469268
100,31.1,0.6351389617533909
100,31.150000000000002,0.6359588048235133
100,31.200000000000003,0.6367784359031374
100,31.25,0.6375978553363848
100,31.3,0.6384170634656643
100,31.35,0.6392360606316817
100,31.400000000000002,0.6400548471734508
100,31.450000000000003,0.6408734234283033
100,31.5,0.6416917897318994
100,31.55,0.6425099464182361
100,31.6,0.6433278938196576
100,31.650000000000002,0.644145632266867
100,31.700000000000003,0.6449631620889343
100,31.75,0.6457804836133054
100,31.8,0.646597597165813
100,31.85,0.6474145030706863
100,31.900000000000002,0.6482312016505587
100,31.950000000000003,0.6490476932264793
100,32.0,0.6498639781179214
100,32.050000000000004,0.6506800566427912
100,32.1,0.6514959291174373
100,32.15,0.65231159585666
100,32.2,0.6531270571737205
100,32.25,0.6539423133803494
100,32.300000000000004,0.6547573647867568
100,32.35,0.6555722117016388
100,32.4,0.6563868544321888
100,32.45,0.657201293284105
100,32.5,0.6580155285615991
100,32.550000000000004,0.6588295605674056
100,32.6,0.6596433896027893
100,32.65,0.6604570159675547
100,32.7,0.6612704399600546
100,32.75,0.6620836618771966
100,32.800000000000004,0.6628966820144546
100,32.85,0.6637095006658738
100,32.9,0.6645221181240815
100,32.95,0.6653345346802934
100,33.0,0.6661467506243227
100,33.050000000000004,0.6669587662445888
100,33.1,0.6677705818281221
100,33.15,0.668582197660577
100,33.2,0.6693936140262352
100,33.25,0.6702048312080157
100,33.300000000000004,0.671015849487482
100,33.35,0.6718266691448515
100,33.4,0.6726372904589994
100,33.45,0.6734477137074697
100,33.5,0.6742579391664816
100,33.550000000000004,0.6750679671109372
100,33.6,0.6758777978144288
100,33.65,0.6766874315492462
100,33.7,0.677496868586383
100,33.75,0.6783061091955476
100,33.800000000000004,0.6791151536451654
100,33.85,0.6799240022023905
100,33.9,0.6807326551331092
100,33.95,0.6815411127019505
100,34.0,0.6823493751722901
100,34.050000000000004,0.683157442806259
100,34.1,0.6839653158647514
100,34.15,0.6847729946074289
100,34.2,0.6855804792927304
100,34.25,0.6863877701778763
100,34.300000000000004,0.687194867518877
100,34.35,0.6880017715705395
100,34.4,0.6888084825864729
100,34.45,0.6896150008190963
100,34.5,0.6904213265196454
100,34.550000000000004,0.6912274599381782
100,34.6,0.6920334013235817
100,34.65,0.6928391509235787
100,34.7,0.6936447089847347
100,34.75,0.6944500757524634
100,34.800000000000004,0.6952552514710335
100,34.85,0.696060236383575
100,34.9,0.6968650307320848
100,34.95,0.6976696347574349
100,35.0,0.6984740486993755
100,35.050000000000004,0.6992782727965436
100,35.1,0.7000823072864693
100,35.15,0.7008861524055795
100,35.2,0.7016898083892057
100,35.25,0.7024932754715906
100,35.300000000000004,0.7032965538858912
100,35.35,0.7040996438641886
100,35.4,0.7049025456374909
100,35.45,0.70570525943574
100,35.5,0.7065077854878171
100,35.550000000000004,0.7073101240215498
100,35.6,0.7081122752637159
100,35.65,0.7089142394400499
100,35.7,0.7097160167752498
100,35.75,0.71051760749298
100,35.800000000000004,0.7113190118158798
100,35.85,0.7121202299655672
100,35.9,0.7129212621626448
100,35.95,0.7137221086267058
100,36.0,0.7145227695763378
100,36.050000000000004,0.7153232452291306
100,36.1,0.7161235358016795
100,36.15,0.716923641509592
100,36.2,0.7177235625674926
100,36.25,0.7185232991890275
100,36.300000000000004,0.7193228515868706
100,36.35,0.7201222199727288
100,36.4,0.7209214045573461
100,36.45,0.7217204055505103
100,36.5,0.7225192231610568
100,36.550000000000004,0.7233178575968738
100,36.6,0.7241163090649085
100,36.65,0.7249145777711709
100,36.7,0.7257126639207386
100,36.75,0.7265105677177631
100,36.800000000000004,0.7273082893654736
100,36.85,0.7281058290661823
100,36.9,0.7289031870212889
100,36.95,0.7297003634312851
100,37.0,0.730497358495762
100,37.050000000000004,0.7312941724134109
100,37.1,0.7320908053820302
100,37.15,0.7328872575985306
100,37.2,0.7336835292589386
100,37.25,0.7344796205584014
100,37.300000000000004,0.735275531691192
100,37.35,0.7360712628507133
100,37.4,0.7368668142295037
100,37.45,0.7376621860192397
100,37.5,0.738457378410741
100,37.550000000000004,0.7392523915939772
100,37.6,0.7400472257580694
100,37.65,0.7408418810912956
100,37.7,0.7416363577810959
100,37.75,0.7424306560140761
100,37.800000000000004,0.7432247759760117
100,37.85,0.7440187178518526
100,37.9,0.7448124818257281
100,37.95,0.7456060680809501
100,38.0,0.7463994768000175
100,38.050000000000004,0.7471927081646211
100,38.1,0.7479857623556476
100,38.15,0.7487786395531829
100,38.2,0.7495713399365171
100,38.25,0.750363863684148
100,38.300000000000004,0.7511562109737866
100,38.35,0.7519483819823588
100,38.400000000000006,0.7527403768860118
100,38.45,0.7535321958601161
100,38.5,0.7543238390792715
100,38.550000000000004,0.7551153067173091
100,38.6,0.755906598947297
100,38.650000000000006,0.7566977159415424
100,38.7,0.7574886578715978
100,38.75,0.7582794249082618
100,38.800000000000004,0.7590700172215861
100,38.85,0.7598604349808777
100,38.900000000000006,0.7606506783547025
100,38.95,0.7614407475108897
100,39.0,0.7622306426165353
100,39.050000000000004,0.7630203638380061
100,39.1,0.7638099113409428
100,39.150000000000006,0.7645992852902653
100,39.2,0.7653884858501733
100,39.25,0.7661775131841533
100,39.300000000000004,0.7669663674549798
100,39.35,0.7677550488247213
100,39.400000000000006,0.7685435574547409
100,39.45,0.7693318935057021
100,39.5,0.770120057137571
100,39.550000000000004,0.7709080485096219
100,39.6,0.7716958677804379
100,39.650000000000006,0.772483515107917
100,39.7,0.7732709906492738
100,39.75,0.7740582945610435
100,39.800000000000004,0.7748454269990854
100,39.85,0.7756323881185869
100,39.900000000000006,0.7764191780740658
100,39.95,0.7772057970193736
100,40.0,0.7779922451077005
100,40.050000000000004,0.7787785224915766
100,40.1,0.7795646293228772
100,40.150000000000006,0.780350565752824
100,40.2,0.78113633193199
100,40.25,0.781921928010303
100,40.300000000000004,0.7827073541370461
100,40.35,0.7834926104608648
100,40.400000000000006,0.7842776971297665
100,40.45,0.7850626142911271
100,40.5,0.7858473620916916
100,40.550000000000004,0.7866319406775776
100,40.6,0.7874163501942798
100,40.650000000000006,0.7882005907866723
100,40.7,0.7889846625990103
100,40.75,0.7897685657749364
100,40.800000000000004,0.7905523004574799
100,40.85,0.7913358667890626
100,40.900000000000006,0.7921192649115009
100,40.95,0.7929024949660087
100,41.0,0.7936855570931995
100,41.050000000000004,0.7944684514330921
100,41.1,0.7952511781251103
100,41.150000000000006,0.796033737308088
100,41.2,0.7968161291202707
100,41.25,0.79759835369932
100,41.300000000000004,0.7983804111823148
100,41.35,0.7991623017057556
100,41.400000000000006,0.799944025405566
100,41.45,0.8007255824170965
100,41.5,0.8015069728751278
100,41.550000000000004,0.8022881969138719
100,41.6,0.8030692546669754
100,41.650000000000006,0.8038501462675239
100,41.7,0.8046308718480432
100,41.75,0.8054114315405021
100,41.800000000000004,0.8061918254763148
100,41.85,0.8069720537863464
100,41.900000000000006,0.8077521166009104
100,41.95,0.8085320140497773
100,42.0,0.809311746262172
100,42.050000000000004,0.8100913133667804
100,42.1,0.8108707154917502
100,42.150000000000006,0.8116499527646919
100,42.2,0.8124290253126866
100,42.25,0.8132079332622826
100,42.300000000000004,0.8139866767395015
100,42.35,0.8147652558698399
100,42.400000000000006,0.815543670778272
100,42.45,0.816321921589252
100,42.5,0.8171000084267166
100,42.550000000000004,0.8178779314140879
100,42.6,0.8186556906742759
100,42.650000000000006,0.8194332863296788
100,42.7,0.8202107185021904
100,42.75,0.8209879873131964
100,42.800000000000004,0.8217650928835828
100,42.85,0.8225420353337328
100,42.900000000000006,0.8233188147835335
100,42.95,0.8240954313523773
100,43.0,0.8248718851591612
100,43.050000000000004,0.8256481763222939
100,43.1,0.826424304959695
100,43.150000000000006,0.8272002711887981
100,43.2,0.827976075126554
100,43.25,0.8287517168894317
100,43.300000000000004,0.829527196593421
100,43.35,0.830302514354036
100,43.400000000000006,0.8310776702863162
100,43.45,0.8318526645048286
100,43.5,0.8326274971236711
100,43.550000000000004,0.8334021682564733
100,43.6,0.8341766780163995
100,43.650000000000006,0.8349510265161526
100,43.7,0.8357252138679732
100,43.75,0.8364992401836426
100,43.800000000000004,0.8372731055744874
100,43.85,0.8380468101513785
100,43.900000000000006,0.8388203540247356
100,43.95,0.8395937373045279
100,44.0,0.8403669601002773
100,44.050000000000004,0.8411400225210591
100,44.1,0.8419129246755059
100,44.150000000000006,0.8426856666718088
100,44.2,0.8434582486177189
100,44.25,0.8442306706205503
100,44.300000000000004,0.8450029327871827
100,44.35,0.8457750352240615
100,44.400000000000006,0.8465469780372009
100,44.45,0.8473187613321879
100,44.5,0.8480903852141806
100,44.550000000000004,0.8488618497879125
100,44.6,0.8496331551576946
100,44.650000000000006,0.8504043014274171
100,44.7,0.8511752887005504
100,44.75,0.8519461170801483
100,44.800000000000004,0.8527167866688501
100,44.85,0.8534872975688809
100,44.900000000000006,0.8542576498820552
100,44.95,0.8550278437097786
100,45.0,0.8557978791530495
100,45.050000000000004,0.8565677563124601
100,45.1,0.8573374752882005
100,45.150000000000006,0.8581070361800576
100,45.2,0.85887643908742
100,45.25,0.8596456841092779
100,45.300000000000004,0.8604147713442257
100,45.35,0.861183700890464
100,45.400000000000006,0.8619524728458006
100,45.45,0.8627210873076535
100,45.5,0.8634895443730521
100,45.550000000000004,0.8642578441386388
100,45.6,0.8650259867006715
100,45.650000000000006,0.8657939721550238
100,45.7,0.8665618005971907
100,45.75,0.8673294721222846
100,45.800000000000004,0.8680969868250418
100,45.85,0.8688643447998223
100,45.900000000000006,0.8696315461406124
100,45.95,0.8703985909410239
100,46.0,0.8711654792943011
100,46.050000000000004,0.8719322112933164
100,46.1,0.8726987870305764
100,46.150000000000006,0.8734652065982218
100,46.2,0.8742314700880289
100,46.25,0.874997577591413
100,46.300000000000004,0.8757635291994273
100,46.35,0.8765293250027681
100,46.400000000000006,0.8772949650917724
100,46.45,0.8780604495564232
100,46.5,0.8788257784863492
100,46.550000000000004,0.879590951970827
100,46.6,0.8803559700987829
100,46.650000000000006,0.8811208329587931
100,46.7,0.8818855406390878
100,46.75,0.8826500932275505
100,46.800000000000004,0.8834144908117213
100,46.85,0.8841787334787977
100,46.900000000000006,0.8849428213156356
100,46.95,0.8857067544087522
100,47.0,0.8864705328443273
100,47.050000000000004,0.8872341567082029
100,47.1,0.8879976260858881
100,47.150000000000006,0.8887609410625575
100,47.2,0.8895241017230547
100,47.25,0.8902871081518937
100,47.300000000000004,0.8910499604332591
100,47.35,0.8918126586510092
100,47.400000000000006,0.8925752028886755
100,47.45,0.8933375932294673
100,47.5,0.8940998297562706
100,47.550000000000004,0.8948619125516493
100,47.6,0.8956238416978497
100,47.650000000000006,0.8963856172767978
100,47.7,0.8971472393701055
100,47.75,0.8979087080590672
100,47.800000000000004,0.8986700234246652
100,47.85,0.8994311855475687
100,47.900000000000006,0.9001921945081358
100,47.95,0.9009530503864158
100,48.0,0.9017137532621503
100,48.050000000000004,0.9024743032147732
100,48.1,0.9032347003234138
100,48.150000000000006,0.9039949446668978
100,48.2,0.9047550363237483
100,48.25,0.9055149753721875
100,48.300000000000004,0.9062747618901378
100,48.35,0.9070343959552232
100,48.400000000000006,0.9077938776447716
100,48.45,0.9085532070358144
100,48.5,0.9093123842050892
100,48.550000000000004,0.910071409229041
100,48.6,0.9108302821838224
100,48.650000000000006,0.9115890031452971
100,48.7,0.9123475721890393
100,48.75,0.9131059893903356
100,48.800000000000004,0.9138642548241864
100,48.85,0.9146223685653073
100,48.900000000000006,0.9153803306881306
100,48.95,0.9161381412668052
100,49.0,0.9168958003752004
100,49.050000000000004,0.9176533080869052
100,49.1,0.918410664475229
100,49.150000000000006,0.9191678696132062
100,49.2,0.9199249235735932
100,49.25,0.9206818264288724
100,49.300000000000004,0.9214385782512533
100,49.35,0.9221951791126731
100,49.400000000000006,0.9229516290847973
100,49.45,0.9237079282390218
100,49.5,0.9244640766464756
100,49.550000000000004,0.9252200743780173
100,49.6,0.9259759215042423
100,49.650000000000006,0.9267316180954797
100,49.7,0.9274871642217958
100,49.75,0.9282425599529934
100,49.800000000000004,0.9289978053586145
100,49.85,0.9297529005079419
100,49.900000000000006,0.9305078454699979
100,49.95,0.9312626403135481
100,50.0,0.9320172851071009
100,50.050000000000004,0.93277177991891
100,50.1,0.9335261248169748
100,50.150000000000006,0.9342803198690405
100,50.2,0.9350343651426014
100,50.25,0.9357882607049015
100,50.300000000000004,0.9365420066229337
100,50.35,0.9372956029634427
100,50.400000000000006,0.9380490497929267
100,50.45,0.9388023471776367
100,50.5,0.9395554951835785
100,50.550000000000004,0.9403084938765142
100,50.6,0.941061343321963
100,50.650000000000006,0.941814043585202
100,50.7,0.9425665947312672
100,50.75,0.9433189968249553
100,50.800000000000004,0.9440712499308244
100,50.85,0.9448233541131952
100,50.900000000000006,0.945575309436151
100,50.95,0.9463271159635409
100,51.0,0.9470787737589781
100,51.050000000000004,0.9478302828858451
100,51.1,0.9485816434072892
100,51.150000000000006,0.9493328553862282
100,51.2,0.9500839188853493
100,51.25,0.950834833967111
100,51.300000000000004,0.9515856006937434
100,51.35,0.952336219127249
100,51.400000000000006,0.9530866893294051
100,51.45,0.9538370113617635
100,51.5,0.9545871852856526
100,51.550000000000004,0.9553372111621768
100,51.6,0.9560870890522196
100,51.650000000000006,0.9568368190164426
100,51.7,0.9575864011152879
100,51.75,0.9583358354089784
100,51.800000000000004,0.9590851219575188
100,51.85,0.959834260820697
100,51.900000000000006,0.960583252058085
100,51.95,0.9613320957290393
100,52.0,0.9620807918927028
100,52.050000000000004,0.9628293406080043
100,52.1,0.9635777419336614
100,52.150000000000006,0.9643259959281797
100,52.2,0.9650741026498546
100,52.25,0.9658220621567728
100,52.300000000000004,0.9665698745068118
100,52.35,0.9673175397576412
100,52.400000000000006,0.9680650579667253
100,52.45,0.9688124291913225
100,52.5,0.9695596534884853
100,52.550000000000004,0.9703067309150637
100,52.6,0.9710536615277039
100,52.650000000000006,0.9718004453828506
100,52.7,0.9725470825367475
100,52.75,0.9732935730454384
100,52.800000000000004,0.9740399169647668
100,52.85,0.9747861143503783
100,52.900000000000006,0.9755321652577216
100,52.95,0.9762780697420483
100,53.0,0.9770238278584137
100,53.050000000000004,0.9777694396616795
100,53.1,0.9785149052065125
100,53.150000000000006,0.9792602245473864
100,53.2,0.980005397738583
100,53.25,0.9807504248341927
100,53.300000000000004,0.9814953058881154
100,53.35,0.9822400409540607
100,53.400000000000006,0.9829846300855505
100,53.45,0.9837290733359177
100,53.5,0.9844733707583087
100,53.550000000000004,0.9852175224056828
100,53.6,0.9859615283308151
100,53.650000000000006,0.9867053885862952
100,53.7,0.9874491032245276
100,53.75,0.9881926722977373
100,53.800000000000004,0.9889360958579638
100,53.85,0.9896793739570664
100,53.900000000000006,0.9904225066467243
100,53.95,0.9911654939784367
100,54.0,0.9919083360035239
100,54.050000000000004,0.9926510327731269
100,54.1,0.9933935843382112
100,54.150000000000006,0.9941359907495648
100,54.2,0.9948782520578001
100,54.25,0.9956203683133542
100,54.300000000000004,0.9963623395664903
100,54.35,0.9971041658672983
100,54.400000000000006,0.9978458472656953
100,54.45,0.9985873838114264
100,54.5,0.9993287755540659
100,54.550000000000004,1.000070022543018
100,54.6,1.0008111248275156
100,54.650000000000006,1.0015520824566255
100,54.7,1.0022928954792445
100,54.75,1.0030335639441028
100,54.800000000000004,1.0037740878997643
100,54.85,1.0045144673946258
100,54.900000000000006,1.0052547024769203
100,54.95,1.0059947931947162
100,55.0,1.0067347395959176
100,55.050000000000004,1.007474541728267
100,55.1,1.008214199639343
100,55.150000000000006,1.008953713376565
100,55.2,1.0096930829871895
100,55.25,1.010432308518315
100,55.300000000000004,1.0111713900168784
100,55.35,1.0119103275296608
100,55.400000000000006,1.0126491211032829
100,55.45,1.0133877707842096
100,55.5,1.0141262766187495
100,55.550000000000004,1.0148646386530553
100,55.6,1.0156028569331237
100,55.650000000000006,1.0163409315047978
100,55.7,1.0170788624137677
100,55.75,1.0178166497055694
100,55.800000000000004,1.0185542934255871
100,55.85,1.0192917936190533
100,55.900000000000006,1.0200291503310497
100,55.95,1.0207663636065072
100,56.0,1.0215034334902084
100,56.050000000000004,1.0222403600267858
100,56.1,1.0229771432607233
100,56.150000000000006,1.0237137832363588
100,56.2,1.024450279997881
100,56.25,1.025186633589335
100,56.300000000000004,1.0259228440546186
100,56.35,1.0266589114374844
100,56.400000000000006,1.027394835781542
100,56.45,1.0281306171302562
100,56.5,1.0288662555269485
100,56.550000000000004,1.0296017510148
100,56.6,1.0303371036368476
100,56.650000000000006,1.031072313435988
100,56.7,1.0318073804549783
100,56.75,1.0325423047364346
100,56.800000000000004,1.0332770863228335
100,56.85,1.034011725256515
100,56.900000000000006,1.0347462215796785
100,56.95,1.0354805753343883
100,57.0,1.0362147865625697
100,57.050000000000004,1.0369488553060136
100,57.1,1.037682781606375
100,57.150000000000006,1.0384165655051736
100,57.2,1.0391502070437946
100,57.25,1.0398837062634902
100,57.300000000000004,1.0406170632053788
100,57.35,1.0413502779104469
100,57.400000000000006,1.0420833504195481
100,57.45,1.0428162807734056
100,57.5,1.0435490690126112
100,57.550000000000004,1.044281715177627
100,57.6,1.0450142193087848
100,57.650000000000006,1.0457465814462894
100,57.7,1.046478801630214
100,57.75,1.0472108799005062
100,57.800000000000004,1.0479428162969857
100,57.85,1.0486746108593457
100,57.900000000000006,1.0494062636271528
100,57.95,1.0501377746398484
100,58.0,1.0508691439367488
100,58.050000000000004,1.0516003715570454
100,58.1,1.0523314575398073
100,58.150000000000006,1.0530624019239778
100,58.2,1.0537932047483787
100,58.25,1.0545238660517111
100,58.300000000000004,1.0552543858725516
100,58.35,1.0559847642493574
100,58.400000000000006,1.0567150012204638
100,58.45,1.0574450968240874
100,58.5,1.0581750510983257
100,58.550000000000004,1.0589048640811554
100,58.6,1.0596345358104358
100,58.650000000000006,1.0603640663239084
100,58.7,1.0610934556591969
100,58.75,1.0618227038538088
100,58.800000000000004,1.0625518109451344
100,58.85,1.0632807769704484
100,58.900000000000006,1.064009601966911
100,58.95,1.064738285971567
100,59.0,1.0654668290213472
100,59.050000000000004,1.0661952311530682
100,59.1,1.0669234924034339
100,59.150000000000006,1.0676516128090352
100,59.2,1.0683795924063515
100,59.25,1.0691074312317492
100,59.300000000000004,1.0698351293214845
100,59.35,1.0705626867117028
100,59.400000000000006,1.07129010343844
100,59.45,1.0720173795376198
100,59.5,1.0727445150450594
100,59.550000000000004,1.073471509996467
100,59.6,1.074198364427441
100,59.650000000000006,1.0749250783734723
100,59.7,1.075651651869947
100,59.75,1.0763780849521423
100,59.800000000000004,1.0771043776552292
100,59.85,1.077830530014273
100,59.900000000000006,1.0785565420642347
100,59.95,1.0792824138399688
100,60.0,1.0800081453762278
100,60.050000000000004,1.0807337367076577
100,60.1,1.081459187868803
100,60.150000000000006,1.0821844988941038
100,60.2,1.0829096698178997
100,60.25,1.0836347006744265
100,60.300000000000004,1.084359591497819
100,60.35,1.0850843423221108
100,60.400000000000006,1.0858089531812358
100,60.45,1.0865334241090268
100,60.5,1.087257755139216
100,60.550000000000004,1.0879819463054385
100,60.6,1.088705997641229
100,60.650000000000006,1.089429909180025
100,60.7,1.090153680955165
100,60.75,1.0908773129998905
100,60.800000000000004,1.0916008053473452
100,60.85,1.0923241580305778
100,60.900000000000006,1.09304737108254
100,60.95,1.093770444536088
100,61.0,1.0944933784239816
100,61.050000000000004,1.0952161727788876
100,61.1,1.0959388276333772
100,61.150000000000006,1.0966613430199275
100,61.2,1.0973837189709232
100,61.25,1.0981059555186543
100,61.300000000000004,1.0988280526953198
100,61.35,1.0995500105330256
100,61.400000000000006,1.1002718290637854
100,61.45,1.1009935083195215
100,61.5,1.1017150483320668
100,61.550000000000004,1.1024364491331604
100,61.6,1.1031577107544548
100,61.650000000000006,1.103878833227511
100,61.7,1.1045998165837996
100,61.75,1.105320660854704
100,61.800000000000004,1.106041366071519
100,61.85,1.10676193226545
100,61.900000000000006,1.1074823594676158
100,61.95,1.1082026477090474
100,62.0,1.1089227970206892
100,62.050000000000004,1.1096428074333986
100,62.1,1.1103626789779473
100,62.150000000000006,1.1110824116850202
100,62.2,1.111802005585219
100,62.25,1.1125214607090588
100,62.300000000000004,1.1132407770869706
100,62.35,1.1139599547493009
100,62.400000000000006,1.1146789937263135
100,62.45,1.1153978940481868
100,62.5,1.1161166557450182
100,62.550000000000004,1.116835278846822
100,62.6,1.1175537633835297
100,62.650000000000006,1.1182721093849908
100,62.7,1.1189903168809745
100,62.75,1.1197083859011678
100,62.800000000000004,1.1204263164751778
100,62.85,1.1211441086325304
100,62.900000000000006,1.1218617624026712
100,62.95,1.122579277814968
100,63.0,1.1232966548987076
100,63.050000000000004,1.1240138936830995
100,63.1,1.124730994197272
100,63.150000000000006,1.125447956470278
100,63.2,1.1261647805310924
100,63.25,1.126881466408611
100,63.300000000000004,1.127598014131653
100,63.35,1.1283144237289626
100,63.400000000000006,1.1290306952292057
100,63.45,1.1297468286609722
100,63.5,1.1304628240527783
100,63.550000000000004,1.131178681433064
100,63.6,1.1318944008301928
100,63.650000000000006,1.1326099822724551
100,63.7,1.1333254257880676
100,63.75,1.134040731405172
100,63.800000000000004,1.1347558991518365
100,63.85,1.1354709290560565
100,63.900000000000006,1.136185821145755
100,63.95,1.1369005754487809
100,64.0,1.137615191992913
100,64.05,1.1383296708058572
100,64.10000000000001,1.1390440119152476
100,64.15,1.1397582153486472
100,64.2,1.1404722811335488
100,64.25,1.1411862092973748
100,64.3,1.1418999998674757
100,64.35000000000001,1.1426136528711348
100,64.4,1.1433271683355641
100,64.45,1.1440405462879062
100,64.5,1.1447537867552366
100,64.55,1.1454668897645608
100,64.60000000000001,1.1461798553428157
100,64.65,1.146892683516872
100,64.7,1.1476053743135317
100,64.75,1.1483179277595295
100,64.8,1.1490303438815344
100,64.85000000000001,1.1497426227061462
100,64.9,1.1504547642599015
100,64.95,1.151166768569269
100,65.0,1.1518786356606519
100,65.05,1.152590365560389
100,65.10000000000001,1.153301958294753
100,65.15,1.1540134138899525
100,65.2,1.154724732372131
100,65.25,1.1554359137673686
100,65.3,1.1561469581016819
100,65.35000000000001,1.1568578654010224
100,65.4,1.1575686356912802
100,65.45,1.158279268998281
100,65.5,1.1589897653477896
100,65.55,1.159700124765506
100,65.60000000000001,1.1604103472770717
100,65.65,1.1611204329080624
100,65.7,1.1618303816839959
100,65.75,1.1625401936303266
100,65.8,1.1632498687724488
100,65.85000000000001,1.1639594071356973
100,65.9,1.1646688087453456
100,65.95,1.165378073626606
100,66.0,1.1660872018046338
100,66.05,1.166796193304523
100,66.10000000000001,1.1675050481513094
100,66.15,1.1682137663699694
100,66.2,1.1689223479854214
100,66.25,1.1696307930225252
100,66.3,1.1703391015060838
100,66.35000000000001,1.1710472734608397
100,66.4,1.171755308911481
100,66.45,1.1724632078826367
100,66.5,1.1731709703988806
100,66.55,1.173878596484728
100,66.60000000000001,1.1745860861646402
100,66.65,1.17529343946302
100,66.7,1.1760006564042162
100,66.75,1.176707737012522
100,66.8,1.1774146813121744
100,66.85000000000001,1.1781214893273566
100,66.9,1.178828161082195
100,66.95,1.179534696600765
100,67.0,1.1802410959070857
100,67.05,1.1809473590251218
100,67.10000000000001,1.1816534859787857
100,67.15,1.182359476791936
100,67.2,1.1830653314883786
100,67.25,1.183771050091865
100,67.3,1.1844766326260967
100,67.35000000000001,1.1851820791147205
100,67.4,1.1858873895813329
100,67.45,1.1865925640494774
100,67.5,1.1872976025426463
100,67.55,1.1880025050842806
100,67.60000000000001,1.1887072716977716
100,67.65,1.1894119024064571
100,67.7,1.190116397233627
100,67.75,1.1908207562025193
100,67.8,1.191524979336322
100,67.85000000000001,1.192229066658175
100,67.9,1.1929330181911662
100,67.95,1.1936368339583368
100,68.0,1.1943405139826764
100,68.05,1.1950440582871278
100,68.10000000000001,1.1957474668945847
100,68.15,1.1964507398278916
100,68.2,1.1971538771098462
100,68.25,1.1978568787631976
100,68.3,1.198559744810647
100,68.35000000000001,1.1992624752748493
100,68.4,1.1999650701784121
100,68.45,1.200667529543895
100,68.5,1.201369853393812
100,68.55,1.202072041750631
100,68.60000000000001,1.202774094636772
100,68.65,1.203476012074611
100,68.7,1.204177794086477
100,68.75,1.2048794406946546
100,68.8,1.2055809519213823
100,68.85000000000001,1.206282327788854
100,68.9,1.206983568319218
100,68.95,1.20768467353458
100,69.0,1.208385643456998
100,69.05,1.20908647810849
100,69.10000000000001,1.2097871775110274
100,69.15,1.2104877416865383
100,69.2,1.2111881706569072
100,69.25,1.2118884644439774
100,69.3,1.2125886230695462
100,69.35000000000001,1.2132886465553705
100,69.4,1.2139885349231625
100,69.45,1.2146882881945948
100,69.5,1.2153879063912953
100,69.55,1.2160873895348512
100,69.60000000000001,1.216786737646808
100,69.65,1.2174859507486702
100,69.7,1.2181850288618992
100,69.75,1.2188839720079179
100,69.8,1.2195827802081052
100,69.85000000000001,1.220281453483803
100,69.9,1.22097999185631
100,69.95,1.221678395346886
100,70.0,1.2223766639767502
100,70.05,1.2230747977670833
100,70.10000000000001,1.223772796739024
100,70.15,1.2244706609136737
100,70.2,1.225168390312094
100,70.25,1.2258659849553082
100,70.3,1.2265634448642988
100,70.35000000000001,1.227260770060012
100,70.4,1.2279579605633548
100,70.45,1.2286550163951953
100,70.5,1.229351937576365
100,70.55,1.230048724127657
100,70.60000000000001,1.2307453760698261
100,70.65,1.2314418934235913
100,70.7,1.2321382762096333
100,70.75,1.2328345244485963
100,70.8,1.233530638161087
100,70.85000000000001,1.234226617367677
100,70.9,1.2349224620889
100,70.95,1.2356181723452548
100,71.0,1.2363137481572033
100,71.05,1.237009189545172
100,71.10000000000001,1.2377044965295512
100,71.15,1.2383996691306967
100,71.2,1.239094707368929
100,71.25,1.239789611264532
100,71.3,1.2404843808377575
100,71.35000000000001,1.2411790161088194
100,71.4,1.2418735170979005
100,71.45,1.2425678838251464
100,71.5,1.243262116310671
100,71.55,1.243956214574552
100,71.60000000000001,1.2446501786368354
100,71.65,1.245344008517532
100,71.7,1.2460377042366206
100,71.75,1.246731265814046
100,71.8,1.2474246932697197
100,71.85000000000001,1.2481179866235217
100,71.9,1.248811145895298
100,71.95,1.249504171104863
100,72.0,1.2501970622719973
100,72.05,1.250889819416452
100,72.10000000000001,1.251582442557945
100,72.15,1.25227493171616
100,72.2,1.2529672869107533
100,72.25,1.2536595081613482
100,72.3,1.2543515954875355
100,72.35000000000001,1.2550435489088756
100,72.4,1.255735368444899
100,72.45,1.2564270541151041
100,72.5,1.2571186059389603
100,72.55,1.2578100239359051
100,72.60000000000001,1.2585013081253462
100,72.65,1.2591924585266623
100,72.7,1.2598834751592007
100,72.75,1.2605743580422806
100,72.8,1.261265107195189
100,72.85000000000001,1.2619557226371876
100,72.9,1.262646204387505
100,72.95,1.2633365524653433
100,73.0,1.2640267668898737
100,73.05,1.2647168476802413
100,73.10000000000001,1.2654067948555598
100,73.15,1.2660966084349168
100,73.2,1.2667862884373695
100,73.25,1.26747583488195
100,73.3,1.2681652477876597
100,73.35000000000001,1.2688545271734737
100,73.4,1.269543673058339
100,73.45,1.2702326854611756
100,73.5,1.2709215644008756
100,73.55,1.2716103098963043
100,73.60000000000001,1.2722989219663006
100,73.65,1.2729874006296757
100,73.7,1.2736757459052148
100,73.75,1.2743639578116766
100,73.8,1.2750520363677929
100,73.85000000000001,1.2757399815922699
100,73.9,1.2764277935037878
100,73.95,1.2771154721210003
100,74.0,1.2778030174625357
100,74.05,1.2784904295469974
100,74.10000000000001,1.2791777083929627
100,74.15,1.2798648540189832
100,74.2,1.2805518664435867
100,74.25,1.2812387456852738
100,74.3,1.2819254917625238
100,74.35000000000001,1.2826121046937875
100,74.4,1.2832985844974938
100,74.45,1.2839849311920464
100,74.5,1.2846711447958248
100,74.55,1.2853572253271837
100,74.60000000000001,1.2860431728044546
100,74.65,1.2867289872459458
100,74.7,1.2874146686699404
100,74.75,1.2881002170946996
100,74.8,1.2887856325384601
100,74.85000000000001,1.2894709150194354
100,74.9,1.2901560645558166
100,74.95,1.2908410811657713
100,75.0,1.291525964867445
100,75.05,1.2922107156789597
100,75.10000000000001,1.292895333618415
100,75.15,1.2935798187038887
100,75.2,1.2942641709534357
100,75.25,1.2949483903850894
100,75.3,1.2956324770168597
100,75.35000000000001,1.2963164308667372
100,75.4,1.297000251952689
100,75.45,1.2976839402926617
100,75.5,1.298367495904578
100,75.55,1.2990509188063424
100,75.60000000000001,1.2997342090158377
100,75.65,1.3004173665509233
100,75.7,1.30110039142944
100,75.75,1.3017832836692076
100,75.8,1.3024660432880248
100,75.85000000000001,1.3031486703036688
100,75.9,1.3038311647338985
100,75.95,1.3045135265964511
100,76.0,1.3051957559090437
100,76.05,1.305877852689374
100,76.10000000000001,1.306559816955121
100,76.15,1.3072416487239404
100,76.2,1.3079233480134722
100,76.25,1.3086049148413337
100,76.3,1.309286349225126
100,76.35000000000001,1.3099676511824279
100,76.4,1.3106488207308016
100,76.45,1.311329857887789
100,76.5,1.3120107626709132
100,76.55,1.3126915350976784
100,76.60000000000001,1.313372175185572
100,76.65,1.31405268295206
100,76.7,1.3147330584145929
100,76.75,1.3154133015906
100,76.80000000000001,1.3160934124974957
100,76.85000000000001,1.3167733911526738
100,76.9,1.317453237573512
100,76.95,1.3181329517773686
100,77.0,1.3188125337815857
100,77.05000000000001,1.3194919836034873
100,77.10000000000001,1.3201713012603804
100,77.15,1.3208504867695539
100,77.2,1.3215295401482794
100,77.25,1.322208461413814
100,77.30000000000001,1.322887250583394
100,77.35000000000001,1.3235659076742416
100,77.4,1.3242444327035625
100,77.45,1.3249228256885428
100,77.5,1.3256010866463555
100,77.55000000000001,1.3262792155941558
100,77.60000000000001,1.3269572125490832
100,77.65,1.3276350775282602
100,77.7,1.3283128105487934
100,77.75,1.3289904116277744
100,77.80000000000001,1.3296678807822786
100,77.85000000000001,1.3303452180293656
100,77.9,1.3310224233860788
100,77.95,1.3316994968694478
100,78.0,1.3323764384964856
100,78.05000000000001,1.3330532482841895
100,78.10000000000001,1.3337299262495432
100,78.15,1.3344064724095142
100,78.2,1.335082886781056
100,78.25,1.3357591693811066
100,78.30000000000001,1.336435320226589
100,78.35000000000001,1.3371113393344123
100,78.4,1.3377872267214719
100,78.45,1.3384629824046474
100,78.5,1.3391386064008037
100,78.55000000000001,1.339814098726794
100,78.60000000000001,1.3404894593994547
100,78.65,1.3411646884356099
100,78.7,1.3418397858520699
100,78.75,1.3425147516656302
100,78.80000000000001,1.3431895858930734
100,78.85000000000001,1.343864288551168
100,78.9,1.3445388596566705
100,78.95,1.3452132992263222
100,79.0,1.3458876072768529
100,79.05000000000001,1.3465617838249777
100,79.10000000000001,1.3472358288873993
100,79.15,1.3479097424808084
100,79.2,1.348583524621881
100,79.25,1.3492571753272824
100,79.30000000000001,1.3499306946136638
100,79.35000000000001,1.3506040824976642
100,79.4,1.3512773389959107
100,79.45,1.3519504641250182
100,79.5,1.3526234579015879
100,79.55000000000001,1.3532963203422101
100,79.60000000000001,1.3539690514634632
100,79.65,1.3546416512819135
100,79.7,1.3553141198141145
100,79.75,1.3559864570766091
100,79.80000000000001,1.356658663085928
100,79.85000000000001,1.3573307378585908
100,79.9,1.358002681411105
100,79.95,1.3586744937599677
100,80.0,1.359346174921663
100,80.05000000000001,1.3600177249126653
100,80.10000000000001,1.3606891437494377
100,80.15,1.3613604314484324
100,80.2,1.3620315880260903
100,80.25,1.3627026134988403
100,80.30000000000001,1.3633735078831044
100,80.35000000000001,1.3640442711952891
100,80.4,1.3647149034517938
100,80.45,1.3653854046690064
100,80.5,1.366055774863304
100,80.55000000000001,1.3667260140510542
100,80.60000000000001,1.367396122248614
100,80.65,1.3680660994723304
100,80.7,1.3687359457385404
100,80.75,1.3694056610635705
100,80.80000000000001,1.3700752454637386
100,80.85000000000001,1.3707446989553518
100,80.9,1.3714140215547088
100,80.95,1.3720832132780965
100,81.0,1.3727522741417952
100,81.05000000000001,1.373421204162073
100,81.10000000000001,1.3740900033551908
100,81.15,1.3747586717374
100,81.2,1.375427209324941
100,81.25,1.3760956161340476
100,81.30000000000001,1.3767638921809429
100,81.35000000000001,1.3774320374818425
100,81.4,1.3781000520529518
100,81.45,1.378767935910469
100,81.5,1.3794356890705817
100,81.55000000000001,1.380103311549471
100,81.60000000000001,1.3807708033633084
100,81.65,1.381438164528257
100,81.7,1.3821053950604723
100,81.75,1.3827724949761009
100,81.80000000000001,1.383439464291281
100,81.85000000000001,1.384106303022144
100,81.9,1.384773011184812
100,81.95,1.385439588795401
100,82.0,1.386106035870017
100,82.05000000000001,1.3867723524247584
100,82.10000000000001,1.3874385384757177
100,82.15,1.3881045940389782
100,82.2,1.388770519130618
100,82.25,1.3894363137667043
100,82.30000000000001,1.3901019779632995
100,82.35000000000001,1.3907675117364584
100,82.4,1.3914329151022278
100,82.45,1.3920981880766476
100,82.5,1.3927633306757514
100,82.55000000000001,1.3934283429155647
100,82.60000000000001,1.3940932248121076
100,82.65,1.394757976381392
100,82.7,1.395422597639424
100,82.75,1.3960870886022014
100,82.80000000000001,1.3967514492857183
100,82.85000000000001,1.3974156797059591
100,82.9,1.3980797798789049
100,82.95,1.3987437498205277
100,83.0,1.3994075895467946
100,83.05000000000001,1.4000712990736655
100,83.10000000000001,1.4007348784170959
100,83.15,1.4013983275930346
100,83.2,1.4020616466174234
100,83.25,1.402724835506198
100,83.30000000000001,1.4033878942752902
100,83.35000000000001,1.4040508229406237
100,83.4,1.4047136215181186
100,83.45,1.405376290023688
100,83.5,1.4060388284732401
100,83.55000000000001,1.4067012368826763
100,83.60000000000001,1.4073635152678958
100,83.65,1.408025663644788
100,83.7,1.4086876820292396
100,83.75,1.4093495704371324
100,83.80000000000001,1.4100113288843417
100,83.85000000000001,1.4106729573867385
100,83.9,1.411334455960189
100,83.95,1.4119958246205544
100,84.0,1.4126570633836892
100,84.05000000000001,1.4133181722654458
100,84.10000000000001,1.4139791512816704
100,84.15,1.4146400004482043
100,84.2,1.4153007197808856
100,84.25,1.4159613092955454
100,84.30000000000001,1.416621769008013
100,84.35000000000001,1.417282098934111
100,84.4,1.41794229908966
100,84.45,1.4186023694904748
100,84.5,1.419262310152365
100,84.55000000000001,1.419922121091138
100,84.60000000000001,1.4205818023225962
100,84.65,1.4212413538625384
100,84.7,1.4219007757267592
100,84.75,1.4225600679310488
100,84.80000000000001,1.4232192304911944
100,84.85000000000001,1.4238782634229779
100,84.9,1.42453716674218
100,84.95,1.4251959404645758
100,85.0,1.4258545846059374
100,85.05000000000001,1.4265130991820332
100,85.10000000000001,1.4271714842086287
100,85.15,1.4278297397014845
100,85.2,1.428487865676359
100,85.25,1.4291458621490085
100,85.30000000000001,1.429803729135184
100,85.35000000000001,1.4304614666506343
100,85.4,1.4311190747111044
100,85.45,1.4317765533323372
100,85.5,1.432433902530072
100,85.55000000000001,1.4330911223200455
100,85.60000000000001,1.433748212717991
100,85.65,1.4344051737396397
100,85.7,1.4350620054007206
100,85.75,1.435718707716957
100,85.80000000000001,1.4363752807040733
100,85.85000000000001,1.4370317243777897
100,85.9,1.4376880387538233
100,85.95,1.4383442238478896
100,86.0,1.4390002796757018
100,86.05000000000001,1.4396562062529696
100,86.10000000000001,1.4403120035954022
100,86.15,1.4409676717187043
100,86.2,1.4416232106385802
100,86.25,1.4422786203707327
100,86.30000000000001,1.4429339009308597
100,86.35000000000001,1.4435890523346602
100,86.4,1.4442440745978289
100,86.45,1.44489896773606
100,86.5,1.4455537317650449
100,86.55000000000001,1.4462083667004733
100,86.60000000000001,1.446862872558035
100,86.65,1.4475172493534156
100,86.7,1.4481714971023
100,86.75,1.4488256158203723
100,86.80000000000001,1.4494796055233148
100,86.85000000000001,1.4501334662268064
100,86.9,1.450787197946527
100,86.95,1.4514408006981545
100,87.0,1.4520942744973653
100,87.05000000000001,1.4527476193598337
100,87.10000000000001,1.453400835301235
100,87.15,1.45405392233724
100,87.2,1.454706880483522
100,87.25,1.4553597097557498
100,87.30000000000001,1.456012410169595
100,87.35000000000001,1.4566649817407247
100,87.4,1.4573174244848077
100,87.45,1.4579697384175094
100,87.5,1.4586219235544977
100,87.55000000000001,1.4592739799114363
100,87.60000000000001,1.4599259075039903
100,87.65,1.4605777063478236
100,87.7,1.4612293764585995
100,87.75,1.4618809178519805
100,87.80000000000001,1.4625323305436297
100,87.85000000000001,1.4631836145492072
100,87.9,1.4638347698843768
100,87.95,1.4644857965647973
100,88.0,1.4651366946061313
100,88.05000000000001,1.4657874640240374
100,88.10000000000001,1.466438104834177
100,88.15,1.4670886170522093
100,88.2,1.4677390006937958
100,88.25,1.4683892557745937
100,88.30000000000001,1.4690393823102652
100,88.35000000000001,1.4696893803164686
100,88.4,1.470339249808865
100,88.45,1.4709889908031137
100,88.5,1.4716386033148745
100,88.55000000000001,1.4722880873598077
100,88.60000000000001,1.4729374429535746
100,88.65,1.473586670111836
100,88.7,1.4742357688502528
100,88.75,1.4748847391844868
100,88.80000000000001,1.4755335811301997
100,88.85000000000001,1.4761822947030538
100,88.9,1.4768308799187124
100,88.95,1.4774793367928387
100,89.0,1.478127665341097
100,89.05000000000001,1.478775865579153
100,89.10000000000001,1.47942393752267
100,89.15,1.4800718811873166
100,89.2,1.480719696588758
100,89.25,1.481367383742663
100,89.30000000000001,1.4820149426646994
100,89.35000000000001,1.4826623733705375
100,89.4,1.4833096758758473
100,89.45,1.4839568501963
100,89.5,1.4846038963475694
100,89.55000000000001,1.4852508143453276
100,89.60000000000001,1.4858976042052494
100,89.65,1.4865442659430115
100,89.7,1.4871907995742903
100,89.75,1.4878372051147641
100,89.80000000000001,1.4884834825801123
100,89.85000000000001,1.4891296319860168
100,89.9,1.4897756533481579
100,89.95,1.4904215466822208
100,90.0,1.491067312003889
100,90.05000000000001,1.4917129493288503
100,90.10000000000001,1.4923584586727923
100,90.15,1.493003840051405
100,90.2,1.4936490934803783
100,90.25,1.4942942189754058
100,90.30000000000001,1.4949392165521822
100,90.35000000000001,1.4955840862264036
100,90.4,1.4962288280137668
100,90.45,1.4968734419299734
100,90.5,1.4975179279907236
100,90.55000000000001,1.4981622862117214
100,90.60000000000001,1.498806516608671
100,90.65,1.4994506191972803
100,90.7,1.5000945939932597
100,90.75,1.5007384410123183
100,90.80000000000001,1.501382160270171
100,90.85000000000001,1.5020257517825322
100,90.9,1.5026692155651196
100,90.95,1.503312551633654
100,91.0,1.5039557600038551
100,91.05000000000001,1.5045988406914488
100,91.10000000000001,1.5052417937121607
100,91.15,1.505884619081719
100,91.2,1.5065273168158557
100,91.25,1.5071698869303036
100,91.30000000000001,1.5078123294407988
100,91.35000000000001,1.5084546443630789
100,91.4,1.509096831712885
100,91.45,1.5097388915059604
100,91.5,1.5103808237580512
100,91.55000000000001,1.5110226284849047
100,91.60000000000001,1.5116643057022732
100,91.65,1.5123058554259092
100,91.7,1.5129472776715707
100,91.75,1.5135885724550147
100,91.80000000000001,1.5142297397920048
100,91.85000000000001,1.5148707796983045
100,91.9,1.5155116921896814
100,91.95,1.5161524772819066
100,92.0,1.516793134990752
100,92.05000000000001,1.5174336653319946
100,92.10000000000001,1.5180740683214131
100,92.15,1.518714343974791
100,92.2,1.5193544923079116
100,92.25,1.5199945133365633
100,92.30000000000001,1.5206344070765374
100,92.35000000000001,1.5212741735436295
100,92.4,1.5219138127536358
100,92.45,1.5225533247223566
100,92.5,1.5231927094655973
100,92.55000000000001,1.5238319669991645
100,92.60000000000001,1.5244710973388687
100,92.65,1.5251101005005228
100,92.7,1.5257489764999446
100,92.75,1.5263877253529545
100,92.80000000000001,1.5270263470753769
100,92.85000000000001,1.5276648416830385
100,92.9,1.5283032091917694
100,92.95,1.5289414496174047
100,93.0,1.5295795629757825
100,93.05000000000001,1.5302175492827437
100,93.10000000000001,1.530855408554133
100,93.15,1.5314931408057983
100,93.2,1.5321307460535936
100,93.25,1.5327682243133733
100,93.30000000000001,1.5334055756009977
100,93.35000000000001,1.5340427999323292
100,93.4,1.5346798973232356
100,93.45,1.5353168677895872
100,93.5,1.535953711347259
100,93.55000000000001,1.5365904280121294
100,93.60000000000001,1.5372270178000802
100,93.65,1.5378634807269989
100,93.7,1.5384998168087745
100,93.75,1.5391360260613018
100,93.80000000000001,1.5397721085004783
100,93.85000000000001,1.5404080641422073
100,93.9,1.5410438930023933
100,93.95,1.5416795950969482
100,94.0,1.5423151704417857
100,94.05000000000001,1.5429506190528228
100,94.10000000000001,1.5435859409459844
100,94.15,1.5442211361371962
100,94.2,1.5448562046423893
100,94.25,1.5454911464774994
100,94.30000000000001,1.5461259616584646
100,94.35000000000001,1.54676065020123
100,94.4,1.5473952121217438
100,94.45,1.5480296474359572
100,94.5,1.5486639561598274
100,94.55000000000001,1.5492981383093163
100,94.60000000000001,1.5499321939003883
100,94.65,1.5505661229490142
100,94.7,1.5511999254711681
100,94.75,1.5518336014828298
100,94.80000000000001,1.552467150999981
100,94.85000000000001,1.5531005740386112
100,94.9,1.5537338706147121
100,94.95,1.5543670407442816
100,95.0,1.5550000844433207
100,95.05000000000001,1.5556330017278366
100,95.10000000000001,1.5562657926138397
100,95.15,1.5568984571173452
100,95.2,1.557530995254375
100,95.25,1.5581634070409531
100,95.30000000000001,1.5587956924931103
100,95.35000000000001,1.5594278516268807
100,95.4,1.5600598844583042
100,95.45,1.5606917910034246
100,95.5,1.5613235712782916
100,95.55000000000001,1.5619552252989586
100,95.60000000000001,1.5625867530814852
100,95.65,1.563218154641935
100,95.7,1.5638494299963774
100,95.75,1.5644805791608856
100,95.80000000000001,1.5651116021515379
100,95.85000000000001,1.5657424989844193
100,95.9,1.5663732696756176
100,95.95,1.567003914241227
100,96.0,1.5676344326973468
100,96.05000000000001,1.5682648250600808
100,96.10000000000001,1.5688950913455377
100,96.15,1.5695252315698327
100,96.2,1.570155245749085
100,96.25,1.570785133899418
100,96.30000000000001,1.5714148960369632
100,96.35000000000001,1.5720445321778553
100,96.4,1.5726740423382346
100,96.45,1.573303426534246
100,96.5,1.5739326847820416
100,96.55000000000001,1.5745618170977767
100,96.60000000000001,1.5751908234976133
100,96.65,1.5758197039977184
100,96.7,1.5764484586142633
100,96.75,1.5770770873634266
100,96.80000000000001,1.5777055902613915
100,96.85000000000001,1.578333967324346
100,96.9,1.5789622185684844
100,96.95,1.5795903440100059
100,97.0,1.5802183436651156
100,97.05000000000001,1.580846217550024
100,97.10000000000001,1.5814739656809467
100,97.15,1.5821015880741056
100,97.2,1.5827290847457285
100,97.25,1.5833564557120468
100,97.30000000000001,1.5839837009892994
100,97.35000000000001,1.5846108205937302
100,97.4,1.585237814541589
100,97.45,1.5858646828491305
100,97.5,1.5864914255326155
100,97.55000000000001,1.5871180426083127
100,97.60000000000001,1.5877445340924925
100,97.65,1.5883709000014328
100,97.7,1.588997140351419
100,97.75,1.5896232551587386
100,97.80000000000001,1.5902492444396892
100,97.85000000000001,1.5908751082105712
100,97.9,1.5915008464876914
100,97.95,1.5921264592873627
100,98.0,1.5927519466259048
100,98.05000000000001,1.5933773085196423
100,98.10000000000001,1.5940025449849042
100,98.15,1.5946276560380284
100,98.2,1.5952526416953572
100,98.25,1.5958775019732383
100,98.30000000000001,1.596502236888028
100,98.35000000000001,1.5971268464560842
100,98.4,1.5977513306937747
100,98.45,1.598375689617471
100,98.5,1.598999923243553
100,98.55000000000001,1.5996240315884034
100,98.60000000000001,1.600248014668414
100,98.65,1.6008718724999806
100,98.7,1.6014956050995068
100,98.75,1.6021192124834003
100,98.80000000000001,1.6027426946680767
100,98.85000000000001,1.6033660516699582
100,98.9,1.6039892835054703
100,98.95,1.6046123901910478
100,99.0,1.6052353717431298
100,99.05000000000001,1.6058582281781615
100,99.10000000000001,1.6064809595125962
100,99.15,1.6071035657628918
100,99.2,1.6077260469455128
100,99.25,1.6083484030769308
100,99.30000000000001,1.6089706341736218
100,99.35000000000001,1.60959274025207
100,99.4,1.6102147213287656
100,99.45,1.6108365774202038
100,99.5,1.611458308542888
100,99.55000000000001,1.6120799147133265
100,99.60000000000001,1.6127013959480345
100,99.65,1.6133227522635336
100,99.7,1.6139439836763525
100,99.75,1.6145650902030257
100,99.80000000000001,1.6151860718600928
100,99.85000000000001,1.6158069286641021
100,99.9,1.6164276606316077
100,99.95,1.6170482677791684
150,0.0,0.0021666211231139224
150,0.05,0.004287880516414922
150,0.1,0.006366369191618734
150,0.15000000000000002,0.008404480883643681
150,0.2,0.010404430439212835
150,0.25,0.012368270190005663
150,0.30000000000000004,0.014297904563295863
150,0.35000000000000003,0.016195103147376162
150,0.4,0.018061512398987418
150,0.45,0.01989866615449031
150,0.5,0.021707995084875566
150,0.55,0.023490835216269296
150,0.6000000000000001,0.025248435621839056
150,0.65,0.02698196537750872
150,0.7000000000000001,0.028692519862304113
150,0.75,0.0303811264741668
150,0.8,0.03204874982346074
150,0.8500000000000001,0.03369629645894301
150,0.9,0.035324619174502865
150,0.9500000000000001,0.036934520939358714
150,1.0,0.038526758489504244
150,1.05,0.04010204561392711
150,1.1,0.041661056165385964
150,1.1500000000000001,0.04320442682225558
150,1.2000000000000002,0.04473275962507926
150,1.25,0.04624662430893435
150,1.3,0.047746560450490964
150,1.35,0.04923307944667626
150,1.4000000000000001,0.05070666634011629
150,1.4500000000000002,0.05216778150498584
150,1.5,0.05361686220553256
150,1.55,0.055054324038322396
150,1.6,0.05648056226817597
150,1.6500000000000001,0.05789595306679971
150,1.7000000000000002,0.05930085466225696
150,1.75,0.0606956084066538
150,1.8,0.062080539768727704
150,1.85,0.06345595925740916
150,1.9000000000000001,0.06482216328187464
150,1.9500000000000002,0.06617943495310877
150,2.0,0.06752804483154941
150,2.0500000000000003,0.0688682516249841
150,2.1,0.070200302840503
150,2.15,0.07152443539398545
150,2.2,0.07284087618030007
150,2.25,0.07414984260713013
150,2.3000000000000003,0.07545154309509154
150,2.35,0.07674617754659165
150,2.4000000000000004,0.07803393778567383
150,2.45,0.0793150079709149
150,2.5,0.08058956498327141
150,2.5500000000000003,0.08185777879062492
150,2.6,0.0831198127906346
150,2.6500000000000004,0.0843758241333839
150,2.7,0.08562596402518892
150,2.75,0.08687037801483564
150,2.8000000000000003,0.08810920626341436
150,2.85,0.0893425837988333
150,2.9000000000000004,0.09057064075601225
150,2.95,0.09179350260368313
150,3.0,0.09301129035865806
150,3.0500000000000003,0.09422412078836112
150,3.1,0.09543210660236463
150,3.1500000000000004,0.09663535663361662
150,3.2,0.09783397600999875
150,3.25,0.09902806631681052
150,3.3000000000000003,0.10021772575072829
150,3.35,0.10140304926576006
150,3.4000000000000004,0.10258412871167136
150,3.45,0.10376105296533138
150,3.5,0.10493390805539715
150,3.5500000000000003,0.10610277728072436
150,3.6,0.10726774132286987
150,3.6500000000000004,0.10842887835302498
150,3.7,0.10958626413369879
150,3.75,0.11073997211544698
150,3.8000000000000003,0.11189007352892755
150,3.85,0.11303663747254161
150,3.9000000000000004,0.11417973099590532
150,3.95,0.11531941917938085
150,4.0,0.11645576520988297
150,4.05,0.11758883045316122
150,4.1000000000000005,0.11871867452274758
150,4.15,0.11984535534574878
150,4.2,0.12096892922564788
150,4.25,0.12208945090227488
150,4.3,0.12320697360909266
150,4.3500000000000005,0.12432154912793751
150,4.4,0.12543322784134597
150,4.45,0.12654205878259023
150,4.5,0.1276480896835397
150,4.55,0.1287513670204575
150,4.6000000000000005,0.12985193605783435
150,4.65,0.13094984089035994
150,4.7,0.13204512448312045
150,4.75,0.13313782871011257
150,4.800000000000001,0.13422799439115302
150,4.8500000000000005,0.13531566132726341
150,4.9,0.13640086833460216
150,4.95,0.13748365327701387
150,5.0,0.1385640530972615
150,5.050000000000001,0.1396421038470028
150,5.1000000000000005,0.14071784071557047
150,5.15,0.1417912980576115
150,5.2,0.14286250941963857
150,5.25,0.14393150756554274
150,5.300000000000001,0.1449983245011154
150,5.3500000000000005,0.14606299149762497
150,5.4,0.14712553911448945
150,5.45,0.1481859972210871
150,5.5,0.14924439501774128
150,5.550000000000001,0.15030076105591836
150,5.6000000000000005,0.15135512325767217
150,5.65,0.1524075089343675
150,5.7,0.15345794480471478
150,5.75,0.15450645701214447
150,5.800000000000001,0.1555530711415517
150,5.8500000000000005,0.1565978122354347
150,5.9,0.15764070480945672
150,5.95,0.1586817728674514
150,6.0,0.1597210399158982
150,6.050000000000001,0.1607585289778888
150,6.1000000000000005,0.16179426260660526
150,6.15,0.1628282628983297
150,6.2,0.16386055150500606
150,6.25,0.16489114964637094
150,6.300000000000001,0.1659200781216712
150,6.3500000000000005,0.16694735732098473
150,6.4,0.1679730072361606
150,6.45,0.1689970474713944
150,6.5,0.17001949725345084
150,6.550000000000001,0.17104037544155
150,6.6000000000000005,0.1720597005369289
150,6.65,0.17307749069209194
150,6.7,0.1740937637197607
150,6.75,0.17510853710153634
150,6.800000000000001,0.17612182799628448
150,6.8500000000000005,0.17713365324825406
150,6.9,0.1781440293949379
150,6.95,0.17915297267468885
150,7.0,0.18016049903409578
150,7.050000000000001,0.1811666241351316
150,7.1000000000000005,0.18217136336208115
150,7.15,0.18317473182825622
150,7.2,0.18417674438250536
150,7.25,0.18517741561552772
150,7.300000000000001,0.18617675986599586
150,7.3500000000000005,0.18717479122649447
150,7.4,0.18817152354928465
150,7.45,0.18916697045189582
150,7.5,0.19016114532255285
150,7.550000000000001,0.19115406132544602
150,7.6000000000000005,0.19214573140584706
150,7.65,0.19313616829507707
150,7.7,0.19412538451533168
150,7.75,0.19511339238436895
150,7.800000000000001,0.19610020402006387
150,7.8500000000000005,0.1970858313448343
150,7.9,0.19807028608994182
150,7.95,0.19905357979967414
150,8.0,0.20003572383541
150,8.05,0.2010167293795729
150,8.1,0.20199660743947506
150,8.15,0.2029753688510582
150,8.200000000000001,0.2039530242825314
150,8.25,0.2049295842379116
150,8.3,0.2059050590604681
150,8.35,0.20687945893607712
150,8.4,0.207852793896485
150,8.450000000000001,0.2088250738224873
150,8.5,0.2097963084470228
150,8.55,0.21076650735818805
150,8.6,0.2117356800021734
150,8.65,0.21270383568612203
150,8.700000000000001,0.2136709835809179
150,8.75,0.21463713272390078
150,8.8,0.215602292021512
150,8.85,0.21656647025187495
150,8.9,0.21752967606730994
150,8.950000000000001,0.21849191799678588
150,9.0,0.21945320444831157
150,9.05,0.22041354371126753
150,9.1,0.22137294395868096
150,9.15,0.2223314132494443
150,9.200000000000001,0.22328895953048034
150,9.25,0.22424559063885507
150,9.3,0.22520131430383913
150,9.35,0.22615613814891997
150,9.4,0.22711006969376665
150,9.450000000000001,0.22806311635614757
150,9.5,0.22901528545380223
150,9.55,0.22996658420627128
150,9.600000000000001,0.23091701973668094
150,9.65,0.2318665990734884
150,9.700000000000001,0.23281532915218578
150,9.75,0.233763216816965
150,9.8,0.23471026882234403
150,9.850000000000001,0.23565649183475798
150,9.9,0.2366018924341117
150,9.950000000000001,0.23754647711529916
150,10.0,0.23849025228968798
150,10.05,0.23943322428657143
150,10.100000000000001,0.24037539935458663
150,10.15,0.24131678366310422
150,10.200000000000001,0.24225738330358418
150,10.25,0.2431972042909048
150,10.3,0.24413625256466084
150,10.350000000000001,0.24507453399043427
150,10.4,0.24601205436103796
150,10.450000000000001,0.2469488193977318
150,10.5,0.24788483475141365
150,10.55,0.2488201060037842
150,10.600000000000001,0.24975463866848768
150,10.65,0.2506884381922293
150,10.700000000000001,0.25162150995586696
150,10.75,0.25255385927548274
150,10.8,0.2534854914034304
150,10.850000000000001,0.25441641152936245
150,10.9,0.2553466247812349
150,10.950000000000001,0.25627613622629236
150,11.0,0.2572049508720326
150,11.05,0.2581330736671512
150,11.100000000000001,0.2590605095024685
150,11.15,0.25998726321183596
150,11.200000000000001,0.2609133395730262
150,11.25,0.2618387433086035
150,11.3,0.262763479086779
150,11.350000000000001,0.263687551522247
150,11.4,0.26461096517700655
150,11.450000000000001,0.26553372456116575
150,11.5,0.266455834133731
150,11.55,0.2673772983033806
150,11.600000000000001,0.26829812142922344
150,11.65,0.2692183078215434
150,11.700000000000001,0.27013786174252924
150,11.75,0.27105678740699013
150,11.8,0.2719750889830589
150,11.850000000000001,0.2728927705928799
150,11.9,0.27380983631328665
150,11.950000000000001,0.2747262901764636
150,12.0,0.2756421361705985
150,12.05,0.2765573782405205
150,12.100000000000001,0.2774720202883278
150,12.15,0.27838606617400297
150,12.200000000000001,0.27929951971601635
150,12.25,0.28021238469192095
150,12.3,0.281124664838933
150,12.350000000000001,0.2820363638545054
150,12.4,0.2829474853968876
150,12.450000000000001,0.28385803308567803
150,12.5,0.28476801050236483
150,12.55,0.28567742119085854
150,12.600000000000001,0.28658626865801357
150,12.65,0.28749455637414173
150,12.700000000000001,0.28840228777351623
150,12.75,0.289309466254867
150,12.8,0.2902160951818667
150,12.850000000000001,0.29112217788360956
150,12.9,0.29202771765508023
150,12.950000000000001,0.29293271775761615
150,13.0,0.2938371814193609
150,13.05,0.2947411118357099
150,13.100000000000001,0.2956445121697491
150,13.15,0.2965473855526851
150,13.200000000000001,0.29744973508426975
150,13.25,0.29835156383321493
150,13.3,0.29925287483760377
150,13.350000000000001,0.3001536711052914
150,13.4,0.3010539556143014
150,13.450000000000001,0.30195373131321496
150,13.5,0.30285300112155356
150,13.55,0.3037517679301553
150,13.600000000000001,0.3046500346015449
150,13.65,0.30554780397029796
150,13.700000000000001,0.30644507884339955
150,13.75,0.3073418620005954
150,13.8,0.30823815619473965
150,13.850000000000001,0.30913396415213523
150,13.9,0.31002928857286927
150,13.950000000000001,0.31092413213114395
150,14.0,0.31181849747560064
150,14.05,0.3127123872296398
150,14.100000000000001,0.3136058039917354
150,14.15,0.3144987503357453
150,14.200000000000001,0.31539122881121473
150,14.25,0.3162832419436773
150,14.3,0.3171747922349501
150,14.350000000000001,0.3180658821634237
150,14.4,0.3189565141843489
150,14.450000000000001,0.31984669073011807
150,14.5,0.3207364142105434
150,14.55,0.3216256870131286
150,14.600000000000001,0.3225145115033387
150,14.65,0.32340289002486466
150,14.700000000000001,0.3242908248998845
150,14.75,0.32517831842931894
150,14.8,0.32606537289308585
150,14.850000000000001,0.326951990550348
150,14.9,0.3278381736397599
150,14.950000000000001,0.3287239243797078
150,15.0,0.3296092449685492
150,15.05,0.3304941375848466
150,15.100000000000001,0.33137860438759875
150,15.15,0.33226264751646883
150,15.200000000000001,0.33314626909200756
150,15.25,0.33402947121587556
150,15.3,0.3349122559710607
150,15.350000000000001,0.33579462542209165
150,15.4,0.3366765816152512
150,15.450000000000001,0.33755812657878315
150,15.5,0.3384392623230987
150,15.55,0.3393199908409786
150,15.600000000000001,0.3402003141077719
150,15.65,0.3410802340815945
150,15.700000000000001,0.3419597527035209
150,15.75,0.3428388718977771
150,15.8,0.3437175935719279
150,15.850000000000001,0.34459591961706326
150,15.9,0.34547385190798113
150,15.950000000000001,0.34635139230336853
150,16.0,0.34722854264597863
150,16.05,0.3481053047628076
150,16.1,0.3489816804652665
150,16.150000000000002,0.349857671549353
150,16.2,0.35073327979581936
150,16.25,0.3516085069703383
150,16.3,0.3524833548236667
150,16.35,0.35335782509180824
150,16.400000000000002,0.35423191949617056
150,16.45,0.35510563974372517
150,16.5,0.3559789875271597
150,16.55,0.35685196452503326
150,16.6,0.3577245724019249
150,16.650000000000002,0.3585968128085853
150,16.7,0.3594686873820807
150,16.75,0.3603401977459395
150,16.8,0.3612113455102953
150,16.85,0.3620821322720269
150,16.900000000000002,0.36295255961489786
150,16.95,0.36382262910969465
150,17.0,0.36469234231436065
150,17.05,0.3655617007741318
150,17.1,0.3664307060216664
150,17.150000000000002,0.36729935957717774
150,17.2,0.36816766294856007
150,17.25,0.36903561763151793
150,17.3,0.3699032251096901
150,17.35,0.3707704868547731
150,17.400000000000002,0.371637404326644
150,17.45,0.3725039789734807
150,17.5,0.37337021223187994
150,17.55,0.3742361055269762
150,17.6,0.37510166027255665
150,17.650000000000002,0.37596687787117544
150,17.7,0.37683175971426774
150,17.75,0.37769630718225994
150,17.8,0.37856052164468135
150,17.85,0.37942440446027137
150,17.900000000000002,0.38028795697708806
150,17.95,0.38115118053261415
150,18.0,0.382014076453861
150,18.05,0.38287664605747285
150,18.1,0.3837388906498286
150,18.150000000000002,0.38460081152714265
150,18.2,0.3854624099755651
150,18.25,0.38632368727128014
150,18.3,0.38718464468060193
150,18.35,0.3880452834600728
150,18.400000000000002,0.38890560485655595
150,18.45,0.38976561010733163
150,18.5,0.390625300440187
150,18.55,0.3914846770735095
150,18.6,0.3923437412163769
150,18.650000000000002,0.39320249406864594
150,18.7,0.3940609368210415
150,18.75,0.3949190706552422
150,18.8,0.3957768967439682
150,18.85,0.39663441625106544
150,18.900000000000002,0.3974916303315901
150,18.95,0.3983485401318907
150,19.0,0.39920514678969143
150,19.05,0.40006145143417243
150,19.1,0.4009174551860511
150,19.150000000000002,0.4017731591576595
150,19.200000000000003,0.4026285644530238
150,19.25,0.4034836721679427
150,19.3,0.4043384833900609
150,19.35,0.40519299919894836
150,19.400000000000002,0.40604722066617205
150,19.450000000000003,0.4069011488553713
150,19.5,0.4077547848223311
150,19.55,0.40860812961505283
150,19.6,0.4094611842738272
150,19.650000000000002,0.4103139498313035
150,19.700000000000003,0.41116642731256015
150,19.75,0.4120186177351733
150,19.8,0.41287052210928554
150,19.85,0.4137221414376716
150,19.900000000000002,0.4145734767158074
150,19.950000000000003,0.41542452893193405
150,20.0,0.41627529906712396
150,20.05,0.41712578809534395
150,20.1,0.4179759969835213
150,20.150000000000002,0.4188259266916044
150,20.200000000000003,0.4196755781726258
150,20.25,0.42052495237276416
150,20.3,0.4213740502314048
150,20.35,0.4222228726811999
150,20.400000000000002,0.42307142064812814
150,20.450000000000003,0.4239196950515539
150,20.5,0.4247676968042846
150,20.55,0.42561542681262954
150,20.6,0.42646288597645576
150,20.650000000000002,0.4273100751892451
150,20.700000000000003,0.4281569953381496
150,20.75,0.42900364730404744
150,20.8,0.4298500319615956
150,20.85,0.4306961501792862
150,20.900000000000002,0.43154200281949856
150,20.950000000000003,0.4323875907385517
150,21.0,0.4332329147867573
150,21.05,0.4340779758084714
150,21.1,0.43492277464214507
150,21.150000000000002,0.4357673121203751
150,21.200000000000003,0.4366115890699543
150,21.25,0.43745560631192093
150,21.3,0.4382993646616074
150,21.35,0.43914286492868937
150,21.400000000000002,0.43998610791723236
150,21.450000000000003,0.44082909442574186
150,21.5,0.4416718252472069
150,21.55,0.44251430116914914
150,21.6,0.4433565229736677
150,21.650000000000002,0.4441984914374849
150,21.700000000000003,0.4450402073319915
150,21.75,0.4458816714232909
150,21.8,0.4467228844722431
150,21.85,0.44756384723450954
150,21.900000000000002,0.44840456046059435
150,21.950000000000003,0.44924502489588924
150,22.0,0.4500852412807142
150,22.05,0.45092521035035965
150,22.1,0.45176493283512925
150,22.150000000000002,0.4526044094603786
150,22.200000000000003,0.45344364094655804
150,22.25,0.45428262800925207
150,22.3,0.4551213713592184
150,22.35,0.4559598717024283
150,22.400000000000002,0.4567981297401055
150,22.450000000000003,0.45763614616876447
150,22.5,0.45847392168024864
150,22.55,0.4593114569617686
150,22.6,0.46014875269593924
150,22.650000000000002,0.46098580956081703
150,22.700000000000003,0.46182262822993625
150,22.75,0.46265920937234656
150,22.8,0.46349555365264705
150,22.85,0.4643316617310241
150,22.900000000000002,0.46516753426328494
150,22.950000000000003,0.4660031719008933
150,23.0,0.4668385752910042
150,23.05,0.46767374507649734
150,23.1,0.4685086818960124
150,23.150000000000002,0.46934338638398115
150,23.200000000000003,0.47017785917066174
150,23.25,0.47101210088217144
150,23.3,0.47184611214051864
150,23.35,0.47267989356363604
150,23.400000000000002,0.4735134457654123
150,23.450000000000003,0.4743467693557233
150,23.5,0.4751798649404639
150,23.55,0.47601273312157955
150,23.6,0.4768453744970956
150,23.650000000000002,0.47767778966114954
150,23.700000000000003,0.47850997920401994
150,23.75,0.4793419437121565
150,23.8,0.48017368376821074
150,23.85,0.4810051999510639
150,23.900000000000002,0.4818364928358563
150,23.950000000000003,0.48266756299401753
150,24.0,0.4834984109932928
150,24.05,0.4843290373977731
150,24.1,0.4851594427679217
150,24.150000000000002,0.48598962766060316
150,24.200000000000003,0.48681959262910934
150,24.25,0.4876493382231884
150,24.3,0.4884788649890699
150,24.35,0.48930817346949285
150,24.400000000000002,0.49013726420373166
150,24.450000000000003,0.4909661377276222
150,24.5,0.49179479457358766
150,24.55,0.49262323527066465
150,24.6,0.4934514603445295
150,24.650000000000002,0.4942794703175213
150,24.700000000000003,0.49510726570866853
150,24.75,0.4959348470337141
150,24.8,0.49676221480513844
150,24.85,0.49758936953218535
150,24.900000000000002,0.49841631172088563
150,24.950000000000003,0.4992430418740798
150,25.0,0.5000695604914444
150,25.05,0.5008958680695121
150,25.1,0.5017219651016985
150,25.150000000000002,0.5025478520783221
150,25.200000000000003,0.5033735294866287
150,25.25,0.5041989978108141
150,25.3,0.5050242575320462
150,25.35,0.5058493091284864
150,25.400000000000002,0.5066741530753135
150,25.450000000000003,0.5074987898447444
150,25.5,0.5083232199060549
150,25.55,0.5091474437256028
150,25.6,0.5099714617668483
150,25.650000000000002,0.5107952744903752
150,25.700000000000003,0.5116188823539114
150,25.75,0.5124422858123502
150,25.8,0.513265485317771
150,25.85,0.5140884813194584
150,25.900000000000002,0.5149112742639236
150,25.950000000000003,0.5157338645949238
150,26.0,0.5165562527534823
150,26.05,0.5173784391779074
150,26.1,0.5182004243038137
150,26.150000000000002,0.5190222085641384
150,26.200000000000003,0.5198437923891632
150,26.25,0.5206651762065324
150,26.3,0.5214863604412706
150,26.35,0.5223073455158023
150,26.400000000000002,0.5231281318499714
150,26.450000000000003,0.5239487198610567
150,26.5,0.5247691099637933
150,26.55,0.5255893025703877
150,26.6,0.526409298090538
150,26.650000000000002,0.5272290969314501
150,26.700000000000003,0.5280486994978559
150,26.75,0.5288681061920295
150,26.8,0.5296873174138073
150,26.85,0.5305063335606013
150,26.900000000000002,0.5313251550274193
150,26.950000000000003,0.5321437822068797
150,27.0,0.5329622154892295
150,27.05,0.5337804552623588
150,27.1,0.5345985019118209
150,27.150000000000002,0.5354163558208435
150,27.200000000000003,0.536234017370349
150,27.25,0.5370514869389694
150,27.3,0.5378687649030606
150,27.35,0.5386858516367197
150,27.400000000000002,0.5395027475118006
150,27.450000000000003,0.5403194528979282
150,27.5,0.5411359681625152
150,27.55,0.5419522936707754
150,27.6,0.5427684297857418
150,27.650000000000002,0.5435843768682784
150,27.700000000000003,0.5444001352770962
150,27.75,0.5452157053687693
150,27.8,0.5460310874977463
150,27.85,0.5468462820163685
150,27.900000000000002,0.5476612892748812
150,27.950000000000003,0.5484761096214498
150,28.0,0.5492907434021731
150,28.05,0.5501051909610971
150,28.1,0.5509194526402295
150,28.150000000000002,0.5517335287795533
150,28.200000000000003,0.5525474197170401
150,28.25,0.5533611257886637
150,28.3,0.5541746473284138
150,28.35,0.5549879846683098
150,28.400000000000002,0.555801138138413
150,28.450000000000003,0.55661410806684
150,28.5,0.5574268947797761
150,28.55,0.5582394986014878
150,28.6,0.5590519198543361
150,28.650000000000002,0.5598641588587886
150,28.700000000000003,0.5606762159334324
150,28.75,0.5614880913949867
150,28.8,0.5622997855583152
150,28.85,0.5631112987364376
150,28.900000000000002,0.5639226312405432
150,28.950000000000003,0.5647337833800017
150,29.0,0.5655447554623761
150,29.05,0.5663555477934343
150,29.1,0.5671661606771612
150,29.150000000000002,0.5679765944157691
150,29.200000000000003,0.5687868493097112
150,29.25,0.569596925657692
150,29.3,0.5704068237566801
150,29.35,0.5712165439019161
150,29.400000000000002,0.5720260863869291
150,29.450000000000003,0.572835451503543
150,29.5,0.5736446395418908
150,29.55,0.5744536507904243
150,29.6,0.575262485535925
150,29.650000000000002,0.5760711440635152
150,29.700000000000003,0.5768796266566689
150,29.75,0.5776879335972221
150,29.8,0.578496065165384
150,29.85,0.5793040216397466
150,29.900000000000002,0.5801118032972962
150,29.950000000000003,0.5809194104134228
150,30.0,0.5817268432619305
150,30.05,0.5825341021150491
150,30.1,0.5833411872434417
150,30.150000000000002,0.584148098916217
150,30.200000000000003,0.5849548374009382
150,30.25,0.5857614029636332
150,30.3,0.5865677958688038
150,30.35,0.5873740163794363
150,30.400000000000002,0.588180064757011
150,30.450000000000003,0.5889859412615113
150,30.5,0.5897916461514334
150,30.55,0.5905971796837961
150,30.6,0.5914025421141499
150,30.650000000000002,0.5922077336965856
150,30.700000000000003,0.5930127546837459
150,30.75,0.5938176053268315
150,30.8,0.5946222858756116
150,30.85,0.5954267965784346
150,30.900000000000002,0.5962311376822331
150,30.950000000000003,0.5970353094325369
150,31.0,0.5978393120734796
150,31.05,0.5986431458478073
150,31.1,0.5994468109968885
150,31.150000000000002,0.6002503077607211
150,31.200000000000003,0.6010536363779437
150,31.25,0.6018567970858404
150,31.3,0.602659790120352
150,31.35,0.6034626157160843
150,31.400000000000002,0.6042652741063136
150,31.450000000000003,0.6050677655229995
150,31.5,0.6058700901967893
150,31.55,0.6066722483570274
150,31.6,0.607474240231764
150,31.650000000000002,0.6082760660477625
150,31.700000000000003,0.609077726030507
150,31.75,0.6098792204042119
150,31.8,0.6106805493918274
150,31.85,0.611481713215049
150,31.900000000000002,0.6122827120943247
150,31.950000000000003,0.613083546248863
150,32.0,0.6138842158966398
150,32.050000000000004,0.6146847212544065
150,32.1,0.6154850625376979
150,32.15,0.6162852399608384
150,32.2,0.6170852537369508
150,32.25,0.6178851040779622
150,32.300000000000004,0.6186847911946136
150,32.35,0.6194843152964645
150,32.4,0.6202836765919014
150,32.45,0.6210828752881453
150,32.5,0.6218819115912582
150,32.550000000000004,0.6226807857061497
150,32.6,0.6234794978365855
150,32.65,0.6242780481851926
150,32.7,0.6250764369534673
150,32.75,0.6258746643417822
150,32.800000000000004,0.6266727305493917
150,32.85,0.6274706357744397
150,32.9,0.6282683802139675
150,32.95,0.6290659640639175
150,33.0,0.6298633875191422
150,33.050000000000004,0.6306606507734096
150,33.1,0.6314577540194114
150,33.15,0.632254697448767
150,33.2,0.633051481252031
150,33.25,0.6338481056187008
150,33.300000000000004,0.6346445707372206
150,33.35,0.6354408767949904
150,33.4,0.6362370239783693
150,33.45,0.6370330124726843
150,33.5,0.6378288424622348
150,33.550000000000004,0.6386245141302995
150,33.6,0.6394200276591422
150,33.65,0.6402153832300184
150,33.7,0.6410105810231792
150,33.75,0.641805621217881
150,33.800000000000004,0.6426005039923878
150,33.85,0.6433952295239788
150,33.9,0.6441897979889546
150,33.95,0.6449842095626415
150,34.0,0.6457784644193982
150,34.050000000000004,0.6465725627326223
150,34.1,0.6473665046747541
150,34.15,0.6481602904172834
150,34.2,0.6489539201307554
150,34.25,0.6497473939847755
150,34.300000000000004,0.6505407121480147
150,34.35,0.6513338747882162
150,34.4,0.6521268820721997
150,34.45,0.652919734165867
150,34.5,0.6537124312342086
150,34.550000000000004,0.6545049734413063
150,34.6,0.6552973609503421
150,34.65,0.6560895939236008
150,34.7,0.6568816725224755
150,34.75,0.657673596907474
150,34.800000000000004,0.6584653672382235
150,34.85,0.6592569836734745
150,34.9,0.6600484463711083
150,34.95,0.6608397554881397
150,35.0,0.661630911180723
150,35.050000000000004,0.6624219136041574
150,35.1,0.663212762912891
150,35.15,0.6640034592605268
150,35.2,0.664794002799827
150,35.25,0.6655843936827173
150,35.300000000000004,0.666374632060293
150,35.35,0.6671647180828228
150,35.4,0.667954651899754
150,35.45,0.6687444336597169
150,35.5,0.6695340635105301
150,35.550000000000004,0.6703235415992047
150,35.6,0.6711128680719484
150,35.65,0.6719020430741718
150,35.7,0.6726910667504908
150,35.75,0.6734799392447332
150,35.800000000000004,0.6742686606999418
150,35.85,0.6750572312583795
150,35.9,0.6758456510615336
150,35.95,0.6766339202501197
150,36.0,0.6774220389640883
150,36.050000000000004,0.6782100073426256
150,36.1,0.6789978255241608
150,36.15,0.6797854936463691
150,36.2,0.6805730118461766
150,36.25,0.6813603802597641
150,36.300000000000004,0.6821475990225709
150,36.35,0.6829346682693008
150,36.4,0.6837215881339238
150,36.45,0.6845083587496825
150,36.5,0.6852949802490944
150,36.550000000000004,0.6860814527639577
150,36.6,0.6868677764253538
150,36.65,0.6876539513636527
150,36.7,0.6884399777085151
150,36.75,0.6892258555888994
150,36.800000000000004,0.6900115851330628
150,36.85,0.6907971664685673
150,36.9,0.6915825997222814
150,36.95,0.6923678850203859
150,37.0,0.6931530224883781
150,37.050000000000004,0.693938012251074
150,37.1,0.6947228544326117
150,37.15,0.6955075491564584
150,37.2,0.6962920965454105
150,37.25,0.6970764967216001
150,37.300000000000004,0.6978607498064966
150,37.35,0.6986448559209121
150,37.4,0.6994288151850042
150,37.45,0.7002126277182791
150,37.5,0.7009962936395976
150,37.550000000000004,0.7017798130671752
150,37.6,0.7025631861185887
150,37.65,0.7033464129107782
150,37.7,0.7041294935600511
150,37.75,0.704912428182086
150,37.800000000000004,0.7056952168919347
150,37.85,0.7064778598040286
150,37.9,0.7072603570321779
150,37.95,0.7080427086895793
150,38.0,0.708824914888817
150,38.050000000000004,0.7096069757418662
150,38.1,0.7103888913600973
150,38.15,0.7111706618542798
150,38.2,0.7119522873345825
150,38.25,0.7127337679105807
150,38.300000000000004,0.7135151036912577
150,38.35,0.7142962947850071
150,38.400000000000006,0.715077341299638
150,38.45,0.7158582433423775
150,38.5,0.7166390010198729
150,38.550000000000004,0.717419614438196
150,38.6,0.7182000837028464
150,38.650000000000006,0.718980408918754
150,38.7,0.7197605901902824
150,38.75,0.7205406276212318
150,38.800000000000004,0.7213205213148421
150,38.85,0.722100271373797
150,38.900000000000006,0.7228798779002248
150,38.95,0.7236593409957044
150,39.0,0.7244386607612658
150,39.050000000000004,0.7252178372973944
150,39.1,0.7259968707040325
150,39.150000000000006,0.7267757610805856
150,39.2,0.7275545085259215
150,39.25,0.7283331131383749
150,39.300000000000004,0.729111575015751
150,39.35,0.729889894255327
150,39.400000000000006,0.7306680709538563
150,39.45,0.7314461052075701
150,39.5,0.7322239971121808
150,39.550000000000004,0.7330017467628855
150,39.6,0.7337793542543678
150,39.650000000000006,0.7345568196808006
150,39.7,0.7353341431358497
150,39.75,0.7361113247126758
150,39.800000000000004,0.736888364503938
150,39.85,0.7376652626017954
150,39.900000000000006,0.738442019097911
150,39.95,0.7392186340834531
150,40.0,0.7399951076490993
150,40.050000000000004,0.740771439885039
150,40.1,0.7415476308809743
150,40.150000000000006,0.7423236807261254
150,40.2,0.7430995895092307
150,40.25,0.743875357318551
150,40.300000000000004,0.7446509842418715
150,40.35,0.745426470366504
150,40.400000000000006,0.74620181577929
150,40.45,0.7469770205666034
150,40.5,0.7477520848143526
150,40.550000000000004,0.7485270086079832
150,40.6,0.7493017920324795
150,40.650000000000006,0.7500764351723694
150,40.7,0.7508509381117238
150,40.75,0.7516253009341625
150,40.800000000000004,0.7523995237228523
150,40.85,0.7531736065605139
150,40.900000000000006,0.753947549529421
150,40.95,0.7547213527114048
150,41.0,0.7554950161878553
150,41.050000000000004,0.7562685400397228
150,41.1,0.7570419243475233
150,41.150000000000006,0.757815169191337
150,41.2,0.7585882746508139
150,41.25,0.7593612408051735
150,41.300000000000004,0.7601340677332095
150,41.35,0.7609067555132898
150,41.400000000000006,0.7616793042233604
150,41.45,0.7624517139409474
150,41.5,0.7632239847431584
150,41.550000000000004,0.7639961167066851
150,41.6,0.764768109907806
150,41.650000000000006,0.765539964422389
150,41.7,0.7663116803258917
150,41.75,0.7670832576933657
150,41.800000000000004,0.7678546965994566
150,41.85,0.7686259971184092
150,41.900000000000006,0.7693971593240663
150,41.95,0.7701681832898731
150,42.0,0.7709390690888783
150,42.050000000000004,0.7717098167937367
150,42.1,0.7724804264767109
150,42.150000000000006,0.7732508982096735
150,42.2,0.7740212320641099
150,42.25,0.7747914281111188
150,42.300000000000004,0.7755614864214149
150,42.35,0.7763314070653329
150,42.400000000000006,0.777101190112826
150,42.45,0.7778708356334705
150,42.5,0.7786403436964667
150,42.550000000000004,0.7794097143706419
150,42.6,0.7801789477244505
150,42.650000000000006,0.7809480438259784
150,42.7,0.7817170027429425
150,42.75,0.7824858245426949
150,42.800000000000004,0.7832545092922234
150,42.85,0.7840230570581532
150,42.900000000000006,0.7847914679067505
150,42.95,0.7855597419039223
150,43.0,0.7863278791152203
150,43.050000000000004,0.7870958796058408
150,43.1,0.7878637434406276
150,43.150000000000006,0.7886314706840756
150,43.2,0.7893990614003281
150,43.25,0.7901665156531836
150,43.300000000000004,0.7909338335060938
150,43.35,0.7917010150221686
150,43.400000000000006,0.7924680602641754
150,43.45,0.7932349692945423
150,43.5,0.7940017421753586
150,43.550000000000004,0.7947683789683783
150,43.6,0.7955348797350212
150,43.650000000000006,0.7963012445363736
150,43.7,0.7970674734331914
150,43.75,0.7978335664859005
150,43.800000000000004,0.7985995237546014
150,43.85,0.7993653452990666
150,43.900000000000006,0.8001310311787458
150,43.95,0.8008965814527661
150,44.0,0.8016619961799345
150,44.050000000000004,0.8024272754187383
150,44.1,0.803192419227348
150,44.150000000000006,0.8039574276636176
150,44.2,0.804722300785089
150,44.25,0.8054870386489901
150,44.300000000000004,0.806251641312239
150,44.35,0.8070161088314453
150,44.400000000000006,0.8077804412629094
150,44.45,0.8085446386626273
150,44.5,0.8093087010862907
150,44.550000000000004,0.8100726285892882
150,44.6,0.8108364212267081
150,44.650000000000006,0.8116000790533384
150,44.7,0.8123636021236696
150,44.75,0.8131269904918965
150,44.800000000000004,0.8138902442119179
150,44.85,0.8146533633373406
150,44.900000000000006,0.8154163479214788
150,44.95,0.8161791980173573
150,45.0,0.8169419136777112
150,45.050000000000004,0.8177044949549896
150,45.1,0.8184669419013552
150,45.150000000000006,0.8192292545686871
150,45.2,0.819991433008581
150,45.25,0.8207534772723524
150,45.300000000000004,0.8215153874110359
150,45.35,0.8222771634753888
150,45.400000000000006,0.8230388055158911
150,45.45,0.8238003135827481
150,45.5,0.8245616877258904
150,45.550000000000004,0.8253229279949758
150,45.6,0.8260840344393927
150,45.650000000000006,0.8268450071082575
150,45.7,0.8276058460504206
150,45.75,0.8283665513144641
150,45.800000000000004,0.8291271229487053
150,45.85,0.8298875610011966
150,45.900000000000006,0.8306478655197287
150,45.95,0.8314080365518309
150,46.0,0.8321680741447713
150,46.050000000000004,0.8329279783455612
150,46.1,0.8336877492009532
150,46.150000000000006,0.8344473867574443
150,46.2,0.8352068910612773
150,46.25,0.8359662621584415
150,46.300000000000004,0.8367255000946742
150,46.35,0.8374846049154621
150,46.400000000000006,0.8382435766660427
150,46.45,0.8390024153914053
150,46.5,0.8397611211362923
150,46.550000000000004,0.8405196939452012
150,46.6,0.8412781338623848
150,46.650000000000006,0.842036440931853
150,46.7,0.8427946151973744
150,46.75,0.8435526567024771
150,46.800000000000004,0.8443105654904499
150,46.85,0.845068341604344
150,46.900000000000006,0.8458259850869732
150,46.95,0.846583495980917
150,47.0,0.8473408743285202
150,47.050000000000004,0.8480981201718946
150,47.1,0.8488552335529196
150,47.150000000000006,0.8496122145132452
150,47.2,0.8503690630942917
150,47.25,0.8511257793372508
150,47.300000000000004,0.8518823632830875
150,47.35,0.852638814972541
150,47.400000000000006,0.8533951344461256
150,47.45,0.8541513217441332
150,47.5,0.8549073769066322
150,47.550000000000004,0.8556632999734701
150,47.6,0.8564190909842749
150,47.650000000000006,0.8571747499784562
150,47.7,0.8579302769952043
150,47.75,0.8586856720734936
150,47.800000000000004,0.8594409352520848
150,47.85,0.8601960665695216
150,47.900000000000006,0.8609510660641359
150,47.95,0.8617059337740484
150,48.0,0.8624606697371664
150,48.050000000000004,0.8632152739911898
150,48.1,0.863969746573608
150,48.150000000000006,0.8647240875217037
150,48.2,0.8654782968725524
150,48.25,0.8662323746630245
150,48.300000000000004,0.8669863209297858
150,48.35,0.8677401357092983
150,48.400000000000006,0.868493819037822
150,48.45,0.8692473709514156
150,48.5,0.8700007914859379
150,48.550000000000004,0.8707540806770475
150,48.6,0.8715072385602063
150,48.650000000000006,0.8722602651706781
150,48.7,0.8730131605435303
150,48.75,0.8737659247136356
150,48.800000000000004,0.8745185577156729
150,48.85,0.875271059584129
150,48.900000000000006,0.8760234303532958
150,48.95,0.8767756700572767
150,49.0,0.877527778729985
150,49.050000000000004,0.8782797564051432
150,49.1,0.8790316031162867
150,49.150000000000006,0.8797833188967649
150,49.2,0.8805349037797393
150,49.25,0.8812863577981872
150,49.300000000000004,0.8820376809849014
150,49.35,0.8827888733724925
150,49.400000000000006,0.8835399349933871
150,49.45,0.8842908658798322
150,49.5,0.8850416660638931
150,49.550000000000004,0.8857923355774564
150,49.6,0.8865428744522308
150,49.650000000000006,0.887293282719746
150,49.7,0.8880435604113566
150,49.75,0.8887937075582404
150,49.800000000000004,0.8895437241914014
150,49.85,0.8902936103416679
150,49.900000000000006,0.891043366039698
150,49.95,0.8917929913159763
150,50.0,0.8925424862008157
150,50.050000000000004,0.8932918507243598
150,50.1,0.8940410849165821
150,50.150000000000006,0.8947901888072893
150,50.2,0.8955391624261182
150,50.25,0.8962880058025404
150,50.300000000000004,0.8970367189658618
150,50.35,0.8977853019452224
150,50.400000000000006,0.8985337547695988
150,50.45,0.8992820774678044
150,50.5,0.9000302700684898
150,50.550000000000004,0.9007783326001443
150,50.6,0.9015262650910968
150,50.650000000000006,0.9022740675695156
150,50.7,0.9030217400634116
150,50.75,0.9037692826006362
150,50.800000000000004,0.9045166952088828
150,50.85,0.9052639779156908
150,50.900000000000006,0.9060111307484421
150,50.95,0.9067581537343633
150,51.0,0.9075050469005292
150,51.050000000000004,0.9082518102738592
150,51.1,0.908998443881121
150,51.150000000000006,0.9097449477489319
150,51.2,0.9104913219037561
150,51.25,0.9112375663719096
150,51.300000000000004,0.9119836811795589
150,51.35,0.9127296663527215
150,51.400000000000006,0.9134755219172671
150,51.45,0.9142212478989197
150,51.5,0.9149668443232566
150,51.550000000000004,0.9157123112157093
150,51.6,0.916457648601565
150,51.650000000000006,0.9172028565059679
150,51.7,0.9179479349539182
150,51.75,0.918692883970274
150,51.800000000000004,0.919437703579753
150,51.85,0.9201823938069303
150,51.900000000000006,0.9209269546762421
150,51.95,0.9216713862119856
150,52.0,0.9224156884383191
150,52.050000000000004,0.9231598613792619
150,52.1,0.9239039050586992
150,52.150000000000006,0.9246478195003771
150,52.2,0.9253916047279066
150,52.25,0.9261352607647652
150,52.300000000000004,0.9268787876342949
150,52.35,0.9276221853597045
150,52.400000000000006,0.9283654539640706
150,52.45,0.9291085934703371
150,52.5,0.9298516039013172
150,52.550000000000004,0.9305944852796926
150,52.6,0.9313372376280162
150,52.650000000000006,0.9320798609687102
150,52.7,0.9328223553240701
150,52.75,0.9335647207162615
150,52.800000000000004,0.9343069571673247
150,52.85,0.9350490646991723
150,52.900000000000006,0.935791043333591
150,52.95,0.936532893092244
150,53.0,0.9372746139966677
150,53.050000000000004,0.9380162060682761
150,53.1,0.9387576693283601
150,53.150000000000006,0.939499003798087
150,53.2,0.9402402094985041
150,53.25,0.9409812864505355
150,53.300000000000004,0.9417222346749863
150,53.35,0.9424630541925412
150,53.400000000000006,0.9432037450237656
150,53.45,0.943944307189106
150,53.5,0.9446847407088919
150,53.550000000000004,0.9454250456033346
150,53.6,0.9461652218925283
150,53.650000000000006,0.9469052695964533
150,53.7,0.9476451887349722
150,53.75,0.9483849793278339
150,53.800000000000004,0.9491246413946731
150,53.85,0.9498641749550103
150,53.900000000000006,0.9506035800282534
150,53.95,0.9513428566336991
150,54.0,0.9520820047905305
150,54.050000000000004,0.9528210245178201
150,54.1,0.9535599158345309
150,54.150000000000006,0.9542986787595149
150,54.2,0.955037313311516
150,54.25,0.9557758195091673
150,54.300000000000004,0.9565141973709961
150,54.35,0.9572524469154207
150,54.400000000000006,0.9579905681607529
150,54.45,0.9587285611251983
150,54.5,0.9594664258268562
150,54.550000000000004,0.9602041622837211
150,54.6,0.9609417705136826
150,54.650000000000006,0.9616792505345269
150,54.7,0.9624166023639357
150,54.75,0.9631538260194888
150,54.800000000000004,0.9638909215186627
150,54.85,0.9646278888788327
150,54.900000000000006,0.9653647281172726
150,54.95,0.9661014392511561
150,55.0,0.9668380222975553
150,55.050000000000004,0.9675744772734447
150,55.1,0.9683108041956986
150,55.150000000000006,0.9690470030810922
150,55.2,0.9697830739463044
150,55.25,0.9705190168079157
150,55.300000000000004,0.9712548316824098
150,55.35,0.9719905185861738
150,55.400000000000006,0.9727260775355003
150,55.45,0.9734615085465856
150,55.5,0.9741968116355308
150,55.550000000000004,0.9749319868183434
150,55.6,0.9756670341109376
150,55.650000000000006,0.976401953529134
150,55.7,0.9771367450886604
150,55.75,0.9778714088051534
150,55.800000000000004,0.978605944694156
150,55.85,0.9793403527711231
150,55.900000000000006,0.9800746330514157
150,55.95,0.9808087855503066
150,56.0,0.98154281028298
150,56.050000000000004,0.9822767072645282
150,56.1,0.983010476509957
150,56.150000000000006,0.9837441180341837
150,56.2,0.984477631852038
150,56.25,0.985211017978262
150,56.300000000000004,0.9859442764275123
150,56.35,0.9866774072143578
150,56.400000000000006,0.987410410353283
150,56.45,0.9881432858586873
150,56.5,0.9888760337448844
150,56.550000000000004,0.9896086540261051
150,56.6,0.9903411467164951
150,56.650000000000006,0.9910735118301178
150,56.7,0.9918057493809538
150,56.75,0.9925378593829017
150,56.800000000000004,0.9932698418497767
150,56.85,0.9940016967953145
150,56.900000000000006,0.9947334242331691
150,56.95,0.9954650241769138
150,57.0,0.9961964966400428
150,57.050000000000004,0.9969278416359695
150,57.1,0.9976590591780291
150,57.150000000000006,0.9983901492794787
150,57.2,0.9991211119534956
150,57.25,0.9998519472131807
150,57.300000000000004,1.0005826550715573
150,57.35,1.0013132355415728
150,57.400000000000006,1.0020436886360955
150,57.45,1.0027740143679211
150,57.5,1.0035042127497673
150,57.550000000000004,1.004234283794278
150,57.6,1.0049642275140225
150,57.650000000000006,1.0056940439214952
150,57.7,1.0064237330291164
150,57.75,1.007153294849235
150,57.800000000000004,1.0078827293941255
150,57.85,1.0086120366759894
150,57.900000000000006,1.009341216706957
150,57.95,1.010070269499088
150,58.0,1.0107991950643684
150,58.050000000000004,1.0115279934147154
150,58.1,1.0122566645619744
150,58.150000000000006,1.0129852085179227
150,58.2,1.0137136252942658
150,58.25,1.014441914902641
150,58.300000000000004,1.0151700773546175
150,58.35,1.015898112661696
150,58.400000000000006,1.0166260208353086
150,58.45,1.0173538018868196
150,58.5,1.0180814558275268
150,58.550000000000004,1.0188089826686613
150,58.6,1.0195363824213874
150,58.650000000000006,1.020263655096804
150,58.7,1.020990800705944
150,58.75,1.0217178192597756
150,58.800000000000004,1.0224447107692018
150,58.85,1.023171475245061
150,58.900000000000006,1.0238981126981272
150,58.95,1.0246246231391134
150,59.0,1.0253510065786657
150,59.050000000000004,1.02607726302737
150,59.1,1.0268033924957483
150,59.150000000000006,1.0275293949942614
150,59.2,1.0282552705333072
150,59.25,1.0289810191232238
150,59.300000000000004,1.029706640774287
150,59.35,1.0304321354967123
150,59.400000000000006,1.0311575033006555
150,59.45,1.0318827441962117
150,59.5,1.0326078581934175
150,59.550000000000004,1.0333328453022492
150,59.6,1.0340577055326254
150,59.650000000000006,1.0347824388944054
150,59.7,1.03550704539739
150,59.75,1.0362315250513243
150,59.800000000000004,1.0369558778658947
150,59.85,1.0376801038507293
150,59.900000000000006,1.0384042030154021
150,59.95,1.0391281753694297
150,60.0,1.0398520209222715
150,60.050000000000004,1.040575739683333
150,60.1,1.0412993316619645
150,60.150000000000006,1.0420227968674598
150,60.2,1.0427461353090592
150,60.25,1.0434693469959493
150,60.300000000000004,1.044192431937261
150,60.35,1.0449153901420738
150,60.400000000000006,1.045638221619412
150,60.45,1.0463609263782485
150,60.5,1.0470835044275026
150,60.550000000000004,1.0478059557760422
150,60.6,1.048528280432683
150,60.650000000000006,1.0492504784061887
150,60.7,1.0499725497052723
150,60.75,1.0506944943385956
150,60.800000000000004,1.0514163123147702
150,60.85,1.0521380036423567
150,60.900000000000006,1.0528595683298665
150,60.95,1.0535810063857614
150,61.0,1.054302317818452
150,61.050000000000004,1.0550235026363037
150,61.1,1.0557445608476301
150,61.150000000000006,1.0564654924606962
150,61.2,1.0571862974837218
150,61.25,1.0579069759248758
150,61.300000000000004,1.0586275277922828
150,61.35,1.059347953094017
150,61.400000000000006,1.0600682518381075
150,61.45,1.0607884240325378
150,61.5,1.0615084696852435
150,61.550000000000004,1.0622283888041153
150,61.6,1.0629481813969979
150,61.650000000000006,1.06366784747169
150,61.7,1.0643873870359475
150,61.75,1.0651068000974793
150,61.800000000000004,1.0658260866639504
150,61.85,1.0665452467429832
150,61.900000000000006,1.0672642803421544
150,61.95,1.0679831874689982
150,62.0,1.068701968131005
150,62.050000000000004,1.0694206223356226
150,62.1,1.0701391500902566
150,62.150000000000006,1.0708575514022698
150,62.2,1.0715758262789816
150,62.25,1.0722939747276725
150,62.300000000000004,1.073011996755579
150,62.35,1.0737298923698972
150,62.400000000000006,1.0744476615777825
150,62.45,1.0751653043863492
150,62.5,1.0758828208026718
150,62.550000000000004,1.0766002108337835
150,62.6,1.0773174744866794
150,62.650000000000006,1.0780346117683142
150,62.7,1.0787516226856018
150,62.75,1.0794685072454198
150,62.800000000000004,1.0801852654546054
150,62.85,1.0809018973199573
150,62.900000000000006,1.0816184028482365
150,62.95,1.0823347820461662
150,63.0,1.0830510349204312
150,63.050000000000004,1.08376716147768
150,63.1,1.0844831617245223
150,63.150000000000006,1.085199035667533
150,63.2,1.0859147833132483
150,63.25,1.0866304046681694
150,63.300000000000004,1.0873458997387608
150,63.35,1.0880612685314517
150,63.400000000000006,1.0887765110526353
150,63.45,1.0894916273086686
150,63.5,1.0902066173058758
150,63.550000000000004,1.0909214810505437
150,63.6,1.0916362185489261
150,63.650000000000006,1.0923508298072433
150,63.7,1.0930653148316785
150,63.75,1.0937796736283838
150,63.800000000000004,1.0944939062034766
150,63.85,1.095208012563042
150,63.900000000000006,1.0959219927131298
150,63.95,1.0966358466597597
150,64.0,1.0973495744089161
150,64.05,1.0980631759665536
150,64.10000000000001,1.098776651338593
150,64.15,1.0994900005309238
150,64.2,1.1002032235494035
150,64.25,1.1009163203998593
150,64.3,1.1016292910880852
150,64.35000000000001,1.1023421356198466
150,64.4,1.1030548540008764
150,64.45,1.1037674462368785
150,64.5,1.1044799123335254
150,64.55,1.10519225229646
150,64.60000000000001,1.1059044661312953
150,64.65,1.1066165538436146
150,64.7,1.1073285154389736
150,64.75,1.1080403509228969
150,64.8,1.1087520603008802
150,64.85000000000001,1.1094636435783924
150,64.9,1.110175100760872
150,64.95,1.1108864318537308
150,65.0,1.1115976368623512
150,65.05,1.1123087157920903
150,65.10000000000001,1.1130196686482743
150,65.15,1.1137304954362057
150,65.2,1.1144411961611567
150,65.25,1.1151517708283747
150,65.3,1.11586221944308
150,65.35000000000001,1.1165725420104666
150,65.4,1.117282738535701
150,65.45,1.117992809023926
150,65.5,1.1187027534802565
150,65.55,1.1194125719097832
150,65.60000000000001,1.1201222643175697
150,65.65,1.1208318307086576
150,65.7,1.1215412710880603
150,65.75,1.1222505854607687
150,65.8,1.122959773831747
150,65.85000000000001,1.1236688362059382
150,65.9,1.124377772588258
150,65.95,1.1250865829835994
150,66.0,1.1257952673968328
150,66.05,1.1265038258328044
150,66.10000000000001,1.1272122582963353
150,66.15,1.127920564792226
150,66.2,1.1286287453252535
150,66.25,1.1293367999001707
150,66.3,1.1300447285217103
150,66.35000000000001,1.1307525311945805
150,66.4,1.1314602079234688
150,66.45,1.1321677587130403
150,66.5,1.1328751835679383
150,66.55,1.1335824824927847
150,66.60000000000001,1.1342896554921802
150,66.65,1.1349967025707042
150,66.7,1.1357036237329152
150,66.75,1.136410418983351
150,66.8,1.137117088326528
150,66.85000000000001,1.1378236317669437
150,66.9,1.138530049309075
150,66.95,1.1392363409573778
150,67.0,1.1399425067162896
150,67.05,1.1406485465902265
150,67.10000000000001,1.1413544605835868
150,67.15,1.1420602487007494
150,67.2,1.1427659109460728
150,67.25,1.1434714473238983
150,67.3,1.1441768578385467
150,67.35000000000001,1.144882142494322
150,67.4,1.1455873012955085
150,67.45,1.1462923342463733
150,67.5,1.1469972413511649
150,67.55,1.147702022614114
150,67.60000000000001,1.148406678039434
150,67.65,1.149111207631321
150,67.7,1.149815611393953
150,67.75,1.150519889331491
150,67.8,1.1512240414480803
150,67.85000000000001,1.1519280677478472
150,67.9,1.1526319682349044
150,67.95,1.1533357429133455
150,68.0,1.154039391787249
150,68.05,1.1547429148606767
150,68.10000000000001,1.1554463121376757
150,68.15,1.156149583622276
150,68.2,1.1568527293184923
150,68.25,1.1575557492303252
150,68.3,1.1582586433617585
150,68.35000000000001,1.1589614117167613
150,68.4,1.1596640542992875
150,68.45,1.1603665711132773
150,68.5,1.1610689621626555
150,68.55,1.1617712274513323
150,68.60000000000001,1.1624733669832046
150,68.65,1.1631753807621539
150,68.7,1.163877268792048
150,68.75,1.1645790310767425
150,68.8,1.1652806676200773
150,68.85000000000001,1.1659821784258801
150,68.9,1.1666835634979642
150,68.95,1.1673848228401313
150,69.0,1.168085956456168
150,69.05,1.16878696434985
150,69.10000000000001,1.1694878465249405
150,69.15,1.1701886029851873
150,69.2,1.1708892337343284
150,69.25,1.1715897387760894
150,69.3,1.1722901181141836
150,69.35000000000001,1.1729903717523102
150,69.4,1.1736904996941613
150,69.45,1.174390501943411
150,69.5,1.1750903785037288
150,69.55,1.1757901293787676
150,69.60000000000001,1.1764897545721713
150,69.65,1.1771892540875735
150,69.7,1.1778886279285945
150,69.75,1.178587876098846
150,69.8,1.1792869986019283
150,69.85000000000001,1.1799859954414311
150,69.9,1.1806848666209346
150,69.95,1.181383612144007
150,70.0,1.1820822320142088
150,70.05,1.182780726235089
150,70.10000000000001,1.1834790948101868
150,70.15,1.1841773377430336
150,70.2,1.184875455037149
150,70.25,1.1855734466960455
150,70.3,1.1862713127232236
150,70.35000000000001,1.1869690531221777
150,70.4,1.1876666678963914
150,70.45,1.1883641570493406
150,70.5,1.1890615205844912
150,70.55,1.1897587585053027
150,70.60000000000001,1.1904558708152242
150,70.65,1.1911528575176975
150,70.7,1.1918497186161559
150,70.75,1.1925464541140254
150,70.8,1.1932430640147238
150,70.85000000000001,1.1939395483216613
150,70.9,1.1946359070382404
150,70.95,1.1953321401678554
150,71.0,1.1960282477138948
150,71.05,1.1967242296797393
150,71.10000000000001,1.1974200860687623
150,71.15,1.19811581688433
150,71.2,1.1988114221298025
150,71.25,1.1995069018085334
150,71.3,1.2002022559238683
150,71.35000000000001,1.200897484479148
150,71.4,1.2015925874777065
150,71.45,1.202287564922872
150,71.5,1.202982416817965
150,71.55,1.2036771431663027
150,71.60000000000001,1.204371743971194
150,71.65,1.205066219235944
150,71.7,1.205760568963851
150,71.75,1.206454793158209
150,71.8,1.2071488918223057
150,71.85000000000001,1.2078428649594235
150,71.9,1.2085367125728408
150,71.95,1.2092304346658311
150,72.0,1.2099240312416615
150,72.05,1.2106175023035963
150,72.10000000000001,1.2113108478548926
150,72.15,1.212004067898807
150,72.2,1.2126971624385885
150,72.25,1.2133901314774824
150,72.3,1.214082975018731
150,72.35000000000001,1.2147756930655715
150,72.4,1.2154682856212375
150,72.45,1.21616075268896
150,72.5,1.2168530942719644
150,72.55,1.2175453103734737
150,72.60000000000001,1.2182374009967072
150,72.65,1.218929366144882
150,72.7,1.219621205821208
150,72.75,1.2203129200288978
150,72.8,1.2210045087711576
150,72.85000000000001,1.2216959720511906
150,72.9,1.222387309872198
150,72.95,1.2230785222373783
150,73.0,1.223769609149927
150,73.05,1.2244605706130387
150,73.10000000000001,1.2251514066299034
150,73.15,1.225842117203711
150,73.2,1.2265327023376473
150,73.25,1.2272231620348972
150,73.3,1.227913496298644
150,73.35000000000001,1.2286037051320686
150,73.4,1.2292937885383504
150,73.45,1.2299837465206664
150,73.5,1.2306735790821937
150,73.55,1.231363286226108
150,73.60000000000001,1.2320528679555807
150,73.65,1.2327423242737863
150,73.7,1.2334316551838946
150,73.75,1.2341208606890777
150,73.8,1.2348099407925035
150,73.85000000000001,1.2354988954973418
150,73.9,1.23618772480676
150,73.95,1.236876428723926
150,74.0,1.2375650072520061
150,74.05,1.2382534603941686
150,74.10000000000001,1.2389417881535778
150,74.15,1.2396299905334014
150,74.2,1.2403180675368044
150,74.25,1.2410060191669539
150,74.3,1.2416938454270157
150,74.35000000000001,1.2423815463201568
150,74.4,1.2430691218495424
150,74.45,1.2437565720183414
150,74.5,1.2444438968297202
150,74.55,1.2451310962868485
150,74.60000000000001,1.2458181703928937
150,74.65,1.2465051191510264
150,74.7,1.2471919425644162
150,74.75,1.2478786406362354
150,74.8,1.2485652133696572
150,74.85000000000001,1.2492516607678539
150,74.9,1.2499379828340011
150,74.95,1.2506241795712756
150,75.0,1.2513102509828542
150,75.05,1.2519961970719171
150,75.10000000000001,1.2526820178416442
150,75.15,1.2533677132952181
150,75.2,1.2540532834358236
150,75.25,1.254738728266647
150,75.3,1.2554240477908754
150,75.35000000000001,1.2561092420116997
150,75.4,1.2567943109323123
150,75.45,1.257479254555907
150,75.5,1.258164072885681
150,75.55,1.258848765924834
150,75.60000000000001,1.2595333336765666
150,75.65,1.2602177761440838
150,75.7,1.2609020933305919
150,75.75,1.2615862852393012
150,75.8,1.2622703518734233
150,75.85000000000001,1.2629542932361735
150,75.9,1.263638109330771
150,75.95,1.2643218001604362
150,76.0,1.2650053657283935
150,76.05,1.2656888060378713
150,76.10000000000001,1.2663721210920995
150,76.15,1.2670553108943143
150,76.2,1.2677383754477525
150,76.25,1.2684213147556544
150,76.3,1.2691041288212666
150,76.35000000000001,1.2697868176478373
150,76.4,1.2704693812386196
150,76.45,1.2711518195968687
150,76.5,1.271834132725846
150,76.55,1.2725163206288157
150,76.60000000000001,1.273198383309046
150,76.65,1.2738803207698097
150,76.7,1.2745621330143835
150,76.75,1.2752438200460487
150,76.80000000000001,1.275925381868092
150,76.85000000000001,1.276606818483802
150,76.9,1.277288129896474
150,76.95,1.2779693161094077
150,77.0,1.2786503771259063
150,77.05000000000001,1.2793313129492805
150,77.10000000000001,1.2800121235828419
150,77.15,1.2806928090299101
150,77.2,1.281373369293809
150,77.25,1.2820538043778669
150,77.30000000000001,1.2827341142854178
150,77.35000000000001,1.2834142990198012
150,77.4,1.2840943585843612
150,77.45,1.2847742929824477
150,77.5,1.2854541022174157
150,77.55000000000001,1.2861337862926263
150,77.60000000000001,1.2868133452114459
150,77.65,1.2874927789772461
150,77.7,1.2881720875934057
150,77.75,1.2888512710633064
150,77.80000000000001,1.289530329390339
150,77.85000000000001,1.2902092625778985
150,77.9,1.2908880706293866
150,77.95,1.291566753548211
150,78.0,1.2922453113377834
150,78.05000000000001,1.292923744001525
150,78.10000000000001,1.2936020515428623
150,78.15,1.2942802339652266
150,78.2,1.2949582912720574
150,78.25,1.2956362234668
150,78.30000000000001,1.2963140305529053
150,78.35000000000001,1.2969917125338326
150,78.4,1.2976692694130472
150,78.45,1.29834670119402
150,78.5,1.2990240078802306
150,78.55000000000001,1.2997011894751644
150,78.60000000000001,1.300378245982313
150,78.65,1.3010551774051768
150,78.7,1.3017319837472616
150,78.75,1.3024086650120819
150,78.80000000000001,1.3030852212031574
150,78.85000000000001,1.3037616523240174
150,78.9,1.3044379583781966
150,78.95,1.3051141393692378
150,79.0,1.3057901953006907
150,79.05000000000001,1.3064661261761141
150,79.10000000000001,1.307141931999073
150,79.15,1.3078176127731398
150,79.2,1.308493168501895
150,79.25,1.3091685991889277
150,79.30000000000001,1.3098439048378332
150,79.35000000000001,1.3105190854522162
150,79.4,1.3111941410356878
150,79.45,1.3118690715918682
150,79.5,1.3125438771243856
150,79.55000000000001,1.3132185576368756
150,79.60000000000001,1.3138931131329825
150,79.65,1.3145675436163586
150,79.7,1.3152418490906648
150,79.75,1.3159160295595704
150,79.80000000000001,1.3165900850267516
150,79.85000000000001,1.317264015495895
150,79.9,1.3179378209706953
150,79.95,1.3186115014548545
150,80.0,1.3192850569520844
150,80.05000000000001,1.3199584874661054
150,80.10000000000001,1.3206317930006453
150,80.15,1.321304973559444
150,80.2,1.3219780291462453
150,80.25,1.3226509597648064
150,80.30000000000001,1.323323765418891
150,80.35000000000001,1.3239964461122724
150,80.4,1.3246690018487326
150,80.45,1.325341432632064
150,80.5,1.3260137384660664
150,80.55000000000001,1.3266859193545493
150,80.60000000000001,1.327357975301333
150,80.65,1.3280299063102445
150,80.7,1.3287017123851226
150,80.75,1.3293733935298138
150,80.80000000000001,1.3300449497481754
150,80.85000000000001,1.3307163810440732
150,80.9,1.3313876874213828
150,80.95,1.3320588688839894
150,81.0,1.3327299254357887
150,81.05000000000001,1.3334008570806843
150,81.10000000000001,1.3340716638225927
150,81.15,1.3347423456654361
150,81.2,1.3354129026131503
150,81.25,1.3360833346696783
150,81.30000000000001,1.3367536418389747
150,81.35000000000001,1.337423824125004
150,81.4,1.33809388153174
150,81.45,1.3387638140631672
150,81.5,1.3394336217232796
150,81.55000000000001,1.3401033045160824
150,81.60000000000001,1.3407728624455904
150,81.65,1.3414422955158292
150,81.7,1.3421116037308338
150,81.75,1.3427807870946502
150,81.80000000000001,1.343449845611336
150,81.85000000000001,1.3441187792849565
150,81.9,1.3447875881195905
150,81.95,1.3454562721193255
150,82.0,1.3461248312882608
150,82.05000000000001,1.346793265630505
150,82.10000000000001,1.3474615751501784
150,82.15,1.3481297598514117
150,82.2,1.3487978197383477
150,82.25,1.3494657548151383
150,82.30000000000001,1.3501335650859463
150,82.35000000000001,1.3508012505549467
150,82.4,1.3514688112263256
150,82.45,1.352136247104278
150,82.5,1.352803558193012
150,82.55000000000001,1.3534707444967464
150,82.60000000000001,1.3541378060197102
150,82.65,1.3548047427661452
150,82.7,1.355471554740304
150,82.75,1.3561382419464485
150,82.80000000000001,1.356804804388855
150,82.85000000000001,1.3574712420718096
150,82.9,1.3581375549996084
150,82.95,1.3588037431765623
150,83.0,1.3594698066069908
150,83.05000000000001,1.3601357452952263
150,83.10000000000001,1.3608015592456117
150,83.15,1.3614672484625039
150,83.2,1.3621328129502683
150,83.25,1.362798252713285
150,83.30000000000001,1.3634635677559424
150,83.35000000000001,1.3641287580826438
150,83.4,1.3647938236978034
150,83.45,1.3654587646058465
150,83.5,1.3661235808112107
150,83.55000000000001,1.3667882723183462
150,83.60000000000001,1.3674528391317136
150,83.65,1.3681172812557878
150,83.7,1.368781598695053
150,83.75,1.3694457914540088
150,83.80000000000001,1.3701098595371624
150,83.85000000000001,1.370773802949038
150,83.9,1.3714376216941684
150,83.95,1.372101315777101
150,84.0,1.372764885202394
150,84.05000000000001,1.373428329974618
150,84.10000000000001,1.3740916500983573
150,84.15,1.3747548455782066
150,84.2,1.3754179164187745
150,84.25,1.376080862624681
150,84.30000000000001,1.37674368420056
150,84.35000000000001,1.377406381151057
150,84.4,1.3780689534808295
150,84.45,1.3787314011945477
150,84.5,1.3793937242968966
150,84.55000000000001,1.3800559227925702
150,84.60000000000001,1.3807179966862788
150,84.65,1.3813799459827423
150,84.7,1.382041770686696
150,84.75,1.3827034708028867
150,84.80000000000001,1.3833650463360736
150,84.85000000000001,1.384026497291029
150,84.9,1.3846878236725395
150,84.95,1.3853490254854028
150,85.0,1.3860101027344307
150,85.05000000000001,1.3866710554244464
150,85.10000000000001,1.38733188356029
150,85.15,1.3879925871468082
150,85.2,1.3886531661888672
150,85.25,1.3893136206913426
150,85.30000000000001,1.389973950659125
150,85.35000000000001,1.3906341560971165
150,85.4,1.391294237010234
150,85.45,1.3919541934034056
150,85.5,1.3926140252815753
150,85.55000000000001,1.393273732649699
150,85.60000000000001,1.3939333155127458
150,85.65,1.3945927738756982
150,85.7,1.395252107743553
150,85.75,1.3959113171213187
150,85.80000000000001,1.396570402014019
150,85.85000000000001,1.39722936242669
150,85.9,1.3978881983643816
150,85.95,1.3985469098321577
150,86.0,1.399205496835095
150,86.05000000000001,1.3998639593782845
150,86.10000000000001,1.4005222974668312
150,86.15,1.401180511105851
150,86.2,1.4018386003004775
150,86.25,1.4024965650558554
150,86.30000000000001,1.4031544053771436
150,86.35000000000001,1.4038121212695152
150,86.4,1.4044697127381567
150,86.45,1.4051271797882687
150,86.5,1.405784522425066
150,86.55000000000001,1.4064417406537764
150,86.60000000000001,1.407098834479642
150,86.65,1.4077558039079192
150,86.7,1.4084126489438773
150,86.75,1.4090693695928005
150,86.80000000000001,1.4097259658599883
150,86.85000000000001,1.410382437750751
150,86.9,1.411038785270415
150,86.95,1.4116950084243212
150,87.0,1.4123511072178234
150,87.05000000000001,1.41300708165629
150,87.10000000000001,1.4136629317451046
150,87.15,1.414318657489663
150,87.2,1.4149742588953764
150,87.25,1.4156297359676704
150,87.30000000000001,1.4162850887119842
150,87.35000000000001,1.416940317133772
150,87.4,1.4175954212385014
150,87.45,1.4182504010316557
150,87.5,1.418905256518731
150,87.55000000000001,1.4195599877052394
150,87.60000000000001,1.4202145945967062
150,87.65,1.420869077198671
150,87.7,1.4215234355166886
150,87.75,1.4221776695563282
150,87.80000000000001,1.4228317793231733
150,87.85000000000001,1.4234857648228214
150,87.9,1.4241396260608858
150,87.95,1.4247933630429939
150,88.0,1.4254469757747865
150,88.05000000000001,1.4261004642619206
150,88.10000000000001,1.4267538285100674
150,88.15,1.4274070685249118
150,88.2,1.4280601843121552
150,88.25,1.4287131758775116
150,88.30000000000001,1.4293660432267117
150,88.35000000000001,1.4300187863654996
150,88.4,1.430671405299635
150,88.45,1.4313239000348907
150,88.5,1.4319762705770573
150,88.55000000000001,1.4326285169319375
150,88.60000000000001,1.4332806391053496
150,88.65,1.4339326371031287
150,88.7,1.4345845109311217
150,88.75,1.4352362605951918
150,88.80000000000001,1.4358878861012183
150,88.85000000000001,1.436539387455093
150,88.9,1.437190764662725
150,88.95,1.437842017730037
150,89.0,1.4384931466629671
150,89.05000000000001,1.439144151467469
150,89.10000000000001,1.43979503214951
150,89.15,1.4404457887150743
150,89.2,1.44109642117016
150,89.25,1.4417469295207797
150,89.30000000000001,1.4423973137729629
150,89.35000000000001,1.4430475739327533
150,89.4,1.4436977100062096
150,89.45,1.4443477219994056
150,89.5,1.4449976099184316
150,89.55000000000001,1.4456473737693907
150,89.60000000000001,1.4462970135584035
150,89.65,1.446946529291605
150,89.7,1.4475959209751452
150,89.75,1.4482451886151895
150,89.80000000000001,1.448894332217919
150,89.85000000000001,1.4495433517895293
150,89.9,1.4501922473362334
150,89.95,1.4508410188642569
150,90.0,1.4514896663798422
150,90.05000000000001,1.452138189889247
150,90.10000000000001,1.4527865893987446
150,90.15,1.4534348649146231
150,90.2,1.4540830164431866
150,90.25,1.4547310439907546
150,90.30000000000001,1.4553789475636616
150,90.35000000000001,1.4560267271682577
150,90.4,1.4566743828109097
150,90.45,1.4573219144979979
150,90.5,1.4579693222359198
150,90.55000000000001,1.4586166060310883
150,90.60000000000001,1.4592637658899297
150,90.65,1.4599108018188889
150,90.7,1.4605577138244252
150,90.75,1.4612045019130113
150,90.80000000000001,1.4618511660911415
150,90.85000000000001,1.462497706365318
150,90.9,1.4631441227420643
150,90.95,1.4637904152279178
150,91.0,1.4644365838294304
150,91.05000000000001,1.4650826285531722
150,91.10000000000001,1.4657285494057275
150,91.15,1.466374346393696
150,91.2,1.4670200195236929
150,91.25,1.4676655688023517
150,91.30000000000001,1.4683109942363182
150,91.35000000000001,1.4689562958322564
150,91.4,1.469601473596845
150,91.45,1.4702465275367798
150,91.5,1.4708914576587688
150,91.55000000000001,1.4715362639695415
150,91.60000000000001,1.4721809464758386
150,91.65,1.4728255051844186
150,91.7,1.4734699401020563
150,91.75,1.47411425123554
150,91.80000000000001,1.4747584385916765
150,91.85000000000001,1.4754025021772872
150,91.9,1.4760464419992108
150,91.95,1.4766902580642995
150,92.0,1.4773339503794238
150,92.05000000000001,1.4779775189514675
150,92.10000000000001,1.4786209637873349
150,92.15,1.479264284893941
150,92.2,1.4799074822782208
150,92.25,1.4805505559471215
150,92.30000000000001,1.4811935059076116
150,92.35000000000001,1.4818363321666703
150,92.4,1.4824790347312953
150,92.45,1.4831216136085015
150,92.5,1.4837640688053166
150,92.55000000000001,1.4844064003287882
150,92.60000000000001,1.485048608185977
150,92.65,1.4856906923839606
150,92.7,1.4863326529298335
150,92.75,1.4869744898307058
150,92.80000000000001,1.487616203093703
150,92.85000000000001,1.4882577927259686
150,92.9,1.4888992587346597
150,92.95,1.489540601126952
150,93.0,1.490181819910035
150,93.05000000000001,1.4908229150911172
150,93.10000000000001,1.4914638866774204
150,93.15,1.4921047346761847
150,93.2,1.4927454590946654
150,93.25,1.4933860599401336
150,93.30000000000001,1.494026537219878
150,93.35000000000001,1.4946668909412024
150,93.4,1.495307121111428
150,93.45,1.4959472277378907
150,93.5,1.4965872108279428
150,93.55000000000001,1.497227070388954
150,93.60000000000001,1.49786680642831
150,93.65,1.4985064189534127
150,93.7,1.4991459079716793
150,93.75,1.4997852734905448
150,93.80000000000001,1.5004245155174594
150,93.85000000000001,1.5010636340598906
150,93.9,1.50170262912532
150,93.95,1.5023415007212486
150,94.0,1.5029802488551924
150,94.05000000000001,1.5036188735346832
150,94.10000000000001,1.504257374767269
150,94.15,1.5048957525605167
150,94.2,1.505534006922005
150,94.25,1.5061721378593327
150,94.30000000000001,1.5068101453801148
150,94.35000000000001,1.5074480294919808
150,94.4,1.5080857902025775
150,94.45,1.508723427519569
150,94.5,1.5093609414506337
150,94.55000000000001,1.509998332003469
150,94.60000000000001,1.510635599185786
150,94.65,1.5112727430053146
150,94.7,1.5119097634697993
150,94.75,1.5125466605870042
150,94.80000000000001,1.5131834343647048
150,94.85000000000001,1.5138200848106973
150,94.9,1.514456611932792
150,94.95,1.5150930157388185
150,95.0,1.515729296236618
150,95.05000000000001,1.5163654534340532
150,95.10000000000001,1.5170014873390008
150,95.15,1.517637397959354
150,95.2,1.5182731853030231
150,95.25,1.5189088493779344
150,95.30000000000001,1.5195443901920316
150,95.35000000000001,1.5201798077532735
150,95.4,1.520815102069637
150,95.45,1.5214502731491142
150,95.5,1.5220853209997145
150,95.55000000000001,1.5227202456294635
150,95.60000000000001,1.5233550470464032
150,95.65,1.5239897252585934
150,95.7,1.5246242802741086
150,95.75,1.5252587121010397
150,95.80000000000001,1.525893020747497
150,95.85000000000001,1.5265272062216046
150,95.9,1.5271612685315046
150,95.95,1.5277952076853538
150,96.0,1.5284290236913287
150,96.05000000000001,1.5290627165576198
150,96.10000000000001,1.529696286292434
150,96.15,1.530329732903998
150,96.2,1.5309630564005505
150,96.25,1.5315962567903507
150,96.30000000000001,1.5322293340816722
150,96.35000000000001,1.5328622882828054
150,96.4,1.5334951194020587
150,96.45,1.534127827447756
150,96.5,1.5347604124282375
150,96.55000000000001,1.5353928743518608
150,96.60000000000001,1.536025213227
150,96.65,1.536657429062045
150,96.7,1.5372895218654041
150,96.75,1.5379214916455002
150,96.80000000000001,1.538553338410773
150,96.85000000000001,1.5391850621696814
150,96.9,1.5398166629306986
150,96.95,1.5404481407023138
150,97.0,1.5410794954930347
150,97.05000000000001,1.5417107273113848
150,97.10000000000001,1.5423418361659051
150,97.15,1.5429728220651515
150,97.2,1.5436036850176984
150,97.25,1.5442344250321356
150,97.30000000000001,1.5448650421170695
150,97.35000000000001,1.5454955362811242
150,97.4,1.5461259075329408
150,97.45,1.5467561558811747
150,97.5,1.5473862813344998
150,97.55000000000001,1.5480162839016076
150,97.60000000000001,1.5486461635912037
150,97.65,1.5492759204120112
150,97.7,1.5499055543727707
150,97.75,1.5505350654822405
150,97.80000000000001,1.551164453749193
150,97.85000000000001,1.551793719182418
150,97.9,1.5524228617907236
150,97.95,1.5530518815829328
150,98.0,1.5536807785678857
150,98.05000000000001,1.5543095527544393
150,98.10000000000001,1.5549382041514679
150,98.15,1.5555667327678613
150,98.2,1.5561951386125268
150,98.25,1.5568234216943873
150,98.30000000000001,1.5574515820223842
150,98.35000000000001,1.5580796196054747
150,98.4,1.5587075344526322
150,98.45,1.559335326572847
150,98.5,1.5599629959751264
150,98.55000000000001,1.560590542668494
150,98.60000000000001,1.5612179666619912
150,98.65,1.5618452679646744
150,98.7,1.5624724465856175
150,98.75,1.5630995025339116
150,98.80000000000001,1.563726435818664
150,98.85000000000001,1.564353246448998
150,98.9,1.5649799344340554
150,98.95,1.5656064997829922
150,99.0,1.5662329425049837
150,99.05000000000001,1.5668592626092197
150,99.10000000000001,1.5674854601049084
150,99.15,1.5681115350012742
150,99.2,1.5687374873075575
150,99.25,1.569363317033015
150,99.30000000000001,1.5699890241869217
150,99.35000000000001,1.5706146087785688
150,99.4,1.5712400708172631
150,99.45,1.5718654103123302
150,99.5,1.5724906272731094
150,99.55000000000001,1.5731157217089597
150,99.60000000000001,1.5737406936292544
150,99.65,1.5743655430433852
150,99.7,1.5749902699607596
150,99.75,1.5756148743908014
150,99.80000000000001,1.576239356342953
150,99.85000000000001,1.576863715826671
150,99.9,1.57748795285143
150,99.95,1.5781120674267213
200,0.0,0.0019709721652233785
200,0.05,0.003906492692502198
200,0.1,0.00580834625066189
200,0.15000000000000002,0.0076781979576725405
200,0.2,0.00951760320875333
200,0.25,0.011328016552053967
200,0.30000000000000004,0.01311079971783018
200,0.35000000000000003,0.014867228893781215
200,0.4,0.01659850132780313
200,0.45,0.018305741329555137
200,0.5,0.019990005733705574
200,0.55,0.021652288880321866
200,0.6000000000000001,0.023293527161433902
200,0.65,0.024914603177193594
200,0.7000000000000001,0.026516349540155325
200,0.75,0.028099552361920896
200,0.8,0.029664954452635527
200,0.8500000000000001,0.03121325826052384
200,0.9,0.03274512857575308
200,0.9500000000000001,0.03426119502035184
200,1.0,0.0357620543436535
200,1.05,0.037248272540737155
200,1.1,0.03872038680956513
200,1.1500000000000001,0.040178907360947404
200,1.2000000000000002,0.041624319094067774
200,1.25,0.043057083149058914
200,1.3,0.04447763834701155
200,1.35,0.04588640252680724
200,1.4000000000000001,0.0472837737872852
200,1.4500000000000002,0.04867013164245721
200,1.5,0.05004583809677794
200,1.55,0.05141123864683799
200,1.6,0.052766663215276115
200,1.6500000000000001,0.05411242702219063
200,1.7000000000000002,0.05544883139886568
200,1.75,0.056776164548208774
200,1.8,0.05809470225591703
200,1.85,0.059404708556049894
200,1.9000000000000001,0.06070643635437137
200,1.9500000000000002,0.06200012801255049
200,2.0,0.06328601589604745
200,2.0500000000000003,0.06456432288828695
200,2.1,0.06583526287350697
200,2.15,0.06709904119048074
200,2.2,0.06835585505913586
200,2.25,0.06960589398193462
200,2.3000000000000003,0.07084934012173624
200,2.35,0.07208636865772698
200,2.4000000000000004,0.0733171481208855
200,2.45,0.07454184071033851
200,2.5,0.07576060259186015
200,2.5500000000000003,0.07697358417967681
200,2.6,0.07818093040265289
200,2.6500000000000004,0.07938278095585442
200,2.7,0.08057927053841625
200,2.75,0.08177052907857166
200,2.8000000000000003,0.08295668194664314
200,2.85,0.08413785015673607
200,2.9000000000000004,0.08531415055782535
200,2.95,0.0864856960148786
200,3.0,0.08765259558061442
200,3.0500000000000003,0.08881495465845245
200,3.1,0.08997287515717808
200,3.1500000000000004,0.09112645563780479
200,3.2,0.09227579145309052
200,3.25,0.09342097488012861
200,3.3000000000000003,0.09456209524641238
200,3.35,0.09569923904974176
200,3.4000000000000004,0.09683249007231973
200,3.45,0.09796192948936222
200,3.5,0.09908763597252764
200,3.5500000000000003,0.10020968578844844
200,3.6,0.1013281528926338
200,3.6500000000000004,0.10244310901899414
200,3.7,0.10355462376522251
200,3.75,0.10466276467425367
200,3.8000000000000003,0.10576759731201045
200,3.85,0.10686918534163002
200,3.9000000000000004,0.10796759059435641
200,3.95,0.10906287313727077
200,4.0,0.11015509133802238
200,4.05,0.11124430192671389
200,4.1000000000000005,0.11233056005508542
200,4.15,0.11341391935313293
200,4.2,0.11449443198329035
200,4.25,0.11557214869229551
200,4.3,0.11664711886085523
200,4.3500000000000005,0.11771939055121615
200,4.4,0.11878901055274536
200,4.45,0.11985602442561483
200,4.5,0.1209204765426823
200,4.55,0.12198241012965426
200,4.6000000000000005,0.12304186730361283
200,4.65,0.12409888910998261
200,4.7,0.12515351555801196
200,4.75,0.12620578565483662
200,4.800000000000001,0.12725573743819232
200,4.8500000000000005,0.12830340800783735
200,4.9,0.12934883355574422
200,4.95,0.13039204939511756
200,5.0,0.13143308998828857
200,5.050000000000001,0.13247198897353893
200,5.1000000000000005,0.13350877919090023
200,5.15,0.13454349270697538
200,5.2,0.13557616083882307
200,5.25,0.13660681417694973
200,5.300000000000001,0.1376354826074426
200,5.3500000000000005,0.13866219533328752
200,5.4,0.13968698089490006
200,5.45,0.14070986718990744
200,5.5,0.14173088149221286
200,5.550000000000001,0.14275005047037054
200,5.6000000000000005,0.14376740020530193
200,5.65,0.14478295620737996
200,5.7,0.14579674343290872
200,5.75,0.1468087863000207
200,5.800000000000001,0.14781910870401924
200,5.8500000000000005,0.14882773403218505
200,5.9,0.14983468517807189
200,5.95,0.1508399845553091
200,6.0,0.15184365411093284
200,6.050000000000001,0.15284571533826347
200,6.1000000000000005,0.1538461892893486
200,6.15,0.1548450965869864
200,6.2,0.15584245743634859
200,6.25,0.15683829163621663
200,6.300000000000001,0.1578326185898469
200,6.3500000000000005,0.15882545731547884
200,6.4,0.15981682645650047
200,6.45,0.1608067442912832
200,6.5,0.1617952287426999
200,6.550000000000001,0.16278229738733657
200,6.6000000000000005,0.1637679674644105
200,6.65,0.16475225588440523
200,6.7,0.1657351792374332
200,6.75,0.16671675380133516
200,6.800000000000001,0.16769699554952774
200,6.8500000000000005,0.16867592015860652
200,6.9,0.16965354301571503
200,6.95,0.1706298792256873
200,7.0,0.17160494361797218
200,7.050000000000001,0.17257875075334764
200,7.1000000000000005,0.17355131493043233
200,7.15,0.1745226501920011
200,7.2,0.17549277033111263
200,7.25,0.17646168889705424
200,7.300000000000001,0.17742941920111152
200,7.3500000000000005,0.17839597432216825
200,7.4,0.1793613671121426
200,7.45,0.18032561020126514
200,7.5,0.18128871600320454
200,7.550000000000001,0.18225069672004507
200,7.6000000000000005,0.18321156434712263
200,7.65,0.18417133067772276
200,7.7,0.18513000730764492
200,7.75,0.18608760563963925
200,7.800000000000001,0.1870441368877186
200,7.8500000000000005,0.18799961208134958
200,7.9,0.18895404206952965
200,7.95,0.1899074375247487
200,8.0,0.19085980894684426
200,8.05,0.1918111666667505
200,8.1,0.19276152085014583
200,8.15,0.19371088150100138
200,8.200000000000001,0.1946592584650345
200,8.25,0.19560666143307004
200,8.3,0.1965530999443117
200,8.35,0.19749858338952717
200,8.4,0.19844312101414976
200,8.450000000000001,0.1993867219212973
200,8.5,0.20032939507471403
200,8.55,0.20127114930163553
200,8.6,0.2022119932955792
200,8.65,0.20315193561906367
200,8.700000000000001,0.20409098470625875
200,8.75,0.20502914886556775
200,8.8,0.20596643628214423
200,8.85,0.20690285502034625
200,8.9,0.207838413026128
200,8.950000000000001,0.2087731181293729
200,9.0,0.20970697804616775
200,9.05,0.21064000038102246
200,9.1,0.2115721926290326
200,9.15,0.21250356217799177
200,9.200000000000001,0.21343411631045112
200,9.25,0.2143638622057289
200,9.3,0.21529280694187297
200,9.35,0.21622095749757442
200,9.4,0.2171483207540369
200,9.450000000000001,0.21807490349680106
200,9.5,0.2190007124175257
200,9.55,0.21992575411572782
200,9.600000000000001,0.2208500351004806
200,9.65,0.22177356179207325
200,9.700000000000001,0.2226963405236314
200,9.75,0.22361837754270078
200,9.8,0.22453967901279356
200,9.850000000000001,0.2254602510149005
200,9.9,0.22638009954896782
200,9.950000000000001,0.2272992305353416
200,10.0,0.22821764981617793
200,10.05,0.2291353631568232
200,10.100000000000001,0.23005237624716288
200,10.15,0.23096869470293985
200,10.200000000000001,0.23188432406704393
200,10.25,0.23279926981077367
200,10.3,0.2337135373350695
200,10.350000000000001,0.2346271319717196
200,10.4,0.23554005898454164
200,10.450000000000001,0.23645232357053658
200,10.5,0.2373639308610191
200,10.55,0.23827488592272328
200,10.600000000000001,0.2391851937588842
200,10.65,0.24009485931029823
200,10.700000000000001,0.2410038874563586
200,10.75,0.24191228301607112
200,10.8,0.24282005074904767
200,10.850000000000001,0.24372719535647866
200,10.9,0.24463372148208679
200,10.950000000000001,0.24553963371305867
200,11.0,0.24644493658095953
200,11.05,0.2473496345626283
200,11.100000000000001,0.24825373208105367
200,11.15,0.24915723350623384
200,11.200000000000001,0.25006014315601743
200,11.25,0.25096246529692834
200,11.3,0.25186420414497435
200,11.350000000000001,0.2527653638664378
200,11.4,0.25366594857865304
200,11.450000000000001,0.25456596235076623
200,11.5,0.2554654092044815
200,11.55,0.25636429311479264
200,11.600000000000001,0.2572626180106986
200,11.65,0.2581603877759074
200,11.700000000000001,0.2590576062495251
200,11.75,0.25995427722673187
200,11.8,0.2608504044594442
200,11.850000000000001,0.2617459916569662
200,11.9,0.2626410424866263
200,11.950000000000001,0.2635355605744037
200,12.0,0.26442954950554176
200,12.05,0.2653230128251514
200,12.100000000000001,0.2662159540387998
200,12.15,0.26710837661309317
200,12.200000000000001,0.2680002839762434
200,12.25,0.2688916795186283
200,12.3,0.2697825665933393
200,12.350000000000001,0.2706729485167195
200,12.4,0.2715628285688923
200,12.450000000000001,0.27245220999428016
200,12.5,0.2733410960021132
200,12.55,0.2742294897669305
200,12.600000000000001,0.27511739442906985
200,12.65,0.27600481309515096
200,12.700000000000001,0.27689174883854845
200,12.75,0.27777820469985776
200,12.8,0.2786641836873507
200,12.850000000000001,0.27954968877742575
200,12.9,0.2804347229150488
200,12.950000000000001,0.2813192890141848
200,13.0,0.2822033899582257
200,13.05,0.28308702860040685
200,13.100000000000001,0.2839702077642192
200,13.15,0.28485293024381214
200,13.200000000000001,0.2857351988043912
200,13.25,0.28661701618260765
200,13.3,0.2874983850869427
200,13.350000000000001,0.2883793081980835
200,13.4,0.28925978816929426
200,13.450000000000001,0.2901398276267802
200,13.5,0.29101942917004653
200,13.55,0.2918985953722493
200,13.600000000000001,0.29277732878054263
200,13.65,0.29365563191641897
200,13.700000000000001,0.2945335072760444
200,13.75,0.2954109573305864
200,13.8,0.29628798452654015
200,13.850000000000001,0.2971645912860448
200,13.9,0.2980407800071985
200,13.950000000000001,0.2989165530643663
200,14.0,0.2997919128084829
200,14.05,0.3006668615673516
200,14.100000000000001,0.3015414016459375
200,14.15,0.30241553532665694
200,14.200000000000001,0.30328926486966135
200,14.25,0.3041625925131166
200,14.3,0.30503552047347915
200,14.350000000000001,0.3059080509457664
200,14.4,0.3067801861038236
200,14.450000000000001,0.30765192810058617
200,14.5,0.30852327906833776
200,14.55,0.30939424111896563
200,14.600000000000001,0.3102648163442094
200,14.65,0.311135006815909
200,14.700000000000001,0.31200481458624707
200,14.75,0.3128742416879871
200,14.8,0.31374329013470925
200,14.850000000000001,0.31461196192104246
200,14.9,0.3154802590228913
200,14.950000000000001,0.31634818339766263
200,15.0,0.3172157369844852
200,15.05,0.31808292170442815
200,15.100000000000001,0.31894973946071603
200,15.15,0.3198161921389394
200,15.200000000000001,0.3206822816072644
200,15.25,0.3215480097166368
200,15.3,0.32241337830098454
200,15.350000000000001,0.3232783891774173
200,15.4,0.324143044146422
200,15.450000000000001,0.3250073449920567
200,15.5,0.3258712934821409
200,15.55,0.32673489136844297
200,15.600000000000001,0.3275981403868666
200,15.65,0.3284610422576307
200,15.700000000000001,0.3293235986854509
200,15.75,0.3301858113597164
200,15.8,0.33104768195466383
200,15.850000000000001,0.3319092121295502
200,15.9,0.3327704035288217
200,15.950000000000001,0.3336312577822811
200,16.0,0.33449177650525286
200,16.05,0.33535196129874545
200,16.1,0.33621181374961145
200,16.150000000000002,0.3370713354307055
200,16.2,0.33793052790103995
200,16.25,0.33878939270593894
200,16.3,0.3396479313771888
200,16.35,0.34050614543318825
200,16.400000000000002,0.34136403637909574
200,16.45,0.34222160570697346
200,16.5,0.34307885489593154
200,16.55,0.3439357854122701
200,16.6,0.34479239870961603
200,16.650000000000002,0.345648696229063
200,16.7,0.3465046793993057
200,16.75,0.3473603496367742
200,16.8,0.34821570834576443
200,16.85,0.3490707569185704
200,16.900000000000002,0.34992549673561085
200,16.95,0.3507799291655572
200,17.0,0.3516340555654578
200,17.05,0.3524878772808609
200,17.1,0.3533413956459368
200,17.150000000000002,0.3541946119835987
200,17.2,0.3550475276056194
200,17.25,0.3559001438127497
200,17.3,0.3567524618948332
200,17.35,0.3576044831309202
200,17.400000000000002,0.35845620878937984
200,17.45,0.3593076401280117
200,17.5,0.3601587783941547
200,17.55,0.36100962482479565
200,17.6,0.36186018064667497
200,17.650000000000002,0.3627104470763929
200,17.7,0.3635604253205135
200,17.75,0.36441011657566713
200,17.8,0.36525952202865036
200,17.85,0.3661086428565287
200,17.900000000000002,0.366957480226733
200,17.95,0.367806035297158
200,18.0,0.36865430921625897
200,18.05,0.3695023031231451
200,18.1,0.3703500181476756
200,18.150000000000002,0.3711974554105507
200,18.2,0.37204461602340366
200,18.25,0.37289150108889224
200,18.3,0.3737381117007853
200,18.35,0.37458444894405457
200,18.400000000000002,0.37543051389495835
200,18.45,0.37627630762113023
200,18.5,0.37712183118166176
200,18.55,0.37796708562718795
200,18.6,0.37881207199996975
200,18.650000000000002,0.3796567913339755
200,18.7,0.38050124465496227
200,18.75,0.3813454329805558
200,18.8,0.38218935732032855
200,18.85,0.38303301867587924
200,18.900000000000002,0.38387641804090855
200,18.95,0.3847195564012957
200,19.0,0.38556243473517376
200,19.05,0.38640505401300407
200,19.1,0.38724741519764944
200,19.150000000000002,0.38808951924444607
200,19.200000000000003,0.3889313671012767
200,19.25,0.3897729597086406
200,19.3,0.39061429799972347
200,19.35,0.3914553829004667
200,19.400000000000002,0.392296215329636
200,19.450000000000003,0.39313679619888886
200,19.5,0.39397712641284116
200,19.55,0.39481720686913413
200,19.6,0.39565703845849737
200,19.650000000000002,0.39649662206481634
200,19.700000000000003,0.39733595856519327
200,19.75,0.3981750488300128
200,19.8,0.39901389372300144
200,19.85,0.39985249410129187
200,19.900000000000002,0.400690850815482
200,19.950000000000003,0.40152896470969573
200,20.0,0.4023668366216426
200,20.05,0.40320446738267623
200,20.1,0.40404185781785307
200,20.150000000000002,0.40487900874598937
200,20.200000000000003,0.4057159209797179
200,20.25,0.40655259532554416
200,20.3,0.40738903258390363
200,20.35,0.4082252335492134
200,20.400000000000002,0.4090611990099297
200,20.450000000000003,0.40989692974859987
200,20.5,0.41073242654191594
200,20.55,0.4115676901607673
200,20.6,0.4124027213702929
200,20.650000000000002,0.41323752092993143
200,20.700000000000003,0.4140720895934742
200,20.75,0.4149064281091131
200,20.8,0.4157405372194925
200,20.85,0.4165744176617565
200,20.900000000000002,0.4174080701675989
200,20.950000000000003,0.41824149546331074
200,21.0,0.41907469426982796
200,21.05,0.4199076673027788
200,21.1,0.42074041527252953
200,21.150000000000002,0.42157293888423175
200,21.200000000000003,0.4224052388378665
200,21.25,0.4232373158282907
200,21.3,0.4240691705452808
200,21.35,0.4249008036735772
200,21.400000000000002,0.42573221589292803
200,21.450000000000003,0.4265634078781326
200,21.5,0.42739438029908283
200,21.55,0.4282251338208075
200,21.6,0.4290556691035122
200,21.650000000000002,0.42988598680262174
200,21.700000000000003,0.43071608756882085
200,21.75,0.43154597204809525
200,21.8,0.4323756408817702
200,21.85,0.43320509470655194
200,21.900000000000002,0.43403433415456627
200,21.950000000000003,0.43486335985339664
200,22.0,0.435692172426124
200,22.05,0.4365207724913636
200,22.1,0.43734916066330365
200,22.150000000000002,0.43817733755174176
200,22.200000000000003,0.43900530376212216
200,22.25,0.43983305989557236
200,22.3,0.44066060654893924
200,22.35,0.4414879443148246
200,22.400000000000002,0.4423150737816207
200,22.450000000000003,0.44314199553354494
200,22.5,0.4439687101506754
200,22.55,0.44479521820898404
200,22.6,0.44562152028037183
200,22.650000000000002,0.44644761693270185
200,22.700000000000003,0.4472735087298317
200,22.75,0.44809919623164846
200,22.8,0.4489246799940992
200,22.85,0.4497499605692249
200,22.900000000000002,0.45057503850519165
200,22.950000000000003,0.45139991434632204
200,23.0,0.45222458863312776
200,23.05,0.4530490619023392
200,23.1,0.4538733346869368
200,23.150000000000002,0.45469740751618154
200,23.200000000000003,0.4555212809156451
200,23.25,0.45634495540723974
200,23.3,0.457168431509247
200,23.35,0.4579917097363479
200,23.400000000000002,0.4588147905996523
200,23.450000000000003,0.4596376746067257
200,23.5,0.4604603622616197
200,23.55,0.4612828540648988
200,23.6,0.46210515051366857
200,23.650000000000002,0.46292725210160407
200,23.700000000000003,0.4637491593189753
200,23.75,0.46457087265267677
200,23.8,0.4653923925862509
200,23.85,0.46621371959991853
200,23.900000000000002,0.4670348541706021
200,23.950000000000003,0.4678557967719528
200,24.0,0.46867654787437685
200,24.05,0.4694971079450594
200,24.1,0.47031747744799207
200,24.150000000000002,0.47113765684399633
200,24.200000000000003,0.4719576465907482
200,24.25,0.4727774471428044
200,24.3,0.47359705895162485
200,24.35,0.47441648246559825
200,24.400000000000002,0.4752357181300646
200,24.450000000000003,0.4760547663873402
200,24.5,0.4768736276767401
200,24.55,0.47769230243460176
200,24.6,0.47851079109430783
200,24.650000000000002,0.4793290940863098
200,24.700000000000003,0.4801472118381481
200,24.75,0.48096514477447827
200,24.8,0.4817828933170896
200,24.85,0.48260045788492884
200,24.900000000000002,0.4834178388941218
200,24.950000000000003,0.48423503675799456
200,25.0,0.4850520518870953
200,25.05,0.48586888468921435
200,25.1,0.4866855355694071
200,25.150000000000002,0.48750200493001183
200,25.200000000000003,0.4883182931706736
200,25.25,0.4891344006883628
200,25.3,0.48995032787739484
200,25.35,0.4907660751294515
200,25.400000000000002,0.4915816428336002
200,25.450000000000003,0.4923970313763136
200,25.5,0.49321224114148915
200,25.55,0.4940272725104682
200,25.6,0.49484212586205584
200,25.650000000000002,0.4956568015725386
200,25.700000000000003,0.4964713000157046
200,25.75,0.4972856215628609
200,25.8,0.4980997665828536
200,25.85,0.49891373544208384
200,25.900000000000002,0.49972752850452845
200,25.950000000000003,0.5005411461317557
200,26.0,0.5013545886829445
200,26.05,0.5021678565149016
200,26.1,0.5029809499820793
200,26.150000000000002,0.503793869436592
200,26.200000000000003,0.5046066152282348
200,26.25,0.5054191877044987
200,26.3,0.5062315872105893
200,26.35,0.5070438140894422
200,26.400000000000002,0.5078558686817407
200,26.450000000000003,0.508667751325931
200,26.5,0.5094794623582395
200,26.55,0.5102910021126887
200,26.6,0.5111023709211124
200,26.650000000000002,0.5119135691131739
200,26.700000000000003,0.5127245970163783
200,26.75,0.5135354549560909
200,26.8,0.5143461432555516
200,26.85,0.5151566622358903
200,26.900000000000002,0.515967012216142
200,26.950000000000003,0.5167771935132628
200,27.0,0.5175872064421428
200,27.05,0.5183970513156233
200,27.1,0.5192067284445099
200,27.150000000000002,0.5200162381375873
200,27.200000000000003,0.5208255807016348
200,27.25,0.5216347564414389
200,27.3,0.5224437656598088
200,27.35,0.5232526086575899
200,27.400000000000002,0.524061285733679
200,27.450000000000003,0.5248697971850355
200,27.5,0.5256781433066969
200,27.55,0.5264863243917937
200,27.6,0.5272943407315599
200,27.650000000000002,0.5281021926153484
200,27.700000000000003,0.5289098803306435
200,27.75,0.529717404163075
200,27.8,0.5305247643964296
200,27.85,0.5313319613126655
200,27.900000000000002,0.532138995191924
200,27.950000000000003,0.532945866312543
200,28.0,0.53375257495107
200,28.05,0.5345591213822726
200,28.1,0.5353655058791531
200,28.150000000000002,0.53617172871296
200,28.200000000000003,0.5369777901532002
200,28.25,0.5377836904676512
200,28.3,0.5385894299223716
200,28.35,0.5393950087817173
200,28.400000000000002,0.5402004273083473
200,28.450000000000003,0.5410056857632404
200,28.5,0.5418107844057052
200,28.55,0.5426157234933896
200,28.6,0.5434205032822962
200,28.650000000000002,0.5442251240267898
200,28.700000000000003,0.5450295859796105
200,28.75,0.5458338893918855
200,28.8,0.546638034513139
200,28.85,0.5474420215913024
200,28.900000000000002,0.5482458508727283
200,28.950000000000003,0.5490495226021974
200,29.0,0.5498530370229319
200,29.05,0.5506563943766052
200,29.1,0.551459594903353
200,29.150000000000002,0.5522626388417822
200,29.200000000000003,0.5530655264289834
200,29.25,0.5538682579005397
200,29.3,0.5546708334905378
200,29.35,0.5554732534315769
200,29.400000000000002,0.5562755179547805
200,29.450000000000003,0.5570776272898044
200,29.5,0.5578795816648486
200,29.55,0.5586813813066653
200,29.6,0.5594830264405704
200,29.650000000000002,0.5602845172904507
200,29.700000000000003,0.5610858540787765
200,29.75,0.5618870370266091
200,29.8,0.5626880663536101
200,29.85,0.5634889422780521
200,29.900000000000002,0.564289665016827
200,29.950000000000003,0.5650902347854553
200,30.0,0.565890651798096
200,30.05,0.566690916267554
200,30.1,0.5674910284052914
200,30.150000000000002,0.5682909884214343
200,30.200000000000003,0.569090796524783
200,30.25,0.5698904529228204
200,30.3,0.5706899578217199
200,30.35,0.5714893114263564
200,30.400000000000002,0.5722885139403111
200,30.450000000000003,0.5730875655658842
200,30.5,0.573886466504101
200,30.55,0.5746852169547195
200,30.6,0.575483817116241
200,30.650000000000002,0.5762822671859172
200,30.700000000000003,0.5770805673597582
200,30.75,0.5778787178325407
200,30.8,0.5786767187978171
200,30.85,0.5794745704479218
200,30.900000000000002,0.5802722729739805
200,30.950000000000003,0.5810698265659177
200,31.0,0.5818672314124642
200,31.05,0.582664487701165
200,31.1,0.5834615956183883
200,31.150000000000002,0.5842585553493306
200,31.200000000000003,0.5850553670780266
200,31.25,0.5858520309873554
200,31.3,0.5866485472590488
200,31.35,0.5874449160736982
200,31.400000000000002,0.5882411376107627
200,31.450000000000003,0.5890372120485748
200,31.5,0.5898331395643496
200,31.55,0.5906289203341908
200,31.6,0.5914245545330987
200,31.650000000000002,0.5922200423349763
200,31.700000000000003,0.5930153839126368
200,31.75,0.593810579437811
200,31.8,0.594605629081154
200,31.85,0.5954005330122517
200,31.900000000000002,0.5961952913996282
200,31.950000000000003,0.5969899044107521
200,32.0,0.5977843722120436
200,32.050000000000004,0.5985786949688813
200,32.1,0.5993728728456085
200,32.15,0.6001669060055399
200,32.2,0.6009607946109674
200,32.25,0.6017545388231696
200,32.300000000000004,0.6025481388024134
200,32.35,0.6033415947079646
200,32.4,0.6041349066980926
200,32.45,0.604928074930076
200,32.5,0.6057210995602111
200,32.550000000000004,0.606513980743815
200,32.6,0.6073067186352346
200,32.65,0.6080993133878512
200,32.7,0.6088917651540874
200,32.75,0.6096840740854125
200,32.800000000000004,0.610476240332348
200,32.85,0.6112682640444761
200,32.9,0.612060145370442
200,32.95,0.6128518844579625
200,33.0,0.6136434814538306
200,33.050000000000004,0.614434936503922
200,33.1,0.6152262497532002
200,33.15,0.6160174213457221
200,33.2,0.6168084514246447
200,33.25,0.6175993401322298
200,33.300000000000004,0.6183900876098497
200,33.35,0.6191806939979925
200,33.4,0.6199711594362688
200,33.45,0.620761484063416
200,33.5,0.621551668017304
200,33.550000000000004,0.6223417114349407
200,33.6,0.6231316144524772
200,33.65,0.6239213772052137
200,33.7,0.6247109998276036
200,33.75,0.6255004824532602
200,33.800000000000004,0.6262898252149603
200,33.85,0.6270790282446514
200,33.9,0.6278680916734546
200,33.95,0.6286570156316708
200,34.0,0.6294458002487865
200,34.050000000000004,0.6302344456534772
200,34.1,0.6310229519736138
200,34.15,0.6318113193362664
200,34.2,0.6325995478677109
200,34.25,0.6333876376934308
200,34.300000000000004,0.634175588938126
200,34.35,0.6349634017257146
200,34.4,0.6357510761793391
200,34.45,0.6365386124213706
200,34.5,0.6373260105734135
200,34.550000000000004,0.6381132707563106
200,34.6,0.6389003930901483
200,34.65,0.639687377694259
200,34.7,0.6404742246872277
200,34.75,0.6412609341868967
200,34.800000000000004,0.6420475063103689
200,34.85,0.6428339411740125
200,34.9,0.6436202388934664
200,34.95,0.644406399583644
200,35.0,0.6451924233587366
200,35.050000000000004,0.64597831033222
200,35.1,0.6467640606168577
200,35.15,0.6475496743247043
200,35.2,0.648335151567111
200,35.25,0.6491204924547298
200,35.300000000000004,0.6499056970975178
200,35.35,0.6506907656047395
200,35.4,0.651475698084974
200,35.45,0.6522604946461175
200,35.5,0.6530451553953868
200,35.550000000000004,0.6538296804393251
200,35.6,0.6546140698838041
200,35.65,0.6553983238340303
200,35.7,0.6561824423945462
200,35.75,0.6569664256692377
200,35.800000000000004,0.6577502737613347
200,35.85,0.6585339867734171
200,35.9,0.6593175648074182
200,35.95,0.6601010079646286
200,36.0,0.6608843163456993
200,36.050000000000004,0.6616674900506467
200,36.1,0.6624505291788563
200,36.15,0.663233433829085
200,36.2,0.6640162040994666
200,36.25,0.6647988400875147
200,36.300000000000004,0.6655813418901263
200,36.35,0.6663637096035862
200,36.4,0.6671459433235692
200,36.45,0.6679280431451459
200,36.5,0.6687100091627842
200,36.550000000000004,0.6694918414703533
200,36.6,0.6702735401611293
200,36.65,0.6710551053277959
200,36.7,0.6718365370624492
200,36.75,0.6726178354566011
200,36.800000000000004,0.673399000601184
200,36.85,0.674180032586551
200,36.9,0.6749609315024827
200,36.95,0.675741697438189
200,37.0,0.6765223304823129
200,37.050000000000004,0.6773028307229334
200,37.1,0.6780831982475688
200,37.15,0.6788634331431805
200,37.2,0.6796435354961763
200,37.25,0.6804235053924137
200,37.300000000000004,0.6812033429172023
200,37.35,0.6819830481553074
200,37.4,0.6827626211909545
200,37.45,0.6835420621078305
200,37.5,0.6843213709890879
200,37.550000000000004,0.6851005479173485
200,37.6,0.6858795929747046
200,37.65,0.6866585062427243
200,37.7,0.6874372878024538
200,37.75,0.688215937734419
200,37.800000000000004,0.6889944561186312
200,37.85,0.689772843034588
200,37.9,0.6905510985612769
200,37.95,0.6913292227771792
200,38.0,0.6921072157602711
200,38.050000000000004,0.6928850775880293
200,38.1,0.69366280833743
200,38.15,0.6944404080849567
200,38.2,0.6952178769065991
200,38.25,0.695995214877858
200,38.300000000000004,0.6967724220737468
200,38.35,0.6975494985687961
200,38.400000000000006,0.698326444437055
200,38.45,0.6991032597520948
200,38.5,0.699879944587011
200,38.550000000000004,0.7006564990144267
200,38.6,0.7014329231064953
200,38.650000000000006,0.7022092169349029
200,38.7,0.702985380570871
200,38.75,0.70376141408516
200,38.800000000000004,0.7045373175480703
200,38.85,0.7053130910294472
200,38.900000000000006,0.7060887345986807
200,38.95,0.7068642483247113
200,39.0,0.70763963227603
200,39.050000000000004,0.7084148865206816
200,39.1,0.7091900111262693
200,39.150000000000006,0.7099650061599538
200,39.2,0.7107398716884585
200,39.25,0.7115146077780705
200,39.300000000000004,0.712289214494645
200,39.35,0.7130636919036047
200,39.400000000000006,0.713838040069946
200,39.45,0.7146122590582383
200,39.5,0.7153863489326283
200,39.550000000000004,0.7161603097568423
200,39.6,0.7169341415941876
200,39.650000000000006,0.7177078445075561
200,39.7,0.7184814185594252
200,39.75,0.7192548638118625
200,39.800000000000004,0.7200281803265259
200,39.85,0.7208013681646671
200,39.900000000000006,0.7215744273871335
200,39.95,0.7223473580543709
200,40.0,0.7231201602264257
200,40.050000000000004,0.7238928339629472
200,40.1,0.7246653793231893
200,40.150000000000006,0.7254377963660139
200,40.2,0.7262100851498924
200,40.25,0.7269822457329078
200,40.300000000000004,0.7277542781727567
200,40.35,0.7285261825267535
200,40.400000000000006,0.7292979588518299
200,40.45,0.7300696072045385
200,40.5,0.730841127641055
200,40.550000000000004,0.7316125202171802
200,40.6,0.7323837849883416
200,40.650000000000006,0.7331549220095969
200,40.7,0.7339259313356338
200,40.75,0.7346968130207754
200,40.800000000000004,0.7354675671189788
200,40.85,0.7362381936838395
200,40.900000000000006,0.7370086927685933
200,40.95,0.7377790644261167
200,41.0,0.738549308708931
200,41.050000000000004,0.7393194256692031
200,41.1,0.7400894153587476
200,41.150000000000006,0.7408592778290303
200,41.2,0.741629013131167
200,41.25,0.7423986213159293
200,41.300000000000004,0.7431681024337432
200,41.35,0.7439374565346941
200,41.400000000000006,0.7447066836685259
200,41.45,0.7454757838846444
200,41.5,0.7462447572321209
200,41.550000000000004,0.7470136037596893
200,41.6,0.7477823235157541
200,41.650000000000006,0.748550916548387
200,41.7,0.7493193829053321
200,41.75,0.750087722634006
200,41.800000000000004,0.7508559357815013
200,41.85,0.7516240223945866
200,41.900000000000006,0.7523919825197093
200,41.95,0.753159816202998
200,42.0,0.753927523490263
200,42.050000000000004,0.7546951044269992
200,42.1,0.7554625590583867
200,42.150000000000006,0.7562298874292948
200,42.2,0.7569970895842811
200,42.25,0.7577641655675947
200,42.300000000000004,0.758531115423178
200,42.35,0.7592979391946687
200,42.400000000000006,0.7600646369253998
200,42.45,0.7608312086584033
200,42.5,0.761597654436411
200,42.550000000000004,0.7623639743018568
200,42.6,0.7631301682968776
200,42.650000000000006,0.7638962364633151
200,42.7,0.7646621788427179
200,42.75,0.7654279954763434
200,42.800000000000004,0.7661936864051587
200,42.85,0.7669592516698424
200,42.900000000000006,0.7677246913107866
200,42.95,0.7684900053680987
200,43.0,0.7692551938816019
200,43.050000000000004,0.7700202568908386
200,43.1,0.7707851944350699
200,43.150000000000006,0.771550006553279
200,43.2,0.7723146932841718
200,43.25,0.7730792546661788
200,43.300000000000004,0.7738436907374561
200,43.35,0.7746080015358883
200,43.400000000000006,0.7753721870990883
200,43.45,0.7761362474644008
200,43.5,0.7769001826689016
200,43.550000000000004,0.7776639927494006
200,43.6,0.7784276777424433
200,43.650000000000006,0.7791912376843115
200,43.7,0.7799546726110255
200,43.75,0.7807179825583461
200,43.800000000000004,0.7814811675617739
200,43.85,0.7822442276565527
200,43.900000000000006,0.7830071628776709
200,43.95,0.7837699732598621
200,44.0,0.784532658837607
200,44.050000000000004,0.7852952196451352
200,44.1,0.786057655716425
200,44.150000000000006,0.7868199670852073
200,44.2,0.7875821537849655
200,44.25,0.7883442158489358
200,44.300000000000004,0.7891061533101126
200,44.35,0.789867966201244
200,44.400000000000006,0.7906296545548386
200,44.45,0.7913912184031643
200,44.5,0.7921526577782493
200,44.550000000000004,0.7929139727118846
200,44.6,0.7936751632356247
200,44.650000000000006,0.7944362293807901
200,44.7,0.7951971711784662
200,44.75,0.7959579886595074
200,44.800000000000004,0.7967186818545363
200,44.85,0.7974792507939467
200,44.900000000000006,0.7982396955079026
200,44.95,0.7990000160263425
200,45.0,0.7997602123789778
200,45.050000000000004,0.8005202845952971
200,45.1,0.801280232704564
200,45.150000000000006,0.8020400567358212
200,45.2,0.8027997567178905
200,45.25,0.8035593326793742
200,45.300000000000004,0.8043187846486559
200,45.35,0.8050781126539037
200,45.400000000000006,0.8058373167230682
200,45.45,0.8065963968838866
200,45.5,0.8073553531638832
200,45.550000000000004,0.8081141855903687
200,45.6,0.8088728941904444
200,45.650000000000006,0.8096314789910013
200,45.7,0.8103899400187222
200,45.75,0.8111482773000824
200,45.800000000000004,0.8119064908613512
200,45.85,0.8126645807285929
200,45.900000000000006,0.8134225469276681
200,45.95,0.8141803894842349
200,46.0,0.8149381084237496
200,46.050000000000004,0.8156957037714687
200,46.1,0.8164531755524496
200,46.150000000000006,0.8172105237915503
200,46.2,0.8179677485134341
200,46.25,0.8187248497425668
200,46.300000000000004,0.8194818275032205
200,46.35,0.8202386818194729
200,46.400000000000006,0.8209954127152103
200,46.45,0.8217520202141264
200,46.5,0.8225085043397258
200,46.550000000000004,0.8232648651153236
200,46.6,0.8240211025640465
200,46.650000000000006,0.8247772167088344
200,46.7,0.8255332075724406
200,46.75,0.8262890751774354
200,46.800000000000004,0.8270448195462029
200,46.85,0.827800440700946
200,46.900000000000006,0.8285559386636852
200,46.95,0.8293113134562606
200,47.0,0.8300665651003328
200,47.050000000000004,0.8308216936173829
200,47.1,0.8315766990287156
200,47.150000000000006,0.8323315813554585
200,47.2,0.8330863406185627
200,47.25,0.8338409768388063
200,47.300000000000004,0.8345954900367928
200,47.35,0.8353498802329539
200,47.400000000000006,0.8361041474475486
200,47.45,0.8368582917006663
200,47.5,0.8376123130122257
200,47.550000000000004,0.8383662114019792
200,47.6,0.8391199868895083
200,47.650000000000006,0.8398736394942304
200,47.7,0.8406271692353956
200,47.75,0.8413805761320898
200,47.800000000000004,0.8421338602032353
200,47.85,0.842887021467591
200,47.900000000000006,0.8436400599437538
200,47.95,0.8443929756501601
200,48.0,0.8451457686050862
200,48.050000000000004,0.8458984388266481
200,48.1,0.8466509863328048
200,48.150000000000006,0.8474034111413575
200,48.2,0.8481557132699508
200,48.25,0.8489078927360744
200,48.300000000000004,0.8496599495570617
200,48.35,0.8504118837500952
200,48.400000000000006,0.8511636953322016
200,48.45,0.8519153843202575
200,48.5,0.8526669507309874
200,48.550000000000004,0.8534183945809667
200,48.6,0.8541697158866205
200,48.650000000000006,0.8549209146642255
200,48.7,0.8556719909299111
200,48.75,0.8564229446996598
200,48.800000000000004,0.8571737759893087
200,48.85,0.8579244848145489
200,48.900000000000006,0.858675071190928
200,48.95,0.8594255351338499
200,49.0,0.8601758766585766
200,49.050000000000004,0.8609260957802269
200,49.1,0.8616761925137814
200,49.150000000000006,0.8624261668740767
200,49.2,0.8631760188758146
200,49.25,0.8639257485335554
200,49.300000000000004,0.8646753558617223
200,49.35,0.8654248408746031
200,49.400000000000006,0.8661742035863479
200,49.45,0.8669234440109723
200,49.5,0.8676725621623579
200,49.550000000000004,0.8684215580542519
200,49.6,0.8691704317002691
200,49.650000000000006,0.869919183113892
200,49.7,0.8706678123084723
200,49.75,0.8714163192972307
200,49.800000000000004,0.8721647040932582
200,49.85,0.8729129667095169
200,49.900000000000006,0.8736611071588408
200,49.95,0.8744091254539365
200,50.0,0.8751570216073834
200,50.050000000000004,0.8759047956316354
200,50.1,0.8766524475390209
200,50.150000000000006,0.8773999773417441
200,50.2,0.8781473850518853
200,50.25,0.8788946706814016
200,50.300000000000004,0.8796418342421282
200,50.35,0.8803888757457785
200,50.400000000000006,0.8811357952039452
200,50.45,0.8818825926281011
200,50.5,0.8826292680295982
200,50.550000000000004,0.8833758214196719
200,50.6,0.8841222528094387
200,50.650000000000006,0.8848685622098972
200,50.7,0.8856147496319301
200,50.75,0.8863608150863045
200,50.800000000000004,0.887106758583671
200,50.85,0.887852580134568
200,50.900000000000006,0.8885982797494173
200,50.95,0.8893438574385288
200,51.0,0.8900893132121018
200,51.050000000000004,0.8908346470802203
200,51.1,0.89157985905286
200,51.150000000000006,0.892324949139885
200,51.2,0.8930699173510493
200,51.25,0.8938147636959984
200,51.300000000000004,0.8945594881842696
200,51.35,0.8953040908252913
200,51.400000000000006,0.896048571628386
200,51.45,0.8967929306027689
200,51.5,0.8975371677575495
200,51.550000000000004,0.8982812831017319
200,51.6,0.8990252766442164
200,51.650000000000006,0.8997691483937986
200,51.7,0.9005128983591705
200,51.75,0.9012565265489229
200,51.800000000000004,0.9020000329715425
200,51.85,0.902743417635416
200,51.900000000000006,0.9034866805488293
200,51.95,0.904229821719967
200,52.0,0.9049728411569148
200,52.050000000000004,0.9057157388676603
200,52.1,0.9064585148600905
200,52.150000000000006,0.9072011691419971
200,52.2,0.9079437017210729
200,52.25,0.9086861126049146
200,52.300000000000004,0.9094284018010234
200,52.35,0.9101705693168042
200,52.400000000000006,0.910912615159568
200,52.45,0.9116545393365313
200,52.5,0.9123963418548163
200,52.550000000000004,0.9131380227214534
200,52.6,0.9138795819433795
200,52.650000000000006,0.9146210195274401
200,52.7,0.9153623354803886
200,52.75,0.916103529808889
200,52.800000000000004,0.9168446025195137
200,52.85,0.9175855536187463
200,52.900000000000006,0.9183263831129818
200,52.95,0.9190670910085246
200,53.0,0.9198076773115934
200,53.050000000000004,0.9205481420283188
200,53.1,0.9212884851647433
200,53.150000000000006,0.9220287067268252
200,53.2,0.9227688067204354
200,53.25,0.9235087851513601
200,53.300000000000004,0.9242486420253011
200,53.35,0.9249883773478749
200,53.400000000000006,0.9257279911246158
200,53.45,0.9264674833609741
200,53.5,0.9272068540623185
200,53.550000000000004,0.9279461032339336
200,53.6,0.9286852308810242
200,53.650000000000006,0.929424237008714
200,53.7,0.9301631216220458
200,53.75,0.9309018847259823
200,53.800000000000004,0.9316405263254072
200,53.85,0.9323790464251244
200,53.900000000000006,0.9331174450298604
200,53.95,0.9338557221442624
200,54.0,0.9345938777729016
200,54.050000000000004,0.9353319119202719
200,54.1,0.936069824590789
200,54.150000000000006,0.9368076157887959
200,54.2,0.9375452855185569
200,54.25,0.9382828337842632
200,54.300000000000004,0.9390202605900312
200,54.35,0.9397575659399022
200,54.400000000000006,0.9404947498378455
200,54.45,0.9412318122877572
200,54.5,0.9419687532934586
200,54.550000000000004,0.9427055728587026
200,54.6,0.9434422709871668
200,54.650000000000006,0.9441788476824597
200,54.7,0.9449153029481193
200,54.75,0.945651636787612
200,54.800000000000004,0.9463878492043359
200,54.85,0.9471239402016184
200,54.900000000000006,0.9478599097827194
200,54.95,0.9485957579508288
200,55.0,0.9493314847090703
200,55.050000000000004,0.9500670900604989
200,55.1,0.950802574008103
200,55.150000000000006,0.9515379365548048
200,55.2,0.952273177703459
200,55.25,0.9530082974568564
200,55.300000000000004,0.9537432958177212
200,55.35,0.9544781727887134
200,55.400000000000006,0.9552129283724285
200,55.45,0.9559475625713976
200,55.5,0.9566820753880892
200,55.550000000000004,0.9574164668249079
200,55.6,0.9581507368841955
200,55.650000000000006,0.9588848855682326
200,55.7,0.9596189128792377
200,55.75,0.9603528188193663
200,55.800000000000004,0.9610866033907148
200,55.85,0.9618202665953188
200,55.900000000000006,0.962553808435153
200,55.95,0.9632872289121329
200,56.0,0.9640205280281144
200,56.050000000000004,0.9647537057848949
200,56.1,0.9654867621842128
200,56.150000000000006,0.9662196972277488
200,56.2,0.9669525109171255
200,56.25,0.9676852032539087
200,56.300000000000004,0.9684177742396071
200,56.35,0.969150223875673
200,56.400000000000006,0.9698825521635018
200,56.45,0.9706147591044348
200,56.5,0.9713468446997564
200,56.550000000000004,0.9720788089506972
200,56.6,0.9728106518584329
200,56.650000000000006,0.9735423734240847
200,56.7,0.97427397364872
200,56.75,0.9750054525333538
200,56.800000000000004,0.9757368100789472
200,56.85,0.9764680462864087
200,56.900000000000006,0.9771991611565949
200,56.95,0.9779301546903106
200,57.0,0.9786610268883086
200,57.050000000000004,0.9793917777512916
200,57.1,0.98012240727991
200,57.150000000000006,0.9808529154747649
200,57.2,0.9815833023364074
200,57.25,0.9823135678653387
200,57.300000000000004,0.9830437120620099
200,57.35,0.9837737349268251
200,57.400000000000006,0.9845036364601379
200,57.45,0.985233416662255
200,57.5,0.9859630755334342
200,57.550000000000004,0.9866926130738862
200,57.6,0.9874220292837751
200,57.650000000000006,0.9881513241632183
200,57.7,0.9888804977122848
200,57.75,0.9896095499309997
200,57.800000000000004,0.9903384808193416
200,57.85,0.9910672903772436
200,57.900000000000006,0.9917959786045929
200,57.95,0.9925245455012341
200,58.0,0.9932529910669654
200,58.050000000000004,0.9939813153015415
200,58.1,0.9947095182046735
200,58.150000000000006,0.9954375997760292
200,58.2,0.9961655600152337
200,58.25,0.9968933989218689
200,58.300000000000004,0.9976211164954738
200,58.35,0.9983487127355462
200,58.400000000000006,0.9990761876415417
200,58.45,0.9998035412128744
200,58.5,1.0005307734489184
200,58.550000000000004,1.0012578843490054
200,58.6,1.0019848739124275
200,58.650000000000006,1.0027117421384362
200,58.7,1.0034384890262442
200,58.75,1.0041651145750234
200,58.800000000000004,1.004891618783908
200,58.85,1.0056180016519911
200,58.900000000000006,1.0063442631783304
200,58.95,1.0070704033619422
200,59.0,1.0077964222018063
200,59.050000000000004,1.0085223196968651
200,59.1,1.0092480958460228
200,59.150000000000006,1.0099737506481479
200,59.2,1.0106992841020703
200,59.25,1.0114246962065854
200,59.300000000000004,1.012149986960451
200,59.35,1.01287515636239
200,59.400000000000006,1.013600204411089
200,59.45,1.0143251311051995
200,59.5,1.0150499364433394
200,59.550000000000004,1.0157746204240894
200,59.6,1.0164991830459982
200,59.650000000000006,1.017223624307579
200,59.7,1.017947944207312
200,59.75,1.0186721427436434
200,59.800000000000004,1.0193962199149866
200,59.85,1.0201201757197214
200,59.900000000000006,1.0208440101561955
200,59.95,1.0215677232227243
200,60.0,1.0222913149175903
200,60.050000000000004,1.023014785239046
200,60.1,1.0237381341853093
200,60.150000000000006,1.0244613617545706
200,60.2,1.0251844679449857
200,60.25,1.0259074527546828
200,60.300000000000004,1.026630316181757
200,60.35,1.0273530582242751
200,60.400000000000006,1.0280756788802732
200,60.45,1.028798178147758
200,60.5,1.029520556024707
200,60.550000000000004,1.0302428125090677
200,60.6,1.03096494759876
200,60.650000000000006,1.0316869612916737
200,60.7,1.032408853585673
200,60.75,1.0331306244785896
200,60.800000000000004,1.0338522739682328
200,60.85,1.0345738020523796
200,60.900000000000006,1.0352952087287828
200,60.95,1.036016493995167
200,61.0,1.0367376578492298
200,61.050000000000004,1.0374587002886428
200,61.1,1.038179621311051
200,61.150000000000006,1.0389004209140738
200,61.2,1.0396210990953043
200,61.25,1.0403416558523106
200,61.300000000000004,1.0410620911826356
200,61.35,1.041782405083796
200,61.400000000000006,1.0425025975532856
200,61.45,1.0432226685885717
200,61.5,1.0439426181870985
200,61.550000000000004,1.0446624463462866
200,61.6,1.0453821530635306
200,61.650000000000006,1.046101738336205
200,61.7,1.046821202161658
200,61.75,1.0475405445372155
200,61.800000000000004,1.0482597654601804
200,61.85,1.0489788649278344
200,61.900000000000006,1.0496978429374348
200,61.95,1.0504166994862185
200,62.0,1.0511354345713988
200,62.050000000000004,1.051854048190168
200,62.1,1.0525725403396975
200,62.150000000000006,1.0532909110171376
200,62.2,1.0540091602196158
200,62.25,1.0547272879442409
200,62.300000000000004,1.0554452941880998
200,62.35,1.0561631789482595
200,62.400000000000006,1.056880942221767
200,62.45,1.0575985840056492
200,62.5,1.0583161042969136
200,62.550000000000004,1.059033503092548
200,62.6,1.0597507803895205
200,62.650000000000006,1.060467936184781
200,62.7,1.0611849704752607
200,62.75,1.0619018832578713
200,62.800000000000004,1.0626186745295068
200,62.85,1.0633353442870428
200,62.900000000000006,1.0640518925273361
200,62.95,1.0647683192472284
200,63.0,1.0654846244435414
200,63.050000000000004,1.0662008081130798
200,63.1,1.066916870252632
200,63.150000000000006,1.0676328108589692
200,63.2,1.0683486299288454
200,63.25,1.0690643274589988
200,63.300000000000004,1.069779903446151
200,63.35,1.0704953578870078
200,63.400000000000006,1.0712106907782584
200,63.45,1.0719259021165772
200,63.5,1.0726409918986226
200,63.550000000000004,1.0733559601210372
200,63.6,1.0740708067804503
200,63.650000000000006,1.0747855318734743
200,63.7,1.0755001353967082
200,63.75,1.0762146173467362
200,63.800000000000004,1.0769289777201276
200,63.85,1.0776432165134384
200,63.900000000000006,1.0783573337232109
200,63.95,1.0790713293459724
200,64.0,1.0797852033782376
200,64.05,1.080498955816508
200,64.10000000000001,1.0812125866572717
200,64.15,1.081926095897004
200,64.2,1.0826394835321667
200,64.25,1.0833527495592103
200,64.3,1.0840658939745715
200,64.35000000000001,1.084778916774676
200,64.4,1.0854918179559367
200,64.45,1.0862045975147552
200,64.5,1.0869172554475206
200,64.55,1.0876297917506117
200,64.60000000000001,1.0883422064203954
200,64.65,1.0890544994532267
200,64.7,1.0897666708454519
200,64.75,1.0904787205934032
200,64.8,1.0911906486934053
200,64.85000000000001,1.0919024551417715
200,64.9,1.092614139934804
200,64.95,1.093325703068796
200,65.0,1.09403714454003
200,65.05,1.09474846434478
200,65.10000000000001,1.095459662479309
200,65.15,1.096170738939871
200,65.2,1.096881693722713
200,65.25,1.0975925268240687
200,65.3,1.098303238240167
200,65.35000000000001,1.099013827967226
200,65.4,1.0997242960014553
200,65.45,1.1004346423390576
200,65.5,1.1011448669762254
200,65.55,1.1018549699091453
200,65.60000000000001,1.102564951133994
200,65.65,1.1032748106469419
200,65.7,1.1039845484441513
200,65.75,1.104694164521778
200,65.8,1.1054036588759688
200,65.85000000000001,1.1061130315028649
200,65.9,1.1068222823986003
200,65.95,1.1075314115593022
200,66.0,1.108240418981091
200,66.05,1.108949304660082
200,66.10000000000001,1.109658068592382
200,66.15,1.1103667107740933
200,66.2,1.1110752312013124
200,66.25,1.1117836298701278
200,66.3,1.1124919067766261
200,66.35000000000001,1.1132000619168856
200,66.4,1.1139080952869795
200,66.45,1.1146160068829762
200,66.5,1.115323796700941
200,66.55,1.1160314647369305
200,66.60000000000001,1.1167390109869995
200,66.65,1.1174464354471976
200,66.7,1.1181537381135689
200,66.75,1.1188609189821552
200,66.8,1.1195679780489922
200,66.85000000000001,1.1202749153101126
200,66.9,1.1209817307615455
200,66.95,1.1216884243993153
200,67.0,1.1223949962194437
200,67.05,1.1231014462179485
200,67.10000000000001,1.1238077743908448
200,67.15,1.1245139807341442
200,67.2,1.1252200652438555
200,67.25,1.125926027915984
200,67.3,1.1266318687465333
200,67.35000000000001,1.1273375877315033
200,67.4,1.128043184866893
200,67.45,1.1287486601486971
200,67.5,1.1294540135729105
200,67.55,1.130159245135524
200,67.60000000000001,1.1308643548325281
200,67.65,1.1315693426599103
200,67.7,1.1322742086136564
200,67.75,1.1329789526897527
200,67.8,1.1336835748841823
200,67.85000000000001,1.134388075192927
200,67.9,1.1350924536119689
200,67.95,1.135796710137288
200,68.0,1.1365008447648643
200,68.05,1.1372048574906757
200,68.10000000000001,1.1379087483107018
200,68.15,1.1386125172209198
200,68.2,1.139316164217307
200,68.25,1.140019689295842
200,68.3,1.140723092452501
200,68.35000000000001,1.1414263736832615
200,68.4,1.1421295329841024
200,68.45,1.142832570351
200,68.5,1.143535485779934
200,68.55,1.1442382792668833
200,68.60000000000001,1.1449409508078272
200,68.65,1.145643500398747
200,68.7,1.1463459280356239
200,68.75,1.1470482337144403
200,68.8,1.1477504174311801
200,68.85000000000001,1.1484524791818287
200,68.9,1.149154418962373
200,68.95,1.1498562367688
200,69.0,1.1505579325971007
200,69.05,1.1512595064432665
200,69.10000000000001,1.1519609583032902
200,69.15,1.1526622881731672
200,69.2,1.153363496048896
200,69.25,1.1540645819264768
200,69.3,1.154765545801911
200,69.35000000000001,1.1554663876712037
200,69.4,1.156167107530363
200,69.45,1.1568677053753975
200,69.5,1.1575681812023217
200,69.55,1.1582685350071507
200,69.60000000000001,1.1589687667859034
200,69.65,1.1596688765346026
200,69.7,1.1603688642492729
200,69.75,1.161068729925944
200,69.8,1.1617684735606473
200,69.85000000000001,1.1624680951494188
200,69.9,1.1631675946882991
200,69.95,1.1638669721733306
200,70.0,1.164566227600561
200,70.05,1.1652653609660415
200,70.10000000000001,1.1659643722658284
200,70.15,1.1666632614959809
200,70.2,1.1673620286525628
200,70.25,1.168060673731644
200,70.3,1.1687591967292963
200,70.35000000000001,1.1694575976415986
200,70.4,1.170155876464634
200,70.45,1.170854033194488
200,70.5,1.1715520678272553
200,70.55,1.1722499803590318
200,70.60000000000001,1.172947770785922
200,70.65,1.1736454391040327
200,70.7,1.1743429853094784
200,70.75,1.1750404093983766
200,70.8,1.1757377113668537
200,70.85000000000001,1.1764348912110387
200,70.9,1.177131948927068
200,70.95,1.1778288845110831
200,71.0,1.178525697959233
200,71.05,1.1792223892676705
200,71.10000000000001,1.1799189584325567
200,71.15,1.1806154054500575
200,71.2,1.181311730316346
200,71.25,1.1820079330276008
200,71.3,1.1827040135800093
200,71.35000000000001,1.1833999719697619
200,71.4,1.1840958081930595
200,71.45,1.1847915222461078
200,71.5,1.185487114125119
200,71.55,1.186182583826314
200,71.60000000000001,1.1868779313459203
200,71.65,1.187573156680171
200,71.7,1.188268259825309
200,71.75,1.188963240777583
200,71.8,1.1896580995332486
200,71.85000000000001,1.190352836088572
200,71.9,1.1910474504398234
200,71.95,1.1917419425832823
200,72.0,1.1924363125152369
200,72.05,1.1931305602319828
200,72.10000000000001,1.193824685729822
200,72.15,1.1945186890050672
200,72.2,1.1952125700540372
200,72.25,1.1959063288730605
200,72.3,1.1965999654584727
200,72.35000000000001,1.1972934798066197
200,72.4,1.1979868719138536
200,72.45,1.1986801417765367
200,72.5,1.1993732893910398
200,72.55,1.2000663147537423
200,72.60000000000001,1.2007592178610322
200,72.65,1.2014519987093066
200,72.7,1.202144657294972
200,72.75,1.2028371936144433
200,72.8,1.2035296076641457
200,72.85000000000001,1.2042218994405132
200,72.9,1.2049140689399878
200,72.95,1.2056061161590235
200,73.0,1.2062980410940813
200,73.05,1.206989843741634
200,73.10000000000001,1.2076815240981624
200,73.15,1.2083730821601584
200,73.2,1.209064517924122
200,73.25,1.2097558313865648
200,73.3,1.2104470225440078
200,73.35000000000001,1.2111380913929823
200,73.4,1.2118290379300287
200,73.45,1.212519862151699
200,73.5,1.2132105640545547
200,73.55,1.213901143635168
200,73.60000000000001,1.2145916008901219
200,73.65,1.2152819358160085
200,73.7,1.2159721484094315
200,73.75,1.2166622386670063
200,73.8,1.2173522065853575
200,73.85000000000001,1.218042052161121
200,73.9,1.2187317753909437
200,73.95,1.2194213762714832
200,74.0,1.2201108547994086
200,74.05,1.2208002109713996
200,74.10000000000001,1.221489444784148
200,74.15,1.2221785562343546
200,74.2,1.2228675453187348
200,74.25,1.2235564120340139
200,74.3,1.2242451563769268
200,74.35000000000001,1.2249337783442233
200,74.4,1.2256222779326627
200,74.45,1.2263106551390162
200,74.5,1.2269989099600662
200,74.55,1.2276870423926094
200,74.60000000000001,1.2283750524334518
200,74.65,1.229062940079411
200,74.7,1.2297507053273207
200,74.75,1.2304383481740215
200,74.8,1.2311258686163693
200,74.85000000000001,1.231813266651231
200,74.9,1.2325005422754869
200,74.95,1.2331876954860284
200,75.0,1.2338747262797598
200,75.05,1.2345616346535988
200,75.10000000000001,1.2352484206044734
200,75.15,1.2359350841293262
200,75.2,1.2366216252251128
200,75.25,1.2373080438887993
200,75.3,1.2379943401173656
200,75.35000000000001,1.238680513907806
200,75.4,1.2393665652571266
200,75.45,1.2400524941623448
200,75.5,1.240738300620494
200,75.55,1.2414239846286188
200,75.60000000000001,1.2421095461837774
200,75.65,1.2427949852830418
200,75.7,1.2434803019234961
200,75.75,1.244165496102239
200,75.8,1.2448505678163824
200,75.85000000000001,1.2455355170630509
200,75.9,1.2462203438393828
200,75.95,1.2469050481425306
200,76.0,1.24758962996966
200,76.05,1.248274089317951
200,76.10000000000001,1.2489584261845958
200,76.15,1.2496426405668029
200,76.2,1.2503267324617928
200,76.25,1.2510107018668004
200,76.3,1.2516945487790747
200,76.35000000000001,1.2523782731958786
200,76.4,1.2530618751144886
200,76.45,1.2537453545321973
200,76.5,1.2544287114463086
200,76.55,1.255111945854144
200,76.60000000000001,1.2557950577530366
200,76.65,1.2564780471403343
200,76.7,1.2571609140134012
200,76.75,1.2578436583696146
200,76.80000000000001,1.2585262802063657
200,76.85000000000001,1.2592087795210616
200,76.9,1.2598911563111228
200,76.95,1.260573410573986
200,77.0,1.2612555423071021
200,77.05000000000001,1.2619375515079363
200,77.10000000000001,1.2626194381739682
200,77.15,1.2633012023026935
200,77.2,1.2639828438916234
200,77.25,1.2646643629382819
200,77.30000000000001,1.2653457594402095
200,77.35000000000001,1.2660270333949617
200,77.4,1.2667081848001098
200,77.45,1.267389213653239
200,77.5,1.2680701199519504
200,77.55000000000001,1.2687509036938605
200,77.60000000000001,1.2694315648766017
200,77.65,1.2701121034978196
200,77.7,1.2707925195551786
200,77.75,1.271472813046356
200,77.80000000000001,1.272152983969046
200,77.85000000000001,1.2728330323209571
200,77.9,1.2735129580998155
200,77.95,1.274192761303361
200,78.0,1.2748724419293505
200,78.05000000000001,1.2755519999755556
200,78.10000000000001,1.2762314354397661
200,78.15,1.2769107483197846
200,78.2,1.277589938613431
200,78.25,1.278269006318542
200,78.30000000000001,1.278947951432969
200,78.35000000000001,1.2796267739545797
200,78.4,1.2803054738812594
200,78.45,1.2809840512109074
200,78.5,1.2816625059414408
200,78.55000000000001,1.2823408380707926
200,78.60000000000001,1.283019047596911
200,78.65,1.2836971345177621
200,78.7,1.2843750988313276
200,78.75,1.285052940535606
200,78.80000000000001,1.2857306596286113
200,78.85000000000001,1.2864082561083752
200,78.9,1.2870857299729455
200,78.95,1.2877630812203869
200,79.0,1.2884403098487793
200,79.05000000000001,1.2891174158562217
200,79.10000000000001,1.2897943992408276
200,79.15,1.2904712600007286
200,79.2,1.2911479981340725
200,79.25,1.2918246136390246
200,79.30000000000001,1.2925011065137657
200,79.35000000000001,1.2931774767564959
200,79.4,1.2938537243654296
200,79.45,1.2945298493387993
200,79.5,1.2952058516748557
200,79.55000000000001,1.2958817313718647
200,79.60000000000001,1.2965574884281108
200,79.65,1.297233122841895
200,79.7,1.297908634611535
200,79.75,1.2985840237353663
200,79.80000000000001,1.2992592902117426
200,79.85000000000001,1.2999344340390329
200,79.9,1.300609455215625
200,79.95,1.3012843537399246
200,80.0,1.3019591296103523
200,80.05000000000001,1.3026337828253494
200,80.10000000000001,1.3033083133833723
200,80.15,1.3039827212828956
200,80.2,1.3046570065224121
200,80.25,1.305331169100432
200,80.30000000000001,1.3060052090154826
200,80.35000000000001,1.306679126266109
200,80.4,1.307352920850874
200,80.45,1.3080265927683594
200,80.5,1.3087001420171624
200,80.55000000000001,1.3093735685959003
200,80.60000000000001,1.3100468725032075
200,80.65,1.3107200537377355
200,80.7,1.3113931122981548
200,80.75,1.3120660481831528
200,80.80000000000001,1.3127388613914364
200,80.85000000000001,1.3134115519217284
200,80.9,1.3140841197727724
200,80.95,1.3147565649433275
200,81.0,1.3154288874321725
200,81.05000000000001,1.3161010872381038
200,81.10000000000001,1.3167731643599363
200,81.15,1.3174451187965026
200,81.2,1.3181169505466537
200,81.25,1.3187886596092597
200,81.30000000000001,1.3194602459832079
200,81.35000000000001,1.3201317096674041
200,81.4,1.3208030506607737
200,81.45,1.321474268962259
200,81.5,1.3221453645708212
200,81.55000000000001,1.3228163374854403
200,81.60000000000001,1.3234871877051149
200,81.65,1.3241579152288627
200,81.7,1.3248285200557175
200,81.75,1.3254990021847344
200,81.80000000000001,1.3261693616149852
200,81.85000000000001,1.326839598345562
200,81.9,1.327509712375575
200,81.95,1.3281797037041523
200,82.0,1.3288495723304419
200,82.05000000000001,1.3295193182536098
200,82.10000000000001,1.3301889414728412
200,82.15,1.3308584419873393
200,82.2,1.3315278197963276
200,82.25,1.3321970748990477
200,82.30000000000001,1.3328662072947592
200,82.35000000000001,1.3335352169827428
200,82.4,1.3342041039622965
200,82.45,1.3348728682327375
200,82.5,1.3355415097934027
200,82.55000000000001,1.3362100286436467
200,82.60000000000001,1.3368784247828447
200,82.65,1.3375466982103905
200,82.7,1.3382148489256969
200,82.75,1.338882876928196
200,82.80000000000001,1.3395507822173385
200,82.85000000000001,1.3402185647925944
200,82.9,1.3408862246534539
200,82.95,1.3415537617994258
200,83.0,1.3422211762300378
200,83.05000000000001,1.3428884679448376
200,83.10000000000001,1.3435556369433925
200,83.15,1.3442226832252875
200,83.2,1.344889606790129
200,83.25,1.3455564076375413
200,83.30000000000001,1.3462230857671693
200,83.35000000000001,1.3468896411786755
200,83.4,1.3475560738717447
200,83.45,1.348222383846079
200,83.5,1.3488885711014005
200,83.55000000000001,1.3495546356374506
200,83.60000000000001,1.3502205774539917
200,83.65,1.3508863965508042
200,83.7,1.3515520929276892
200,83.75,1.3522176665844658
200,83.80000000000001,1.352883117520975
200,83.85000000000001,1.353548445737076
200,83.9,1.3542136512326475
200,83.95,1.3548787340075892
200,84.0,1.35554369406182
200,84.05000000000001,1.3562085313952776
200,84.10000000000001,1.356873246007921
200,84.15,1.3575378378997278
200,84.2,1.3582023070706963
200,84.25,1.3588666535208451
200,84.30000000000001,1.3595308772502097
200,84.35000000000001,1.3601949782588496
200,84.4,1.360858956546842
200,84.45,1.3615228121142837
200,84.5,1.3621865449612922
200,84.55000000000001,1.362850155088005
200,84.60000000000001,1.3635136424945793
200,84.65,1.3641770071811932
200,84.7,1.3648402491480434
200,84.75,1.3655033683953475
200,84.80000000000001,1.3661663649233424
200,84.85000000000001,1.3668292387322873
200,84.9,1.3674919898224587
200,84.95,1.368154618194155
200,85.0,1.3688171238476934
200,85.05000000000001,1.3694795067834136
200,85.10000000000001,1.3701417670016722
200,85.15,1.3708039045028488
200,85.2,1.371465919287342
200,85.25,1.3721278113555713
200,85.30000000000001,1.3727895807079755
200,85.35000000000001,1.3734512273450143
200,85.4,1.374112751267167
200,85.45,1.3747741524749342
200,85.5,1.3754354309688366
200,85.55000000000001,1.3760965867494148
200,85.60000000000001,1.3767576198172309
200,85.65,1.3774185301728645
200,85.7,1.3780793178169195
200,85.75,1.3787399827500173
200,85.80000000000001,1.379400524972801
200,85.85000000000001,1.3800609444859335
200,85.9,1.3807212412900993
200,85.95,1.3813814153860016
200,86.0,1.382041466774366
200,86.05000000000001,1.3827013954559362
200,86.10000000000001,1.3833612014314796
200,86.15,1.3840208847017819
200,86.2,1.3846804452676498
200,86.25,1.38533988312991
200,86.30000000000001,1.3859991982894113
200,86.35000000000001,1.386658390747022
200,86.4,1.387317460503631
200,86.45,1.3879764075601482
200,86.5,1.3886352319175037
200,86.55000000000001,1.3892939335766488
200,86.60000000000001,1.3899525125385557
200,86.65,1.3906109688042163
200,86.7,1.3912693023746436
200,86.75,1.3919275132508717
200,86.80000000000001,1.3925856014339546
200,86.85000000000001,1.3932435669249683
200,86.9,1.3939014097250084
200,86.95,1.3945591298351911
200,87.0,1.395216727256655
200,87.05000000000001,1.3958742019905577
200,87.10000000000001,1.396531554038079
200,87.15,1.3971887834004175
200,87.2,1.397845890078795
200,87.25,1.3985028740744536
200,87.30000000000001,1.3991597353886547
200,87.35000000000001,1.3998164740226817
200,87.4,1.4004730899778388
200,87.45,1.4011295832554524
200,87.5,1.4017859538568667
200,87.55000000000001,1.402442201783449
200,87.60000000000001,1.403098327036588
200,87.65,1.4037543296176904
200,87.7,1.404410209528188
200,87.75,1.4050659667695309
200,87.80000000000001,1.4057216013431901
200,87.85000000000001,1.4063771132506588
200,87.9,1.407032502493449
200,87.95,1.4076877690730973
200,88.0,1.4083429129911578
200,88.05000000000001,1.408997934249208
200,88.10000000000001,1.4096528328488451
200,88.15,1.410307608791687
200,88.2,1.4109622620793743
200,88.25,1.4116167927135677
200,88.30000000000001,1.4122712006959484
200,88.35000000000001,1.4129254860282197
200,88.4,1.413579648712106
200,88.45,1.4142336887493503
200,88.5,1.4148876061417215
200,88.55000000000001,1.415541400891005
200,88.60000000000001,1.41619507299901
200,88.65,1.4168486224675658
200,88.7,1.417502049298523
200,88.75,1.4181553534937534
200,88.80000000000001,1.4188085350551496
200,88.85000000000001,1.419461593984627
200,88.9,1.4201145302841194
200,88.95,1.420767343955584
200,89.0,1.4214200350009984
200,89.05000000000001,1.4220726034223612
200,89.10000000000001,1.4227250492216934
200,89.15,1.423377372401035
200,89.2,1.4240295729624497
200,89.25,1.4246816509080202
200,89.30000000000001,1.425333606239853
200,89.35000000000001,1.425985438960072
200,89.4,1.426637149070827
200,89.45,1.4272887365742852
200,89.5,1.427940201472637
200,89.55000000000001,1.4285915437680945
200,89.60000000000001,1.4292427634628897
200,89.65,1.4298938605592755
200,89.7,1.4305448350595287
200,89.75,1.4311956869659446
200,89.80000000000001,1.4318464162808415
200,89.85000000000001,1.4324970230065583
200,89.9,1.4331475071454551
200,89.95,1.433797868699914
200,90.0,1.4344481076723379
200,90.05000000000001,1.4350982240651515
200,90.10000000000001,1.4357482178807992
200,90.15,1.43639808912175
200,90.2,1.4370478377904914
200,90.25,1.4376974638895323
200,90.30000000000001,1.4383469674214056
200,90.35000000000001,1.4389963483886623
200,90.4,1.4396456067938779
200,90.45,1.440294742639646
200,90.5,1.4409437559285836
200,90.55000000000001,1.4415926466633298
200,90.60000000000001,1.4422414148465434
200,90.65,1.4428900604809047
200,90.7,1.4435385835691168
200,90.75,1.444186984113903
200,90.80000000000001,1.4448352621180085
200,90.85000000000001,1.4454834175841995
200,90.9,1.4461314505152638
200,90.95,1.4467793609140114
200,91.0,1.4474271487832724
200,91.05000000000001,1.4480748141259001
200,91.10000000000001,1.448722356944767
200,91.15,1.449369777242768
200,91.2,1.4500170750228205
200,91.25,1.4506642502878622
200,91.30000000000001,1.451311303040853
200,91.35000000000001,1.451958233284773
200,91.4,1.4526050410226246
200,91.45,1.4532517262574327
200,91.5,1.4538982889922405
200,91.55000000000001,1.4545447292301168
200,91.60000000000001,1.455191046974149
200,91.65,1.4558372422274464
200,91.7,1.4564833149931409
200,91.75,1.4571292652743846
200,91.80000000000001,1.4577750930743523
200,91.85000000000001,1.458420798396239
200,91.9,1.4590663812432616
200,91.95,1.45971184161866
200,92.0,1.4603571795256929
200,92.05000000000001,1.4610023949676423
200,92.10000000000001,1.4616474879478114
200,92.15,1.4622924584695252
200,92.2,1.4629373065361286
200,92.25,1.4635820321509911
200,92.30000000000001,1.4642266353174995
200,92.35000000000001,1.464871116039066
200,92.4,1.4655154743191223
200,92.45,1.4661597101611208
200,92.5,1.4668038235685388
200,92.55000000000001,1.467447814544872
200,92.60000000000001,1.4680916830936375
200,92.65,1.4687354292183767
200,92.7,1.4693790529226498
200,92.75,1.4700225542100391
200,92.80000000000001,1.4706659330841496
200,92.85000000000001,1.4713091895486063
200,92.9,1.4719523236070573
200,92.95,1.4725953352631709
200,93.0,1.4732382245206377
200,93.05000000000001,1.4738809913831687
200,93.10000000000001,1.4745236358544975
200,93.15,1.4751661579383792
200,93.2,1.47580855763859
200,93.25,1.4764508349589278
200,93.30000000000001,1.477092989903212
200,93.35000000000001,1.4777350224752837
200,93.4,1.4783769326790048
200,93.45,1.4790187205182606
200,93.5,1.4796603859969537
200,93.55000000000001,1.4803019291190143
200,93.60000000000001,1.48094334988839
200,93.65,1.4815846483090496
200,93.7,1.4822258243849853
200,93.75,1.4828668781202101
200,93.80000000000001,1.483507809518759
200,93.85000000000001,1.4841486185846882
200,93.9,1.484789305322075
200,93.95,1.4854298697350183
200,94.0,1.4860703118276386
200,94.05000000000001,1.4867106316040786
200,94.10000000000001,1.4873508290685022
200,94.15,1.4879909042250934
200,94.2,1.4886308570780602
200,94.25,1.48927068763163
200,94.30000000000001,1.4899103958900526
200,94.35000000000001,1.4905499818575993
200,94.4,1.4911894455385624
200,94.45,1.491828786937257
200,94.5,1.4924680060580182
200,94.55000000000001,1.4931071029052032
200,94.60000000000001,1.4937460774831903
200,94.65,1.4943849297963803
200,94.7,1.4950236598491948
200,94.75,1.495662267646077
200,94.80000000000001,1.4963007531914911
200,94.85000000000001,1.4969391164899242
200,94.9,1.4975773575458826
200,94.95,1.4982154763638964
200,95.0,1.498853472948516
200,95.05000000000001,1.4994913473043123
200,95.10000000000001,1.500129099435881
200,95.15,1.5007667293478348
200,95.2,1.5014042370448117
200,95.25,1.5020416225314692
200,95.30000000000001,1.502678885812487
200,95.35000000000001,1.5033160268925654
200,95.4,1.503953045776427
200,95.45,1.5045899424688152
200,95.5,1.5052267169744955
200,95.55000000000001,1.5058633692982544
200,95.60000000000001,1.5064998994449
200,95.65,1.507136307419262
200,95.7,1.5077725932261918
200,95.75,1.5084087568705609
200,95.80000000000001,1.5090447983572635
200,95.85000000000001,1.5096807176912148
200,95.9,1.5103165148773516
200,95.95,1.5109521899206322
200,96.0,1.5115877428260358
200,96.05000000000001,1.5122231735985627
200,96.10000000000001,1.5128584822432367
200,96.15,1.5134936687651006
200,96.2,1.5141287331692193
200,96.25,1.5147636754606801
200,96.30000000000001,1.51539849564459
200,96.35000000000001,1.5160331937260798
200,96.4,1.516667769710298
200,96.45,1.5173022236024183
200,96.5,1.5179365554076336
200,96.55000000000001,1.5185707651311589
200,96.60000000000001,1.5192048527782303
200,96.65,1.5198388183541052
200,96.7,1.520472661864062
200,96.75,1.5211063833134024
200,96.80000000000001,1.5217399827074467
200,96.85000000000001,1.522373460051538
200,96.9,1.523006815351041
200,96.95,1.5236400486113413
200,97.0,1.5242731598378452
200,97.05000000000001,1.5249061490359812
200,97.10000000000001,1.5255390162111993
200,97.15,1.52617176136897
200,97.2,1.5268043845147852
200,97.25,1.5274368856541582
200,97.30000000000001,1.528069264792625
200,97.35000000000001,1.5287015219357412
200,97.4,1.5293336570890823
200,97.45,1.5299656702582498
200,97.5,1.5305975614488618
200,97.55000000000001,1.5312293306665596
200,97.60000000000001,1.5318609779170063
200,97.65,1.5324925032058845
200,97.7,1.5331239065389008
200,97.75,1.53375518792178
200,97.80000000000001,1.5343863473602697
200,97.85000000000001,1.5350173848601385
200,97.9,1.5356483004271766
200,97.95,1.5362790940671955
200,98.0,1.5369097657860273
200,98.05000000000001,1.537540315589524
200,98.10000000000001,1.538170743483562
200,98.15,1.5388010494740367
200,98.2,1.5394312335668654
200,98.25,1.5400612957679867
200,98.30000000000001,1.5406912360833585
200,98.35000000000001,1.541321054518963
200,98.4,1.5419507510808015
200,98.45,1.5425803257748976
200,98.5,1.5432097786072945
200,98.55000000000001,1.543839109584057
200,98.60000000000001,1.5444683187112724
200,98.65,1.545097405995048
200,98.7,1.545726371441513
200,98.75,1.5463552150568158
200,98.80000000000001,1.5469839368471283
200,98.85000000000001,1.5476125368186422
200,98.9,1.548241014977571
200,98.95,1.5488693713301482
200,99.0,1.5494976058826295
200,99.05000000000001,1.5501257186412907
200,99.10000000000001,1.5507537096124293
200,99.15,1.5513815788023642
200,99.2,1.5520093262174344
200,99.25,1.5526369518640006
200,99.30000000000001,1.553264455748444
200,99.35000000000001,1.5538918378771684
200,99.4,1.554519098256596
200,99.45,1.555146236893172
200,99.5,1.5557732537933622
200,99.55000000000001,1.556400148963653
200,99.60000000000001,1.5570269224105522
200,99.65,1.557653574140588
200,99.7,1.5582801041603107
200,99.75,1.5589065124762906
200,99.80000000000001,1.559532799095119
200,99.85000000000001,1.5601589640234081
200,99.9,1.5607850072677918
200,99.95,1.5614109288349247
